"Data Source","World Development Indicators",

"Last Updated Date","2026-07-13",

"Country Name","Country Code","Indicator Name","Indicator Code","1960","1961","1962","1963","1964","1965","1966","1967","1968","1969","1970","1971","1972","1973","1974","1975","1976","1977","1978","1979","1980","1981","1982","1983","1984","1985","1986","1987","1988","1989","1990","1991","1992","1993","1994","1995","1996","1997","1998","1999","2000","2001","2002","2003","2004","2005","2006","2007","2008","2009","2010","2011","2012","2013","2014","2015","2016","2017","2018","2019","2020","2021","2022","2023","2024","2025",
"Aruba","ABW","Mortality rate, under-5 (per 1,000 live births)","SH.DYN.MORT","","","","","","","","","","","","","","","","","","","","","","","","","","","","","","","","","","","","","","","","","","","","","","","","","","","","","","","","","","","","","","","","","","",
"Africa Eastern and Southern","AFE","Mortality rate, under-5 (per 1,000 live births)","SH.DYN.MORT","","","","","","","","","","","","","","","","","","","","","","","","","","","","","","","165.106870393413","168.060458973167","167.257396381249","165.579845549725","161.221246102516","154.889649143691","158.392958171473","154.421041379841","155.37136193317","144.06860156476","138.905542047276","135.625994096863","127.205825419527","121.162607864068","116.029119197957","106.324608181285","99.9110205751859","94.6953490064832","89.6062041509218","85.0921790428166","81.9293217658242","83.5500388786075","75.1809855113981","71.3718833965859","70.8075544059449","69.7257641113397","68.3630285644492","67.7377996223608","63.4229471071232","61.4916357499261","60.6228105603126","63.1054754572995","63.2067883145526","59.3756488709871","57.2468824778745","",
"Afghanistan","AFG","Mortality rate, under-5 (per 1,000 live births)","SH.DYN.MORT","350.6","345.2","340.2","335","329.7","324.5","319.5","314.8","310","304.9","300","344.3","337.9","284.7","279.5","274.2","268.6","262.9","256.9","251.1","245.2","239","277","271.2","303.8","296","250.5","244.2","194.3","187.8","181.4","175.2","169.1","163.5","158.3","153.4","148.8","144.4","140.2","136","131.7","127.5","123.1","118.5","113.9","109.3","104.8","100.4","96.1","91.9","88","84.3","80.8","77.6","74.6","71.9","69.4","67.1","64.8","62.7","60.7","58.7","56.8","54.9","53","",
"Africa Western and Central","AFW","Mortality rate, under-5 (per 1,000 live births)","SH.DYN.MORT","","","","","","","","","","","","","","","","","","","","","","","","","","","","","","","197.22822149864","195.348106386842","193.688877079001","191.967064439638","190.047437787631","187.627512349529","184.751080185587","181.130405575091","176.875127924231","171.983950219399","166.597181522611","160.781319027226","154.90808166529","149.038744531491","143.427087874789","138.055291695204","133.167260085583","128.649851237291","124.411471397873","125.445488444603","117.476014195508","114.067745131608","111.214049041921","108.913498765347","107.620975614798","104.792583996923","103.14513535298","102.05803690267","100.218415291562","100.836050788105","97.6133123185047","97.2224382375747","99.2832976933984","93.1384625037946","91.2690063409207","",
"Angola","AGO","Mortality rate, under-5 (per 1,000 live births)","SH.DYN.MORT","","","","","","","","","","","","","","","","","","","","","232.8","228.8","225.5","222.1","219.3","217.3","215.6","214.6","213.8","213.2","212.7","212.6","212.4","212.1","211.4","209.9","207.3","203.5","198.4","192.2","185","176.3","166.4","155.5","143.7","131.5","119.8","109","99.2","90.7","83.4","77.2","72","67.9","64.5","61.8","59.6","57.9","56.5","55.3","54.2","53.2","51.9","50.5","49","",
"Albania","ALB","Mortality rate, under-5 (per 1,000 live births)","SH.DYN.MORT","","","","","","","","","","","","","","","","","","","96.6","88.8","81.6","75","68.9","63.6","58.8","54.6","50.9","47.7","45","42.6","40.6","38.8","37.3","36","34.7","33.5","32.2","30.9","29.6","28.3","27","25.6","24.3","22.9","21.4","20","18.5","17.1","15.8","14.5","13.3","12.2","11.2","10.5","9.9","9.6","9.4","9.3","9.3","9.4","9.4","9.5","9.4","9.4","9.2","",
"Andorra","AND","Mortality rate, under-5 (per 1,000 live births)","SH.DYN.MORT","","","","","","","","","","","","","","","","","","","","","","","","","","17.2","16.3","15.4","14.5","13.8","13","12.3","11.6","11","10.3","9.8","9.3","8.8","8.4","8","7.6","7.2","6.8","6.5","6.2","5.9","5.6","5.3","5","4.8","4.5","4.3","4.1","3.9","3.7","3.5","3.4","3.2","3.1","3","2.9","2.8","2.7","2.6","2.5","",
"Arab World","ARB","Mortality rate, under-5 (per 1,000 live births)","SH.DYN.MORT","","","","","","","","","","","","","","","","","","","","","","","","","","","","","","","85.4892254289005","89.9926907762657","86.0481756418765","83.3476883947066","73.1627755411867","71.1895653151424","69.1067672953067","67.0573126861073","70.2222915436138","63.0078817693328","61.0175247448248","59.1626436484532","57.3667985701484","55.5366067565137","55.4712517987444","53.7749415860122","50.2836850846917","48.3025318536282","46.471239953465","44.8441745490491","44.917359877498","53.8937199604241","43.2379757279856","40.0651107724651","38.966473325527","38.3264086280594","37.4469516814555","38.7097264210473","37.4834560622083","35.8477618830257","34.9116184492469","34.347184058652","36.0409343939478","35.0658387461088","33.7166587105093","",
"United Arab Emirates","ARE","Mortality rate, under-5 (per 1,000 live births)","SH.DYN.MORT","201.3","190.7","180.3","169.7","159","148","137.2","126.6","116.2","106.1","96.5","87.4","79.1","71.5","64.6","58.3","52.5","47.1","42.3","37.9","34","30.7","27.7","25.2","23.1","21.3","19.7","18.3","17.1","16.1","15.1","14.3","13.7","13.1","12.6","12.1","11.8","11.5","11.2","11","10.7","10.5","10.3","10.2","10","9.8","9.6","9.4","9.2","9","8.8","8.6","8.4","8.2","7.9","7.6","7.3","7","6.7","6.3","5.9","5.6","5.3","5","4.8","",
"Argentina","ARG","Mortality rate, under-5 (per 1,000 live births)","SH.DYN.MORT","","","","","","","","","","72.6","71.8","70.8","69.7","68.1","66.1","63.3","59.8","55.7","51.2","46.8","42.8","39.4","36.5","34.1","32.1","30.6","29.6","29.1","29","29","28.8","28.3","27.6","26.6","25.4","24.2","23","21.9","20.9","20","19.4","18.8","18.3","17.8","17.3","16.7","16.2","15.8","15.4","15","14.4","13.9","13.3","12.7","12.2","11.7","11.4","11","10.7","10.5","10.3","10.1","9.9","9.7","9.5","",
"Armenia","ARM","Mortality rate, under-5 (per 1,000 live births)","SH.DYN.MORT","","","","","","","","","","","","","","","","","87","83.4","80","76.7","73.6","70.6","67.7","65","62.4","59.9","57.5","55.2","101.6","50.8","48.7","46.6","44.6","42.6","40.7","38.8","37","35.3","33.7","32.1","30.6","29.1","27.7","26.4","25.1","23.9","22.7","21.6","20.6","19.6","18.7","17.8","16.9","16.1","15.4","14.7","14","13.3","12.7","12.1","11.6","11","10.5","10","9.6","",
"American Samoa","ASM","Mortality rate, under-5 (per 1,000 live births)","SH.DYN.MORT","","","","","","","","","","","","","","","","","","","","","","","","","","","","","","","","","","","","","","","","","","","","","","","","","","","","","","","","","","","","","","","","","","",
"Antigua and Barbuda","ATG","Mortality rate, under-5 (per 1,000 live births)","SH.DYN.MORT","82.6","77.4","71.8","65.9","60","54.1","48.6","43.6","39.2","35.4","32.2","29.6","27.4","25.6","24","22.5","21.1","19.7","18.4","17.1","16","15","14.2","13.6","13.2","12.9","12.8","12.9","13","13.2","13.6","13.9","14.3","14.7","15.1","15.4","15.5","15.5","15.4","15.2","14.9","14.6","14.3","13.9","13.6","13.3","13","12.7","12.5","12.2","12","11.8","11.6","11.4","11.2","11","10.8","10.7","10.5","10.3","10.1","9.8","9.6","9.3","9.1","",
"Australia","AUS","Mortality rate, under-5 (per 1,000 live births)","SH.DYN.MORT","24.9","24.3","23.7","23.2","22.7","22.3","22.1","22","21.9","21.7","21.5","21","20.3","19.4","18.4","17.3","16.2","15.2","14.4","13.6","13","12.5","12.2","11.9","11.6","11.3","11","10.6","10.2","9.7","9.2","8.7","8.2","7.7","7.3","7","6.8","6.6","6.4","6.3","6.2","6.1","6","5.9","5.8","5.7","5.6","5.4","5.2","5","4.8","4.5","4.3","4.1","4","3.9","3.8","3.8","3.8","3.8","3.8","3.7","3.7","3.7","3.6","",
"Austria","AUT","Mortality rate, under-5 (per 1,000 live births)","SH.DYN.MORT","42.8","40.3","38","35.9","34.2","32.7","31.5","30.5","29.8","29.4","29.1","28.7","27.9","26.7","25","23.1","21.2","19.5","18.1","17.1","16.3","15.5","14.7","14","13.3","12.6","11.9","11.2","10.5","10","9.5","9","8.5","7.9","7.4","6.8","6.4","6","5.8","5.6","5.5","5.4","5.3","5.2","5","4.9","4.8","4.6","4.5","4.4","4.3","4.2","4","3.9","3.8","3.7","3.6","3.6","3.5","3.5","3.4","3.4","3.3","3.3","3.3","",
"Azerbaijan","AZE","Mortality rate, under-5 (per 1,000 live births)","SH.DYN.MORT","","","","","","","","","","","","","","","","","","","","","","","110.6","108","105.3","102.9","100.5","98.6","97","95.9","95.4","95.4","95.5","95.6","95.1","93.8","91.5","88.1","84","79.3","74.3","69.3","64.4","59.9","55.8","52.1","48.7","45.7","42.9","40.2","37.8","35.5","33.4","31.4","29.6","27.9","26.5","25.1","23.8","22.7","21.5","20.5","19.6","18.7","17.9","",
"Burundi","BDI","Mortality rate, under-5 (per 1,000 live births)","SH.DYN.MORT","","","","","240.2","242","244.2","246.4","248","249.1","249.8","250","317.5","250.2","249.8","249.3","247.9","244.9","239.6","232.3","223.5","213.4","202.9","192.7","183.9","176.9","172","169.2","168.1","168.1","168.6","169.3","169.7","192.2","169.4","168.2","189.6","164.1","160.8","156.9","152.4","147.5","142.3","136.6","130.4","123.7","116.6","109.5","102.6","96.1","90.2","84.7","79.6","74.9","70.6","66.9","63.7","60.9","58.5","56.2","54.3","52.3","50.3","48.7","47.1","",
"Belgium","BEL","Mortality rate, under-5 (per 1,000 live births)","SH.DYN.MORT","33.9","32.5","31.2","30","28.9","27.9","27","26.3","25.5","24.8","23.9","23","21.9","20.8","19.6","18.6","17.6","16.7","15.9","15.2","14.5","13.9","13.3","12.7","12.2","11.8","11.4","11","10.7","10.3","10","9.6","9.2","8.7","8.2","7.6","7.2","6.7","6.4","6.1","5.9","5.7","5.5","5.3","5.2","5","4.9","4.8","4.7","4.6","4.5","4.4","4.3","4.2","4.1","4.1","4.1","4","4","3.9","3.9","3.8","3.8","3.7","3.7","",
"Benin","BEN","Mortality rate, under-5 (per 1,000 live births)","SH.DYN.MORT","307.6","302.8","298","292.9","287.8","282.6","277.7","273","268.3","264.1","259.7","255.3","250.7","245.9","240.9","235.9","230.6","225.5","220.6","215.8","211.3","207.1","203.1","199.1","195.3","191.3","187.4","183.5","179.4","175.4","171.2","167","163","159","155.2","151.5","148.1","144.8","141.5","138.3","135","131.7","128.5","125.4","122.5","119.7","117","114.4","112","109.7","107.4","105.1","102.9","100.6","98.4","96.1","94","91.8","89.4","87","84.6","82.2","79.6","77.2","74.7","",
"Burkina Faso","BFA","Mortality rate, under-5 (per 1,000 live births)","SH.DYN.MORT","343.1","339.1","335.5","332.1","328.7","325.7","322.7","320.1","317.5","314.5","311.4","307.8","303","296.9","289.2","280.1","270.1","260.5","251.5","243.6","236.7","230.9","225.8","221.2","216.7","212.2","207.9","203.8","200.5","198.1","196.6","195.7","195.3","194.6","193.7","192","189.6","186.7","183.4","179.8","176","171.9","167.3","162.3","156.8","150.8","144.4","138.1","132.1","126.5","121.3","116.6","112.3","108.2","104.3","100.8","97.4","94.1","91","88.1","85.1","82.4","79.8","77.4","74.9","",
"Bangladesh","BGD","Mortality rate, under-5 (per 1,000 live births)","SH.DYN.MORT","263.6","256.7","250.2","244.1","238.7","234.2","230.9","228.5","227.2","227","271","367","228.8","229.1","275.7","273","224.9","221.5","217.2","212.4","207.2","201.8","196.2","190.6","184.7","178.6","172.3","165.8","159.3","152.8","146.5","140.3","134.1","127.8","121.6","115.5","109.4","103.3","97.1","91.2","85.5","80.2","75.3","70.8","66.8","63","59.6","56.5","53.6","51.1","48.7","46.5","44.4","42.4","40.5","38.5","36.7","35","33.5","32.3","31.4","30.9","30.7","30.6","30.5","",
"Bulgaria","BGR","Mortality rate, under-5 (per 1,000 live births)","SH.DYN.MORT","54.6","48.9","44.3","41","38.7","37.4","36.8","36.4","35.6","34","32.3","31.1","30.2","29.6","29.1","28.6","27.9","27.1","26.1","25","23.8","23","22.2","21.5","20.6","19.7","18.8","18","17.7","17.9","18.4","18.8","19.1","19.3","19.2","19.2","19.3","19.3","19","18.3","17.5","16.7","16","15.1","14.2","13.3","12.5","11.9","11.4","11.1","10.9","10.4","9.9","9.3","8.7","8.2","7.7","7.3","7","6.7","6.5","6.3","6.1","5.9","5.7","",
"Bahrain","BHR","Mortality rate, under-5 (per 1,000 live births)","SH.DYN.MORT","197.6","181.3","166.2","152.1","138.9","126.8","115.6","105","95.3","86.4","78.1","70.7","64.1","58.2","53","48.5","44.6","41.2","38.2","35.5","33.1","31","29.2","27.6","26.3","25.2","24.4","23.8","23.4","23.2","23","22.7","22.1","21","19.7","18.2","16.6","15.2","14.1","13.2","12.5","12","11.6","11.3","11","10.6","10.3","9.8","9.4","9","8.6","8.3","8.1","7.9","7.8","7.7","7.6","7.7","7.7","7.8","8","8.2","8.4","8.6","8.8","",
"Bahamas, The","BHS","Mortality rate, under-5 (per 1,000 live births)","SH.DYN.MORT","","","","","","","","","29.4","29.8","30.3","30.7","31.1","31.3","31.4","31.3","31","30.7","30.3","29.9","29.5","29.1","28.7","28.4","28.2","27.8","27.3","26.5","25.5","24.5","23.3","22.3","21.2","20.2","19.3","18.4","17.6","16.9","16.4","16.2","16.2","16.3","16.5","16.7","16.8","16.9","16.8","16.5","16.2","15.8","15.4","15.1","14.7","14.4","14.2","14","13.8","13.7","13.5","24.3","13.3","13.1","12.9","12.7","12.4","",
"Bosnia and Herzegovina","BIH","Mortality rate, under-5 (per 1,000 live births)","SH.DYN.MORT","","","","","","","","","","","","","","","","","","","","","","","","","29.4","27","24.9","23","21.2","19.6","18.2","16.9","62.3","63.4","14","20.1","12.4","11.7","10.9","10.2","9.5","8.9","8.4","8","7.6","7.4","7.2","7.1","7","6.9","6.8","6.8","6.7","6.7","6.7","6.7","6.8","6.8","6.8","6.7","6.6","6.4","6.2","6","6.9","",
"Belarus","BLR","Mortality rate, under-5 (per 1,000 live births)","SH.DYN.MORT","44.8","40.5","36.7","33.6","30.9","28.8","27","25.6","24.6","23.7","23.1","22.6","22.2","22","21.9","21.8","21.7","21.6","21.4","21","20.6","20","19.4","18.8","18.2","17.6","17","16.4","15.9","15.5","15.2","15.2","15.3","15.5","15.7","15.7","15.5","15.1","14.5","13.7","12.8","11.8","10.9","10.1","9.4","8.7","8","7.3","6.6","6.1","5.6","5.2","4.9","4.6","4.3","4.1","3.9","3.6","3.4","3.1","2.9","2.7","2.6","2.4","2.3","",
"Belize","BLZ","Mortality rate, under-5 (per 1,000 live births)","SH.DYN.MORT","","","","","","","","114.9","109.8","105.1","100.3","95.9","92","88.1","84.4","81","77.7","74.6","71.6","68.9","66.1","63.5","60.9","58.2","55.6","52.9","50.1","47.3","44.6","41.9","39.4","37.1","34.9","33","31.4","29.9","28.6","27.5","26.4","25.4","24.5","23.6","22.8","22.1","21.5","21","20.6","20.2","19.7","19.3","18.8","18.3","17.7","17","16.3","15.6","15","14.4","13.9","13.5","13.2","13","12.8","12.8","12.7","",
"Bermuda","BMU","Mortality rate, under-5 (per 1,000 live births)","SH.DYN.MORT","","","","","","","","","","","","","","","","","","","","","","","","","","","","","","","","","","","","","","","","","","","","","","","","","","","","","","","","","","","","","","","","","","",
"Bolivia","BOL","Mortality rate, under-5 (per 1,000 live births)","SH.DYN.MORT","285.4","279.5","273.6","267.8","261.9","255.9","249.8","243.8","237.8","231.5","225.4","219.2","212.8","206.6","200.1","193.7","187.4","181.4","175.7","170.4","165.4","160.8","156.3","151.9","147.4","142.6","137.8","132.9","127.8","122.8","117.8","113","108.2","103.5","98.8","94.1","89.4","84.6","79.9","75.3","70.7","66.3","62.1","58.2","54.5","51","47.7","44.7","41.8","39.1","36.7","34.4","32.3","30.3","28.4","26.7","25","23.4","22","20.6","19.3","18.2","17.3","16.4","15.7","",
"Brazil","BRA","Mortality rate, under-5 (per 1,000 live births)","SH.DYN.MORT","169.8","165","160.4","156.1","152.2","148.5","145","141.6","138.4","135.3","132.1","128.9","125.6","122.3","118.9","115.4","111.8","108","104.1","100","95.8","91.5","87.3","83.3","79.8","76.5","73.6","70.9","68.1","65.5","62.8","60.1","57.1","53.9","50.8","47.7","44.7","41.9","39.3","36.8","34.4","32.2","30.1","28.2","26.3","24.6","23.1","21.7","20.5","19.5","18.6","17.9","17.2","16.7","16.3","16","16.8","15.4","15.2","15","14.9","14.7","14.6","14.4","14.2","",
"Barbados","BRB","Mortality rate, under-5 (per 1,000 live births)","SH.DYN.MORT","84.7","78.6","73.3","68.6","64.5","61","57.9","55.3","52.8","50.4","47.9","45.5","43.2","40.8","38.6","36.4","34.3","32.3","30.4","28.6","26.9","25.5","24.4","23.4","22.6","21.9","21.2","20.5","19.7","18.9","18.1","17.3","16.6","15.9","15.3","14.9","14.5","14.3","14.2","14.3","14.4","14.5","14.7","14.8","14.9","14.8","14.7","14.5","14.3","14.1","13.9","13.7","13.5","13.3","13.1","12.8","12.4","12.1","11.8","11.4","11.1","10.7","10.4","10.1","9.8","",
"Brunei Darussalam","BRN","Mortality rate, under-5 (per 1,000 live births)","SH.DYN.MORT","88.9","82.4","76.6","71.5","67.1","63.2","59.9","57","54.3","51.7","49.1","46.4","43.6","40.7","37.8","34.9","32.1","29.5","27","24.8","22.8","20.9","19.3","17.9","16.7","15.7","14.8","14.2","13.7","13.5","13.3","13.2","13.1","12.9","12.7","12.3","11.9","11.4","11","10.6","10.3","10","9.8","9.7","9.6","9.5","9.5","9.6","9.6","9.7","9.9","10","10.2","10.4","10.6","10.7","10.7","10.7","10.6","10.5","10.4","10.3","10.2","10.1","9.9","",
"Bhutan","BTN","Mortality rate, under-5 (per 1,000 live births)","SH.DYN.MORT","","","","","","","","","275.7","269.1","262.7","256.5","249.9","243.5","237.2","230.4","223.8","216.8","210","202.8","195.3","187.6","180.3","173.4","166.3","159.5","152.8","146.2","139.8","133.8","128","122.4","117.2","112.1","107","102","96.9","92","87.1","82.2","77.7","73.2","68.8","64.6","60.6","56.7","52.9","49.5","46.2","43.3","40.5","37.9","35.5","33.2","31.2","29.2","27.4","25.8","24.2","22.7","21.3","20","19","18","17.2","",
"Botswana","BWA","Mortality rate, under-5 (per 1,000 live births)","SH.DYN.MORT","167.8","162.7","158.2","153.9","149.5","145.5","141.9","138.1","133.9","129.7","125.3","120.7","115.9","111.1","105.8","100.4","94.8","88.9","83.3","78.1","73.3","69","65.2","61.9","59.1","56.6","54.2","52.1","50.7","50.5","51.5","53.6","57.1","61.5","66.2","66.4","70.4","73.4","75.4","78.5","79.8","79.3","77.9","76.7","75.7","70.8","66","64.3","63.7","60.6","58.4","58.8","53.9","50.3","49","46.7","45.1","42.1","41.2","40","38.9","37.1","35.7","34.6","33.3","",
"Central African Republic","CAF","Mortality rate, under-5 (per 1,000 live births)","SH.DYN.MORT","285.1","279.5","274.1","268.5","262.5","256.7","250.6","244.6","238.6","233.2","227.8","222.8","218.3","214","210","206.2","202.5","198.9","195.5","192.4","189.7","187.3","185.3","183.6","182.4","181.4","180.6","180","179.4","179","178.6","178.1","177.4","176.7","175.9","175","173.7","172.1","170.1","168","165.5","162.5","159","155.6","151.8","147.9","143.5","139.3","135.5","489.3","150.7","125.1","121.9","134.2","186.8","113.7","126.8","155.2","120.2","254.7","124.2","178.7","424.6","92.6","89.7","",
"Canada","CAN","Mortality rate, under-5 (per 1,000 live births)","SH.DYN.MORT","32.6","31.6","30.5","29.4","28.2","27.1","26","25","23.9","22.9","22","21","19.9","18.9","17.9","17","16","15.1","14.2","13.3","12.5","11.8","11.2","10.6","10.1","9.7","9.4","9.1","8.8","8.6","8.3","8","7.7","7.4","7.2","6.9","6.7","6.5","6.4","6.3","6.2","6.2","6.2","6.2","6.1","6.1","6","6","5.9","5.8","5.7","5.6","5.6","5.5","5.4","5.3","5.3","5.2","5.2","5.2","5.2","5.2","5.3","5.4","5.4","",
"Central Europe and the Baltics","CEB","Mortality rate, under-5 (per 1,000 live births)","SH.DYN.MORT","","","","","","","","","","","","","","","","","","","","","","","","","","","","","","","19.329792908074","18.6663936900977","18.2083775113294","17.6274691934851","17.0586403186791","16.3506632815526","15.55653012219","14.7938283016959","14.0071568455417","13.1369024601131","12.3188834146514","11.7091399740953","11.3072685436924","10.9999607669708","10.5387676882167","10.0262533068436","9.38021929512148","8.72351795707887","8.20550739414213","7.75034641571448","7.33253040004125","6.95384740981372","6.62399998855631","6.31738620589922","6.03769013915952","5.80488075204549","5.53686433246911","5.27542081196346","5.04437891013553","4.86801997531672","4.73289141291711","4.67541577377201","4.693924319098","4.75243694513347","4.7930421228267","",
"Switzerland","CHE","Mortality rate, under-5 (per 1,000 live births)","SH.DYN.MORT","26.5","26","25.3","24.5","23.6","22.6","21.6","20.7","19.9","19.2","18.4","17.6","16.7","15.7","14.8","13.8","12.9","12.1","11.4","10.9","10.4","10","9.7","9.4","9.2","9","8.9","8.8","8.6","8.4","8.2","7.8","7.5","7.1","6.7","6.4","6.2","6","5.8","5.7","5.6","5.5","5.4","5.3","5.2","5.1","4.9","4.8","4.7","4.6","4.6","4.5","4.4","4.4","4.3","4.3","4.2","4.1","4.1","4","4","4","3.9","3.9","3.9","",
"Channel Islands","CHI","Mortality rate, under-5 (per 1,000 live births)","SH.DYN.MORT","","","","","","","","","","","","","","","","","","","","","","","","","","","","","","","","","","","","","","","","","","","","","","","","","","","","","","","","","","","","","","","","","","",
"Chile","CHL","Mortality rate, under-5 (per 1,000 live births)","SH.DYN.MORT","152.8","149","143.3","135.9","126.7","116","104.1","93.4","86","82.3","80.7","79.2","77.4","74.8","71","65","56.8","48.4","41.6","36.9","33.2","29.9","26.9","24.7","23.2","22.3","22.1","21.9","21.5","20.4","19","17.6","16.3","15","13.9","13.1","12.6","12.2","11.9","11.4","10.9","10.3","9.8","9.4","9.2","9.1","9","8.9","8.8","8.8","8.7","8.6","8.4","8.3","8.1","7.9","7.7","7.6","7.3","7","6.8","6.7","6.8","6.9","6.8","",
"China","CHN","Mortality rate, under-5 (per 1,000 live births)","SH.DYN.MORT","","","","","","","","","","118","112.1","106.3","100.8","95.2","89.7","84.3","79.1","74.2","69.8","65.9","62.6","59.9","57.7","56.1","54.9","54.2","53.9","53.8","53.9","53.8","53.6","53","52.1","50.8","49.2","47.4","45.5","43.5","41.4","39.1","36.6","34.1","31.4","28.8","26.3","24","21.9","20.1","18.5","17.1","15.7","14.6","13.5","12.5","11.6","10.7","10","9.3","8.6","8","7.5","7","6.6","6.1","5.7","",
"Cote d'Ivoire","CIV","Mortality rate, under-5 (per 1,000 live births)","SH.DYN.MORT","319.3","311.2","303.5","295.8","288.3","281.1","274","266.9","259.9","252.8","245.6","238.1","230.1","221.8","213.2","204.5","196.2","188.4","181.3","175.1","170","165.5","161.8","158.8","156.5","154.7","153.6","152.9","152.9","153.2","153.6","154.1","154.2","154.1","153.5","152.4","150.9","148.9","146.4","143.6","140.4","136.9","133.1","129.2","125.3","121.2","117.4","113.5","109","105.2","101.6","98.4","95.3","92","88.6","85.5","83","80.5","77.9","75.3","73","70.8","68.7","66.5","64.5","",
"Cameroon","CMR","Mortality rate, under-5 (per 1,000 live births)","SH.DYN.MORT","283.4","276.9","271.3","266.4","261.4","255.4","248.5","240.5","231.8","222.8","214.2","206.8","201","196.7","194","192.2","190.9","189.6","187.5","184.3","180","174.9","169","162.6","156.2","150.3","145.1","141","138.4","137.2","137.4","138.8","140.9","143.1","145.4","147.1","148.2","148.4","147.8","146.4","143.9","141","137.6","134.3","130.9","127.6","124.2","120.8","117.2","113.7","109.5","105.2","100.8","96.5","92.4","88.5","85.1","81.9","78.9","76.6","74.4","71.9","69.4","67","64.8","",
"Congo, Dem. Rep.","COD","Mortality rate, under-5 (per 1,000 live births)","SH.DYN.MORT","","","","","","","","","","247.8","244.8","241.4","237.7","233.8","229.8","226","222","218.2","213.9","210.2","206.6","203.2","200","196.9","194.3","191.8","189.4","187.1","184.8","182.4","180","177.7","175.4","173.4","171.4","169.4","210.4","206.8","195.5","190.4","184.6","178.4","172.2","165.9","159.4","124.4","118.9","113.8","109.2","105","101.4","98.3","95.9","94.1","92.7","91.9","91.5","91.5","91.7","92.2","92.7","92.9","92.5","91.3","89.7","",
"Congo, Rep.","COG","Mortality rate, under-5 (per 1,000 live births)","SH.DYN.MORT","193.5","186.2","179.2","172.7","166.5","160.8","155.4","150.1","145.3","140.9","136.6","133","129.7","126.5","123.3","120.4","117.6","114.7","112.2","109.6","107","104.4","102","99.3","96.7","94.5","92.8","91.4","90.6","90.7","91.5","93.1","95.3","97.9","101.1","104.5","108","111","113.2","113.7","112.5","109.3","104.6","98.9","92.3","85.7","79.5","73.9","69.2","65.3","62.4","60","57.9","56.2","54.5","52.7","51","49.3","47.6","52.2","44.5","43","41.5","40.3","39.1","",
"Colombia","COL","Mortality rate, under-5 (per 1,000 live births)","SH.DYN.MORT","135.8","131.4","127","122.9","119.1","115.5","111.9","108.3","104.9","101.3","97.7","94.1","90.3","86.5","82.5","78.5","74.4","70.3","66.3","62.4","58.7","55.3","52.1","49.1","46.4","49.3","42","40.1","38.5","37.1","35.8","34.5","33.3","32.2","31","29.9","28.8","27.8","26.8","25.9","25","24.2","23.5","22.7","22.1","21.4","20.7","20.1","19.5","18.8","18.2","17.6","17.1","16.5","16","15.5","15","14.5","14","13.5","13.1","12.7","12.3","11.9","11.5","",
"Comoros","COM","Mortality rate, under-5 (per 1,000 live births)","SH.DYN.MORT","","","","","","","","","","","232.1","225.9","220","214.3","208.4","202.7","196.8","191","185.2","179.3","173.5","167.6","161.8","156.1","150.6","145.2","140","134.9","130","125.2","120.5","115.8","111.1","106.5","102.1","97.8","93.7","90","86.4","83","79.9","76.8","73.8","71","68.3","65.8","63.4","61.2","59.2","57.3","55.6","54","52.5","51.2","50","48.9","47.9","46.9","45.8","44.8","43.7","42.6","41.4","40.2","39","",
"Cabo Verde","CPV","Mortality rate, under-5 (per 1,000 live births)","SH.DYN.MORT","171.4","168.1","164.8","161.6","157.9","153.6","149.1","144.2","138.8","132.9","126.7","120.5","114.1","107.8","101.7","95.9","90.8","86.2","82.7","80","78.1","77.1","76.5","75.8","74.6","72.5","69.6","65.9","62.1","58.8","56.4","55","54.6","54.6","54.5","53.7","51.7","48.4","44.3","40","36","32.8","30.5","29","28.2","28","28","28.1","27.9","27.5","26.7","25.6","24.2","22.6","20.9","19.2","17.6","16.2","15.1","14.1","13.3","12.7","12.1","11.6","11.1","",
"Costa Rica","CRI","Mortality rate, under-5 (per 1,000 live births)","SH.DYN.MORT","96.1","93.7","92.8","92.4","91.6","90.2","87.9","84.8","81.7","78.5","74.8","70.1","64.5","58.3","51.8","45.4","39.2","33.8","29.6","26.5","24.4","23.4","22.9","22.7","22.5","22","21.2","20","18.9","17.8","16.9","16.2","15.7","15.3","15.1","14.9","14.7","14.5","14.1","13.6","13.1","12.6","12.2","11.8","11.5","11.3","11.2","11.1","10.9","10.7","10.5","10.2","9.8","9.5","9.2","9","8.9","8.9","9","9.1","9.3","9.6","9.9","10.1","10.4","",
"Caribbean small states","CSS","Mortality rate, under-5 (per 1,000 live births)","SH.DYN.MORT","","","","","","","","","","","","","","","","","","","","","","","","","","","","","","","38.7786569671058","37.7474232205563","36.640265940079","35.8225766786564","35.0046934910689","34.2095801350117","33.4530231097259","32.699530935076","32.028605760251","31.1770562878741","30.3365542135221","29.6129024405868","28.9147169910643","28.2168081676518","27.6420531157027","27.1256315760631","26.6642978373939","26.2060322483835","25.7292304129259","25.2608405148904","24.8751909030545","24.46797830169","23.9873976108028","23.5459317439355","23.084774339181","22.5926085426782","22.1309816388208","21.6186888425685","21.0948856500277","21.4825706165536","20.2340787930087","19.8300013620473","19.2519055409131","18.6734280753062","18.1536854848596","",
"Cuba","CUB","Mortality rate, under-5 (per 1,000 live births)","SH.DYN.MORT","44.1","44.4","44.5","44.5","44.2","43.7","43","42.1","41","39.6","38.1","36.5","34.8","32.9","31.2","29.4","27.8","26.2","24.8","23.4","22.2","21.1","20","19.1","18.2","17.3","16.5","15.7","14.9","14.1","13.5","12.8","12.2","11.6","11.1","10.6","10.2","9.7","9.3","8.9","8.6","8.2","7.9","7.6","7.3","7.1","6.8","6.6","6.5","6.3","6.2","6.1","6.1","6","6.1","6.1","6.3","6.4","6.6","6.9","7.2","7.5","7.8","8.2","8.6","",
"Curacao","CUW","Mortality rate, under-5 (per 1,000 live births)","SH.DYN.MORT","","","","","","","","","","","","","","","","","","","","","","","","","","","","","","","","","","","","","","","","","","","","","","","","","","","","","","","","","","","","","","","","","","",
"Cayman Islands","CYM","Mortality rate, under-5 (per 1,000 live births)","SH.DYN.MORT","","","","","","","","","","","","","","","","","","","","","","","","","","","","","","","","","","","","","","","","","","","","","","","","","","","","","","","","","","","","","","","","","","",
"Cyprus","CYP","Mortality rate, under-5 (per 1,000 live births)","SH.DYN.MORT","","","","","","","","","","","","36.9","36.5","36.1","35.3","34.1","32.2","29.5","26.6","23.9","21.6","19.6","17.8","16.2","14.6","13.1","12","11.4","11.2","11.2","11.2","11.1","10.8","10.3","9.7","9.1","8.5","8","7.5","7","6.6","6.2","5.8","5.4","5.1","4.7","4.4","4.1","3.8","3.5","3.2","3","2.8","2.7","2.6","2.5","2.5","2.6","2.7","3","3.3","3.7","4.1","4.6","5","",
"Czechia","CZE","Mortality rate, under-5 (per 1,000 live births)","SH.DYN.MORT","24.8","24.4","24.2","24.3","24.4","24.6","24.7","24.8","24.7","24.5","24.3","23.9","23.4","22.9","22.3","21.6","20.8","19.9","18.9","17.9","16.9","16","15.2","14.7","14.4","14.2","13.8","13.4","13","12.6","12.2","11.7","11","10.3","9.4","8.5","7.7","6.9","6.3","5.8","5.5","5.2","5","4.8","4.6","4.4","4.1","3.9","3.7","3.5","3.4","3.3","3.2","3.1","3.1","3.2","3.2","3.2","3.1","3","2.9","2.8","2.7","2.6","2.6","",
"Germany","DEU","Mortality rate, under-5 (per 1,000 live births)","SH.DYN.MORT","","","","","","","","","27.1","26.4","25.6","24.9","24","23.1","22","20.8","19.6","18.3","17.1","16","15","14.1","13.2","12.5","11.8","11.1","10.6","10.1","9.5","9","8.5","8","7.6","7.2","6.8","6.5","6.2","5.9","5.7","5.5","5.4","5.2","5.1","5","4.9","4.7","4.6","4.5","4.4","4.3","4.2","4.1","4","4","4","3.9","3.9","3.8","3.8","3.7","3.7","3.7","3.7","3.7","3.7","",
"Djibouti","DJI","Mortality rate, under-5 (per 1,000 live births)","SH.DYN.MORT","","","","","","","","","","","","","","","","","169.5","164.5","159.8","155.2","150.9","146.9","142.7","138.7","134.6","130.7","127.2","123.8","120.7","117.8","115.3","113.1","111.3","109.6","108.2","106.9","105.5","104","102.3","100.5","98.5","96.3","94","91.6","89.3","86.9","84.6","82.3","79.9","77.7","75.5","73.4","71.3","69.2","67.2","65.2","63.2","61.2","59.4","57.5","55.7","54","52.1","50.5","48.9","",
"Dominica","DMA","Mortality rate, under-5 (per 1,000 live births)","SH.DYN.MORT","136.4","124.3","113.3","103.2","94.1","85.9","78.4","71.6","65.5","59.9","54.8","50.3","46.1","42.4","39.1","36.2","33.6","31.2","29.2","33.4","25.8","24.5","23.3","22.3","21.4","20.6","20","19.5","19.1","18.8","18.5","18.4","18.2","18.2","18.2","18.3","18.4","18.6","18.8","19.1","19.4","19.7","20.1","20.6","21.1","21.6","22.2","22.8","23.5","24.2","24.9","25.7","26.5","27.4","28.3","29.2","30.2","31.1","32.1","33","33.8","34.4","35","35.4","35.7","",
"Denmark","DNK","Mortality rate, under-5 (per 1,000 live births)","SH.DYN.MORT","25","24.5","23.8","23","22.1","21.1","20","19","18.1","17.4","16.6","15.8","14.9","13.9","13.1","12.3","11.6","11.1","10.6","10.3","10","9.7","9.6","9.5","9.6","9.6","9.7","9.7","9.6","9.4","8.9","8.4","7.9","7.3","6.9","6.5","6.2","6","5.9","5.7","5.6","5.5","5.4","5.2","5","4.8","4.6","4.5","4.3","4.2","4.1","4.1","4.1","4.1","4.1","4.1","4","3.9","3.9","3.8","3.7","3.7","3.8","3.9","4","",
"Dominican Republic","DOM","Mortality rate, under-5 (per 1,000 live births)","SH.DYN.MORT","148.2","147","145.4","143.4","141.1","138.6","135.7","132.9","130","127","123.8","120.5","116.8","112.9","108.8","104.8","100.9","97.1","93.5","90.1","86.8","83.6","80.5","77.6","74.8","72","69.4","66.7","64.2","61.8","59.3","56.8","54.4","52.1","49.8","47.6","45.6","43.8","42.2","40.8","39.6","38.6","37.7","37","36.4","36","35.6","35.3","35.1","34.9","34.9","34.8","34.8","34.8","34.9","34.9","34.9","34.9","34.7","34.4","33.8","33","32.3","31.5","30.6","",
"Algeria","DZA","Mortality rate, under-5 (per 1,000 live births)","SH.DYN.MORT","239.2","239.5","240","241.2","242.3","243.7","244.8","245.2","245","243.6","240.5","236.2","230.6","224","216.5","208.3","199.5","190.1","180.1","168.8","155.6","140.3","123.1","105.2","89.1","76.1","66.3","59.6","55.4","53","51.6","50.8","50.2","49.6","49","48.1","47","45.9","44.6","43.2","41.7","40.2","38.6","37","35.4","33.9","32.5","31.2","30.1","29","28.1","27.3","26.6","25.9","25.4","24.9","24.5","24","23.7","23.3","22.9","22.6","22.3","22","21.6","",
"East Asia & Pacific (excluding high income)","EAP","Mortality rate, under-5 (per 1,000 live births)","SH.DYN.MORT","","","","","","","","","","","","","","","","","","","","","","","","","","","","","","","58.9573018347585","58.3811689638474","57.0052016704789","55.371625665059","53.5579086699048","52.596446398482","50.6959492925848","48.7547414969065","46.7082725352177","44.5666413226381","41.9695455382353","39.884236685369","37.5572527592659","34.4812187182369","33.2761577425412","30.2907051058504","28.4224115469992","26.7559837962097","26.206449057273","23.7274578501377","22.4399493451171","21.3685026814193","19.9737241800297","19.1365596950918","18.0713618055203","17.4865557526411","16.4720341830735","15.6474834443702","15.5381715461795","15.0180940327798","15.1823948934567","15.0122967009999","14.8448601956501","14.4749594363851","13.9498818671439","",
"Early-demographic dividend","EAR","Mortality rate, under-5 (per 1,000 live births)","SH.DYN.MORT","","","","","","","","","","","","","","","","","","","","","","","","","","","","","","","110.13211923778","106.848247199753","103.904314307741","100.921327257292","98.9588790906119","94.8901056623679","91.8989824945032","88.9116209884799","85.8198981275396","82.5561667405938","79.4553717655462","76.2893190449641","73.2051028865653","70.169723758267","67.6212725586949","64.2700700599399","61.445917265839","58.7468522161505","56.6146245609075","53.6283446316316","51.4346564632238","48.8209534205075","46.6221417500773","44.4942970063474","42.4666258953891","40.6812813482926","38.9997656937306","37.4716956775527","36.1562766486784","34.9101641822264","33.7001179805719","33.8312680253746","32.7176454900784","30.8785826584925","29.3993201449198","",
"East Asia & Pacific","EAS","Mortality rate, under-5 (per 1,000 live births)","SH.DYN.MORT","","","","","","","","","","","","","","","","","","","","","","","","","","","","","","","56.4","55.2","53.9","52.3","50.6","49.6","47.8","45.9","43.9","41.9","39.6","37.5","35.5","32.6","31.5","28.7","27","25.4","24.9","22.5","21.4","20.3","19.1","18.2","17.2","16.6","15.7","15","14.8","14.3","14.4","14.2","14","13.7","13.2","",
"Europe & Central Asia (excluding high income)","ECA","Mortality rate, under-5 (per 1,000 live births)","SH.DYN.MORT","","","","","","","","","","","","","","","","","","","","","","","","","","","","","","","59.5420830262645","58.3378142859628","58.1123157869389","57.3599164526427","55.5898259646541","54.2320708630039","51.7500286667512","49.7233068024539","47.1979923255774","44.6670902266522","41.9047834514985","39.354758701548","36.8517204276354","34.358834558628","32.3195945196954","30.1880663905664","28.2285287698445","26.4596456532286","24.7537658738244","23.1662750310061","21.8327619264082","20.6052052466506","19.3782248485954","18.4040261785443","17.5388657418696","16.8078244064144","16.0721474728614","15.5904334752804","15.2052863202675","14.9067668723198","14.5690548624348","14.2754006870893","14.1403721981144","14.9318910217203","13.4517330271616","",
"Europe & Central Asia","ECS","Mortality rate, under-5 (per 1,000 live births)","SH.DYN.MORT","","","","","","","","","","","","","","","","","","","","","","","","","","","","","","","30.8","30.2","30","29.6","28.6","27.8","26.3","25.1","23.8","22.5","20.9","19.7","18.5","17.4","16.4","15.5","14.6","13.8","13","12.3","11.7","11.2","10.8","10.4","10","9.6","9.2","8.8","8.6","8.5","8.3","8.1","8","8.4","7.8","",
"Ecuador","ECU","Mortality rate, under-5 (per 1,000 live births)","SH.DYN.MORT","176.1","170.6","165.5","160.7","156.3","152.2","148.6","145.4","142.5","139.6","136.5","133.1","129.2","124.6","119.7","114.5","109.4","104.4","99.8","95.4","90.9","86.5","82.1","77.7","73.4","69.4","65.7","62.4","59.3","56.5","53.7","51.1","48.4","45.8","43.2","40.5","38","35.6","33.3","31.3","29.6","28","26.6","25.5","24.5","23.6","22.7","21.8","20.9","20","19.1","18.2","17.4","16.6","15.9","15.3","14.8","14.4","14.1","13.8","13.6","13.4","13.2","13","12.9","",
"Egypt, Arab Rep.","EGY","Mortality rate, under-5 (per 1,000 live births)","SH.DYN.MORT","324.4","314","303.4","293.2","283.9","275.6","268.4","262.5","257.7","253.7","250","246.1","241.5","235.7","228.2","219.4","209.7","199.7","189.5","179.7","169.8","160","149.9","139.8","129.5","119.6","110.7","102.9","96.3","90.7","86","81.7","77.5","73.3","69","64.8","60.7","56.9","53.4","50.2","47.3","44.8","42.5","40.4","38.6","37","35.6","34.2","32.8","31.6","30.5","29.5","28.6","27.8","27.1","26.5","26","25.6","25.2","24.8","24.4","24","23.5","22.9","22.4","",
"Euro area","EMU","Mortality rate, under-5 (per 1,000 live births)","SH.DYN.MORT","","","","","","","","","","","","","","","","","","","","","","","","","","","","","","","9.87167053079422","9.50251443643115","9.04486785548533","8.5597934020775","8.05446803563593","7.57222097408142","7.16036301312065","6.77977133807409","6.52215617896911","6.29113592180855","6.07803458003328","5.81608962539807","5.62625734966375","5.41755462289396","5.22998909546917","5.02231068390932","4.84284913293961","4.70739923768855","4.58145952343906","4.47859369402051","4.33053771112197","4.23648831888596","4.12530026975936","4.06495297338017","4.01071564239057","3.96175287599302","3.9272951450282","3.85374210654639","3.8222190835292","3.77135271572648","3.74912764856254","3.74819456597552","3.73314047472177","3.71794577885785","3.7053201522293","",
"Eritrea","ERI","Mortality rate, under-5 (per 1,000 live births)","SH.DYN.MORT","","","","","","","","","","","","","","","220.5","254.6","210.3","206","201.9","198.6","195.4","192.5","189.4","284","279.4","274.2","175.4","170.9","165.7","160","153.4","146.3","138.6","130.5","122.4","114.5","107.3","100.8","95","110.2","85.3","81.1","77.3","73.8","70.5","67.5","64.7","62","59.6","57.3","55.2","53.3","51.4","49.7","48.1","46.4","44.7","43.3","41.9","40.5","39.1","37.8","36.6","35.4","34.3","",
"Spain","ESP","Mortality rate, under-5 (per 1,000 live births)","SH.DYN.MORT","54.7","52","49.4","46.9","44.5","42.3","40.3","38.2","36.1","33.9","31.6","29.3","27.2","25.2","23.4","21.7","20.2","18.7","17.3","16.1","14.9","13.8","13","12.2","11.7","11.1","10.7","10.3","9.9","9.5","9.2","8.8","8.3","7.9","7.4","6.9","6.5","6.1","5.8","5.6","5.4","5.3","5.1","5","4.9","4.7","4.5","4.4","4.2","4","3.8","3.7","3.6","3.5","3.4","3.3","3.3","3.2","3.2","3.2","3.2","3.2","3.2","3.2","3.2","",
"Estonia","EST","Mortality rate, under-5 (per 1,000 live births)","SH.DYN.MORT","35","33","31.1","29.3","27.7","26.3","25.1","24.1","23.3","22.6","22.2","21.9","21.7","21.6","21.6","21.7","21.8","21.9","21.9","21.8","21.6","21.2","20.7","20.2","19.7","19.2","18.7","18.4","18.1","17.9","17.7","17.5","17.3","16.9","16.4","15.7","14.8","13.9","12.9","12","11","10.1","9.3","8.5","7.8","7.1","6.5","5.9","5.4","5","4.6","4.2","3.9","3.6","3.4","3.2","3","2.8","2.7","2.5","2.4","2.3","2.2","2.1","2","",
"Ethiopia","ETH","Mortality rate, under-5 (per 1,000 live births)","SH.DYN.MORT","","","","","","","251.4","250.8","250.3","250.1","249.6","249.3","289","287.6","286.1","284.8","247","246.4","245.7","244","241.9","239.2","235.8","323.3","317.3","306","299.5","215.1","210.9","206.5","202","197","191.5","185.5","178.9","172.3","165.6","159","152.5","146.3","140.1","133.8","127.4","121","114.6","108.3","102.4","96.9","91.8","87.1","82.7","78.6","74.8","71.2","67.7","64.4","61.3","58.4","55.8","53.6","51.5","70.4","68.1","51.5","44.5","",
"European Union","EUU","Mortality rate, under-5 (per 1,000 live births)","SH.DYN.MORT","","","","","","","","","","","","","","","","","","","","","","","","","","","","","","","12.1269871197385","11.5873042397897","11.0443048981944","10.5006363560067","9.95850951267302","9.33800318117372","8.79469512997913","8.31088716046632","7.91068577276917","7.51639145201746","7.16598936295681","6.83733219005194","6.60518227697341","6.37822473171958","6.15534521246253","5.91993705430458","5.65147207409268","5.42348341235373","5.23785001849768","5.06570514065573","4.85554870459093","4.69181003554849","4.5453050026796","4.4371936775856","4.34862512103113","4.27261915574541","4.19492071938833","4.09574635146789","4.01789187486254","3.93757961783439","3.88832143169013","3.86836841377716","3.86039705868669","3.86580979903847","3.86440469010109","",
"Finland","FIN","Mortality rate, under-5 (per 1,000 live births)","SH.DYN.MORT","26.8","25.2","23.8","22.5","21.3","20.2","19.2","18.4","17.6","16.8","16.1","15.4","14.6","13.9","13.1","12.3","11.4","10.6","9.9","9.2","8.7","8.2","7.9","7.6","7.4","7.3","7.3","7.2","7.1","6.9","6.7","6.4","6.1","5.8","5.5","5.2","4.9","4.7","4.6","4.4","4.3","4.2","4.1","4","3.9","3.7","3.6","3.5","3.3","3.2","3","2.9","2.8","2.6","2.6","2.5","2.4","2.4","2.4","2.4","2.4","2.4","2.4","2.4","2.4","",
"Fiji","FJI","Mortality rate, under-5 (per 1,000 live births)","SH.DYN.MORT","79.2","75.5","72.1","68.9","66","63.4","61.2","59.4","58.1","57.2","56.6","56.3","56","55.6","54.9","53.9","52.5","50.8","48.8","46.7","44.5","42.3","40.3","38.4","36.7","35.1","33.7","32.4","31.2","30","28.8","27.8","26.7","25.9","25.1","24.4","23.8","23.4","23","22.8","22.6","22.6","22.7","22.8","23.1","23.3","23.5","23.5","23.2","22.8","22.2","21.6","21","20.7","20.6","20.9","21.6","22.7","24.2","25.7","27.2","28.3","28.9","29.2","29.1","",
"France","FRA","Mortality rate, under-5 (per 1,000 live births)","SH.DYN.MORT","28.5","27","25.7","24.5","23.4","22.4","21.4","20.6","19.9","19.1","18.2","17.4","16.6","16","15.4","14.9","14.4","13.9","13.4","12.8","12.4","11.9","11.5","11.1","10.7","10.4","10.1","9.8","9.6","9.3","9","8.6","8.1","7.5","7","6.5","6.1","5.8","5.7","5.5","5.4","5.2","5.1","4.9","4.8","4.6","4.5","4.4","4.4","4.3","4.2","4.2","4.1","4.1","4.1","4.2","4.2","4.2","4.2","4.2","4.2","4.3","4.3","4.3","4.3","",
"Faroe Islands","FRO","Mortality rate, under-5 (per 1,000 live births)","SH.DYN.MORT","","","","","","","","","","","","","","","","","","","","","","","","","","","","","","","","","","","","","","","","","","","","","","","","","","","","","","","","","","","","","","","","","","",
"Micronesia, Fed. Sts.","FSM","Mortality rate, under-5 (per 1,000 live births)","SH.DYN.MORT","125.3","120","115.2","110.4","105.9","101.5","97.4","93.4","89.6","85.9","82.6","79.5","76.4","73.6","71.1","68.9","66.9","65","63.4","62","60.8","59.9","59.1","58.3","57.5","56.4","55.2","53.8","52.2","50.7","49.2","48.1","47","46.1","45.2","44.3","43.3","42.1","40.9","39.8","38.6","37.7","41.5","36.4","36.1","35.9","35.9","35.6","35.3","34.8","34.1","33.4","32.6","31.6","30.7","29.8","28.9","28.1","27.3","26.4","25.6","24.7","23.9","23.1","22.4","",
"Gabon","GAB","Mortality rate, under-5 (per 1,000 live births)","SH.DYN.MORT","218.8","211.6","204.7","198","191.5","185.2","179.2","173.4","167.7","162.2","156.9","151.8","146.7","141.9","137","132.5","128","123.7","119.5","115.3","111.5","107.7","104","100.6","97.5","94.7","92","89.6","87.6","85.9","84.3","82.9","81.8","80.8","79.9","79.2","78.3","77.4","76.3","74.9","73.3","71.5","69.6","67.7","65.6","63.6","61.8","59.7","57.6","55.6","53.4","51.3","49.4","47.3","45.8","44.4","42.7","41.4","39.9","38.5","36.8","35.8","34.7","33.8","32.6","",
"United Kingdom","GBR","Mortality rate, under-5 (per 1,000 live births)","SH.DYN.MORT","26.6","26.1","25.6","24.9","24.2","23.4","22.8","22.2","21.8","21.4","21","20.6","20","19.4","18.7","18","17.2","16.4","15.7","14.9","14.1","13.4","12.7","12.2","11.7","11.4","11.1","10.8","10.4","9.9","9.3","8.7","8.2","7.7","7.4","7.2","7","6.9","6.8","6.7","6.5","6.4","6.3","6.2","6.1","6","5.9","5.8","5.6","5.4","5.2","5","4.8","4.6","4.5","4.5","4.4","4.4","4.4","4.4","4.4","4.4","4.5","4.6","4.7","",
"Georgia","GEO","Mortality rate, under-5 (per 1,000 live births)","SH.DYN.MORT","","","","","","","","","","","","","","","","70.7","68.2","65.7","63.3","61","59","56.9","54.9","53.1","51.5","50.3","49.4","48.6","48.1","47.7","47.3","46.9","46.5","46","45.3","44.4","43.2","41.8","40","38.1","35.8","33.4","30.9","28.3","25.8","23.3","21","19","17.1","15.5","14.2","13.1","12.2","11.5","11","10.6","10.2","10","9.8","9.6","9.4","9.2","9","8.8","8.6","",
"Ghana","GHA","Mortality rate, under-5 (per 1,000 live births)","SH.DYN.MORT","209","206.9","205.2","204.1","203.2","202.8","202.7","203","203.3","203.4","202.8","201.5","199.2","195.9","191.8","187.1","182.2","177.5","173.4","170.2","168.1","166.6","164.9","162.8","159.7","155.3","150.1","144.3","138.4","132.7","127.6","123.5","120.2","117.8","116","114.4","112.5","110.3","107.4","103.9","99.9","95.8","91.9","88.2","85","82","79.1","76.2","73.1","69.8","66.5","63.3","60.3","57.5","54.9","52.5","50.3","48.2","46.1","44.1","42.2","40.3","38.6","37.2","35.9","",
"Gibraltar","GIB","Mortality rate, under-5 (per 1,000 live births)","SH.DYN.MORT","","","","","","","","","","","","","","","","","","","","","","","","","","","","","","","","","","","","","","","","","","","","","","","","","","","","","","","","","","","","","","","","","","",
"Guinea","GIN","Mortality rate, under-5 (per 1,000 live births)","SH.DYN.MORT","346.7","344.4","342.2","339.7","337.3","334.9","332.1","329.3","326.6","323.8","321","317.7","314.6","311","307.7","304","299.9","295.4","290.7","285.9","281","276.3","271.5","266.9","262.3","257.6","253","248.4","243.7","238.7","233.4","227.5","221.1","214.4","207.5","200.5","193.5","186.6","179.7","172.6","165.7","159","152.7","146.9","141.6","137","133.1","129.7","126.9","124.4","122.2","120.3","118.4","116.6","115.4","113.7","111.4","109.5","107.5","105.4","102.9","100.3","97.6","95","92.1","",
"Gambia, The","GMB","Mortality rate, under-5 (per 1,000 live births)","SH.DYN.MORT","360.1","353.1","346.4","339.6","333.1","326.7","320.4","314","307.9","301.9","295.6","289","282.5","275.9","269.2","262.5","255.8","249.5","243","236.7","230.3","223.9","217.2","210.7","204.1","197.4","190.7","184.2","178.1","172.1","166.2","160.5","154.9","149.3","143.7","138.2","132.9","127.6","122.6","117.7","112.8","108.1","103.6","99.2","94.9","90.7","86.8","83","79.4","76","72.7","69.7","66.8","64","61.4","58.9","56.6","54.3","52.3","50.4","48.6","47","45.3","43.8","42.4","",
"Guinea-Bissau","GNB","Mortality rate, under-5 (per 1,000 live births)","SH.DYN.MORT","","","","","","","","","","","","","","","","","","","","","","","","","","245.9","241.2","236.7","232.4","228","223.7","219","214.5","209.9","205","200.1","195","190","185","179.9","174.8","169.3","163.6","157.7","151.6","145.3","139.1","132.8","126.5","120.2","114.3","108.6","103.6","99.1","95.2","91.6","88.2","85.1","82.2","79.5","76.7","74.3","72","69.7","67.3","",
"Equatorial Guinea","GNQ","Mortality rate, under-5 (per 1,000 live births)","SH.DYN.MORT","","","","","","","","","","","","","","","","","","","","","","","198.6","194.5","190.4","186.8","183.9","181.5","179.8","178.1","176.7","175.4","173.9","172.7","171.3","169.8","167.8","165.3","162.2","158.6","154.5","150.2","145.9","141.5","137","132.3","127.4","122.6","118","113.5","109.4","105.6","102","98.6","95.3","92.1","89","86.1","83.2","80.7","77.9","75.1","72.8","70.4","68","",
"Greece","GRC","Mortality rate, under-5 (per 1,000 live births)","SH.DYN.MORT","46.2","45.1","43.9","42.5","41.1","39.8","38.6","37.1","35.3","33.3","31.4","29.6","28.4","27.6","27","26.1","25","23.8","22.4","20.9","19.6","18.3","17.2","16.2","15.4","14.5","13.6","12.7","11.9","11.1","10.5","9.9","9.5","9.1","8.8","8.5","8.1","7.7","7.3","6.9","6.4","6","5.6","5.2","4.9","4.6","4.3","4.1","4","4","3.9","4","4","4.1","4.2","4.3","4.3","4.3","4.2","4.1","4.1","4","4","3.9","3.8","",
"Grenada","GRD","Mortality rate, under-5 (per 1,000 live births)","SH.DYN.MORT","95","88.3","81.6","75","69.1","63.9","59.5","55.9","53","50.6","48.7","47.2","45.9","44.7","43.6","42.6","41.5","40.4","39.1","37.7","36.2","34.7","33.1","31.5","30","28.5","27.1","25.8","24.6","23.5","22.4","21.3","20.4","19.5","18.7","17.9","17.3","16.7","16.2","15.8","15.5","15.3","15.1","14.9","14.8","14.8","14.9","14.9","15.1","15.4","15.7","16","16.4","16.8","17.2","17.5","17.8","18.1","18.3","18.5","18.6","18.7","18.5","18.3","18","",
"Greenland","GRL","Mortality rate, under-5 (per 1,000 live births)","SH.DYN.MORT","","","","","","","","","","","","","","","","","","","","","","","","","","","","","","","","","","","","","","","","","","","","","","","","","","","","","","","","","","","","","","","","","","",
"Guatemala","GTM","Mortality rate, under-5 (per 1,000 live births)","SH.DYN.MORT","220.5","215.3","210.4","205.4","200.3","195.4","190.5","185.5","180.5","175.5","170.5","165.4","160.3","155.2","150.3","145.3","165.4","135.7","131","126.3","121.7","117.2","136.1","108.3","103.9","99.7","95.5","91.4","87.5","83.7","80","76.4","73.1","69.9","66.8","63.9","61.2","58.7","56.3","54","51.8","49.7","47.7","45.9","44.1","42.4","40.7","39.1","37.5","36","34.5","33.1","31.8","30.4","29.2","28.1","27","26.1","25.1","24.3","23.5","22.7","21.9","21.2","20.5","",
"Guam","GUM","Mortality rate, under-5 (per 1,000 live births)","SH.DYN.MORT","","","","","","","","","","","","","","","","","","","","","","","","","","","","","","","","","","","","","","","","","","","","","","","","","","","","","","","","","","","","","","","","","","",
"Guyana","GUY","Mortality rate, under-5 (per 1,000 live births)","SH.DYN.MORT","92.5","88.5","85.2","82.4","80.1","78.3","76.9","75.8","75","74.4","74","73.8","73.6","73.5","73.3","73.1","72.7","72.3","71.9","71.4","70.8","70.3","69.6","69","68.3","67.5","66.6","65.5","64.3","62.9","61.4","59.8","58.1","56.5","54.9","53.4","51.9","50.6","49.2","48","46.7","45.6","44.5","43.4","42.5","41.6","40.7","39.9","39.1","38.3","37.6","36.8","36","35.2","34.3","33.3","32.4","31.4","30.5","29.6","28.6","27.8","26.9","26","25.2","",
"High income","HIC","Mortality rate, under-5 (per 1,000 live births)","SH.DYN.MORT","","","","","","","","","","","","","","","","","","","","","","","","","","","","","","","13.8","13.2","12.6","12.1","11.6","11.1","10.7","10.2","9.9","9.5","9.2","8.9","8.6","8.4","8.1","7.8","7.5","7.3","7","6.8","6.6","6.5","6.3","6.2","6","5.8","5.7","5.5","5.4","5.2","5.2","5.1","5.1","5.1","5.1","",
"Hong Kong SAR, China","HKG","Mortality rate, under-5 (per 1,000 live births)","SH.DYN.MORT","","","","","","","","","","","","","","","","","","","","","","","","","","","","","","","","","","","","","","","","","","","","","","","","","","","","","","","","","","","","","","","","","","",
"Honduras","HND","Mortality rate, under-5 (per 1,000 live births)","SH.DYN.MORT","206.4","199.8","193.4","187.2","181","175","169","163","157.2","151.5","145.9","140.4","134.9","129.5","149.9","119.1","114.1","109.1","104.3","99.6","95.1","90.7","86.4","82.2","78.3","74.5","70.9","67.5","64.3","61.2","58.3","55.6","53.1","50.7","48.5","46.4","44.5","42.6","65.5","39","37.3","35.6","34","32.5","31.1","29.8","28.6","27.4","26.4","25.4","24.4","23.5","22.7","21.9","21.1","20.3","19.6","18.9","18.2","17.7","17.1","16.5","16","15.5","15","",
"Heavily indebted poor countries (HIPC)","HPC","Mortality rate, under-5 (per 1,000 live births)","SH.DYN.MORT","","","","","","","","","","","","","","","","","","","","","","","","","","","","","","","180.591317352384","181.424213137961","178.474762298645","175.57499751085","171.539910359379","164.613596080361","166.103073351378","161.764165095237","158.991255520511","151.653416230298","146.100097583984","142.316579600629","134.415315047831","128.471888328471","123.326110509051","114.699593733073","108.918038437956","104.102383459321","99.6378865309757","98.2895969280398","93.2212751268281","93.139476228705","85.8956616008329","82.2392532979546","80.1013664951844","77.2252196182014","75.0531588355873","74.0985605574823","71.5972927454548","70.6505060809458","68.146309212661","69.7824667658958","70.9810827482135","64.7737608743439","62.4053659034848","",
"Croatia","HRV","Mortality rate, under-5 (per 1,000 live births)","SH.DYN.MORT","","","","","","","","","","","","","","","","","","","","","","21.9","21","20","19.1","18","17","15.8","14.8","13.8","12.9","14.3","11.5","10.9","10.4","10","9.6","9.3","9","8.6","8.3","8","7.7","8.2","7.1","6.7","6.4","6.2","5.9","5.7","5.5","5.3","5.2","5.1","5","4.9","4.9","4.8","4.8","4.7","4.7","4.6","4.6","5.1","5.6","",
"Haiti","HTI","Mortality rate, under-5 (per 1,000 live births)","SH.DYN.MORT","293.8","289.1","284.3","279.9","275.3","270.7","265.9","260.9","256","250.8","245.6","240.3","234.9","229.2","223.3","217.6","211.8","206.3","201","195.6","190.5","185.5","180.5","175.5","170.7","166","161.5","157.1","152.9","148.7","144.5","140.3","136.2","131.9","127.7","123.3","119","114.7","110.6","106.6","102.9","99.4","96.2","93.3","90.7","88.4","86.2","84.1","82.2","80.2","137.7","76.5","74.6","72.8","70.9","69.1","67.2","65.3","63.4","61.5","59.8","58.1","56.2","54.4","52.8","",
"Hungary","HUN","Mortality rate, under-5 (per 1,000 live births)","SH.DYN.MORT","54.1","51.6","49.4","47.5","45.9","44.5","43.2","42","40.8","39.8","38.9","38.3","38.2","38.3","37.7","35.5","32.3","29.3","27","25.2","23.7","22.6","22","21.9","21.9","21.5","20.7","19.7","18.7","17.8","17.2","16.5","15.7","14.5","13.4","12.5","11.9","11.5","11.1","10.6","10.1","9.5","9","8.4","8","7.5","7.2","6.8","6.5","6.2","6","5.9","5.7","5.6","5.3","5.1","4.7","4.5","4.3","4.1","4","4","3.9","3.8","3.7","",
"IBRD only","IBD","Mortality rate, under-5 (per 1,000 live births)","SH.DYN.MORT","","","","","","","","","","","","","","","","","","","","","","","","","","","","","","","78.1416351082725","77.4996213225208","75.8507614666125","73.9730310839714","71.950127086958","69.8665349686671","67.7425783340876","65.5659936177235","63.2936905207383","60.9452127405406","58.3614429812875","56.1688158230713","53.6325324452846","51.0596649636807","48.8462625179564","45.9221457752169","43.3899001810369","40.935527044949","38.5641990306494","36.4255085372224","34.4513038342427","32.6633578025476","30.5995012213551","29.168083341983","27.4123864989869","26.3413290893219","25.1089807081947","23.854318818368","23.4442956099547","22.5844615647677","22.1850623203202","21.5924267168741","21.0193519897855","20.4507037715747","19.6091730049436","",
"IDA & IBRD total","IBT","Mortality rate, under-5 (per 1,000 live births)","SH.DYN.MORT","","","","","","","","","","","","","","","","","","","","","","","","","","","","","","","101.488536131065","102.106217059848","101.016347778002","99.5592412655947","97.4969447420359","95.2255472136723","94.0524425483414","91.7668796403052","89.9966861498209","86.4839465281623","83.2518339608636","80.8212518784276","77.388816003674","74.3042022287337","71.5345625751571","67.7155522211802","64.6848752006473","61.8548777157548","59.3783854885707","57.2665099336567","54.8743175277049","53.5375021107104","50.4019591519664","48.7798966691799","47.43517108688","46.3869965708754","45.0167897925032","44.1583028931606","43.3739482895554","42.7794421008687","42.4922083281563","42.9382742931704","43.1834698029139","41.382706913428","40.2623205090947","",
"IDA total","IDA","Mortality rate, under-5 (per 1,000 live births)","SH.DYN.MORT","","","","","","","","","","","","","","","","","","","","","","","","","","","","","","","160.628717945838","159.826747093148","157.718862196842","155.346920898115","151.643867106147","147.499017249425","146.826326204559","142.998472634156","141.016511761739","133.966457125065","129.199281249144","125.226254418226","119.384292046139","114.646346006639","110.573176866386","104.623943899033","100.221727189192","96.3474817288562","93.4632287880326","91.1394377544346","87.54883055336","86.6153118509758","82.0984677269542","79.356290736495","78.2696531874441","76.4932195987004","74.8022236414607","73.6820694866744","70.7073225986315","69.4074968502149","67.4648126783118","68.0064112201956","68.2791646728512","64.4912684750639","62.7494142976198","",
"IDA blend","IDB","Mortality rate, under-5 (per 1,000 live births)","SH.DYN.MORT","","","","","","","","","","","","","","","","","","","","","","","","","","","","","","","153.614446803112","152.620741335503","151.776230197231","151.017287364518","149.915392492703","148.341795754007","146.194613099647","143.400959760637","140.003028919999","136.53831488893","132.632143378455","128.523722514361","124.427727125497","120.432492409236","116.719834111149","113.096678219845","109.504672853843","106.195180936754","102.989146998811","100.274455807164","97.7581338926115","95.4071007579972","93.0603666172748","90.870695521886","89.0200242810528","87.3420837922888","85.7706738523369","84.3590132998074","82.9417022338448","81.79549064533","80.4458118967861","79.4387739493454","78.3794185953685","77.1942653568078","75.8918520723436","",
"Indonesia","IDN","Mortality rate, under-5 (per 1,000 live births)","SH.DYN.MORT","224.5","218.2","212.3","206.4","200.7","229.9","189.1","183.3","177.5","171.8","166.3","160.9","155.6","150.5","145.6","140.9","136.4","132.2","128.1","124.2","120.4","116.6","112.8","109.1","105.4","101.8","98.1","94.4","90.7","86.9","83.2","79.4","75.8","72.2","68.8","65.5","62.4","59.4","56.6","53.9","51.4","49","46.7","44.6","48.6","40.7","38.9","37.2","35.6","34.1","32.6","31.2","29.9","28.6","27.3","26.1","25","23.8","22.8","21.8","20.8","19.9","19.1","18.4","17.7","",
"IDA only","IDX","Mortality rate, under-5 (per 1,000 live births)","SH.DYN.MORT","","","","","","","","","","","","","","","","","","","","","","","","","","","","","","","164.384440525088","163.728091650462","160.951051876281","157.686160304498","152.574472081539","147.045923619015","147.16659625667","142.782110262143","141.56211504748","132.570933862536","127.327180927315","123.420744238808","116.615942171355","111.460926785655","107.197583983109","99.9397845776829","95.0277688116048","90.7663707698683","87.9667991827962","85.8050310556144","81.5360914415985","81.4248111380107","75.6643702725594","72.6386136365906","72.0297513904006","70.2706407758469","68.6289269814824","67.7482970229584","64.0090692798865","62.7277314334513","60.5473011270219","61.9200563226145","62.9267579403154","57.7865752666587","55.8649067799557","",
"Isle of Man","IMN","Mortality rate, under-5 (per 1,000 live births)","SH.DYN.MORT","","","","","","","","","","","","","","","","","","","","","","","","","","","","","","","","","","","","","","","","","","","","","","","","","","","","","","","","","","","","","","","","","","",
"India","IND","Mortality rate, under-5 (per 1,000 live births)","SH.DYN.MORT","241.3","238.1","235","232.2","229.6","227","224.5","222.1","219.7","217.1","214.4","211.4","208.2","204.5","200.6","196.1","191.3","186.1","180.7","175.2","169.8","164.6","159.8","155.2","151","146.8","142.8","138.8","134.8","130.9","127","123.4","119.9","116.5","113.1","109.7","106.2","102.7","99.1","95.4","91.8","88.1","84.6","81.1","77.7","74.3","71","67.8","64.5","61.2","58.1","55","52","49.1","46.4","43.7","41.3","39","36.9","34.9","33","31.2","29.5","28","26.6","",
"Not classified","INX","Mortality rate, under-5 (per 1,000 live births)","SH.DYN.MORT","","","","","","","","","","","","","","","","","","","","","","","","","","","","","","","","","","","","","","","","","","","","","","","","","","","","","","","","","","","","","","","","","","",
"Ireland","IRL","Mortality rate, under-5 (per 1,000 live births)","SH.DYN.MORT","35.2","33.8","32.5","31.3","30.1","28.7","27.1","25.5","24.1","23","22.2","21.7","21.4","21.1","20.6","20","19.1","18.1","16.9","15.6","14.3","13.2","12.4","11.7","11.1","10.7","10.4","10.2","9.9","9.6","9.2","8.7","8.1","7.7","7.4","7.3","7.3","7.3","7.3","7.3","7.2","6.9","6.5","6.1","5.6","5.2","4.8","4.6","4.4","4.3","4.2","4.1","4","3.9","3.8","3.7","3.6","3.5","3.4","3.4","3.5","3.6","3.7","3.8","3.9","",
"Iran, Islamic Rep.","IRN","Mortality rate, under-5 (per 1,000 live births)","SH.DYN.MORT","","","","","","","","","","","","189.2","180.2","171.7","163","154.3","145.4","136.3","127","117.9","109.2","101","93.8","87.3","81.8","76.9","72.5","68.4","64.6","61.1","58","55.1","52.5","50.3","48.2","46.2","44.3","42.4","40.4","38.4","36.4","34.3","32.3","30.3","28.3","26.5","24.7","23.1","21.7","20.4","19.3","18.3","17.5","16.8","16.1","15.5","14.9","14.4","13.9","13.4","13","12.6","12.1","11.7","11.3","",
"Iraq","IRQ","Mortality rate, under-5 (per 1,000 live births)","SH.DYN.MORT","189.9","179","169","159.8","151.2","143.4","136.2","129.5","123.3","117.6","112.2","107.1","102.3","97.7","93.3","89.2","85.3","81.7","78.4","75.3","72.4","69.8","67.3","65.1","63","61.1","59.4","57.8","70.2","82.9","81.4","65.7","51.9","50.9","50","49.1","48.2","47.2","46.3","45.3","44.3","43.4","42.5","41.6","40.7","39.7","38.8","37.7","36.7","35.6","34.5","33.4","32.4","31.3","30.3","29.3","28.4","27.5","26.5","25.7","24.9","24","23.3","22.5","21.8","",
"Iceland","ISL","Mortality rate, under-5 (per 1,000 live births)","SH.DYN.MORT","21.4","21.1","20.7","20.2","19.7","19.1","18.5","17.9","17.2","16.6","16","15.4","14.8","14.1","13.5","12.8","12.2","11.5","10.9","10.3","9.7","9.2","8.7","8.3","7.9","7.6","7.4","7.1","6.9","6.6","6.4","6.2","5.9","5.7","5.4","5.2","4.9","4.6","4.4","4.1","3.9","3.7","3.5","3.3","3.2","3.1","2.9","2.8","2.8","2.7","2.7","2.6","2.6","2.6","2.6","2.6","2.6","2.7","2.7","2.8","2.8","2.9","2.9","2.9","2.8","",
"Israel","ISR","Mortality rate, under-5 (per 1,000 live births)","SH.DYN.MORT","47.1","44.8","42.6","40.6","38.6","36.8","35.1","33.6","32.3","31.1","30","29.1","28.2","27.2","26.1","24.8","23.3","21.9","20.5","19.3","18.2","17.4","16.6","15.9","15.1","14.4","13.7","13.1","12.6","12","11.5","11","10.4","9.8","9.2","8.7","8.2","7.8","7.5","7.2","6.9","6.6","6.4","6.1","5.8","5.6","5.3","5.1","4.9","4.7","4.6","4.4","4.3","4.1","4","3.9","3.8","3.7","3.7","3.6","3.5","3.5","3.4","3.4","3.3","",
"Italy","ITA","Mortality rate, under-5 (per 1,000 live births)","SH.DYN.MORT","51.9","49.8","47.6","45.3","43.1","41.1","39.3","37.8","36.4","35.1","33.6","31.8","29.8","27.6","25.3","23.1","21.1","19.5","18.1","17","16.1","15.2","14.3","13.5","12.7","12","11.4","10.8","10.4","10","9.7","9.3","8.9","8.5","8","7.5","7","6.6","6.2","5.9","5.6","5.3","5.1","4.8","4.6","4.5","4.3","4.2","4.1","4.1","4","3.9","3.8","3.7","3.6","3.5","3.4","3.3","3.2","3.1","3","2.9","2.8","2.8","2.7","",
"Jamaica","JAM","Mortality rate, under-5 (per 1,000 live births)","SH.DYN.MORT","82","78.2","74.8","71.8","69.2","66.9","64.8","62.7","60.6","58.4","56.1","53.8","51.4","49.1","46.9","45","43.2","41.6","40.1","38.8","37.5","36.2","35","33.9","32.9","32","31","30.2","29.4","28.7","28","27.3","26.5","25.8","25","24.3","23.4","22.6","21.9","21.1","20.5","20","19.6","19.3","19.1","19.1","19.1","19.1","19.1","19.1","19","19","18.9","18.9","18.8","18.7","18.7","18.7","18.7","18.8","18.7","18.6","18.4","18.1","17.8","",
"Jordan","JOR","Mortality rate, under-5 (per 1,000 live births)","SH.DYN.MORT","155.4","146.5","138.2","130.5","123.2","116.6","110.4","104.7","99.4","94.5","89.8","85.5","81.3","77.4","73.7","70.2","66.9","63.7","60.7","57.9","55.2","52.7","50.3","48","45.8","43.8","41.8","40.1","38.4","37","35.6","34.3","33.2","32.1","31.1","30.1","29.2","28.3","27.5","26.6","25.8","25","24.2","23.5","22.7","22","21.3","20.7","20.1","19.5","18.9","18.4","17.9","17.4","17","16.5","16.1","15.7","15.3","14.9","14.5","14.1","13.7","13.3","12.9","",
"Japan","JPN","Mortality rate, under-5 (per 1,000 live births)","SH.DYN.MORT","39.8","36.3","32.9","29.7","27","24.6","22.6","21","19.6","18.5","17.5","16.5","15.7","14.9","14.1","13.3","12.5","11.8","11.1","10.5","9.9","9.3","8.8","8.3","7.9","7.5","7.1","6.8","6.6","6.4","6.3","6.2","6.1","6","5.9","5.7","5.5","5.2","5","4.7","4.5","4.3","4.1","4","3.9","3.7","3.6","3.5","3.4","3.4","3.3","3.3","3.1","3","2.9","2.8","2.7","2.6","2.5","2.5","2.4","2.4","2.4","2.4","2.4","",
"Kazakhstan","KAZ","Mortality rate, under-5 (per 1,000 live births)","SH.DYN.MORT","","","","","","","","","","","","85.6","83.5","81.6","79.7","78.1","76.5","75.2","73.7","72.2","70.2","68.1","65.8","63.6","61.4","59.2","57","55","53.2","51.9","51.1","50.8","51.1","51.7","52.1","51.9","51","49.3","47.1","44.7","42.1","39.6","37.2","35.1","33","31","28.9","26.8","24.7","22.5","20.4","18.3","16.3","14.5","13","11.9","11","10.5","10.3","10.2","10.1","10","9.8","9.6","9.4","",
"Kenya","KEN","Mortality rate, under-5 (per 1,000 live births)","SH.DYN.MORT","197.2","189.1","182","175.8","170.7","166.6","163.2","160","156.8","153.6","150.2","146.8","143.2","139.3","135.2","131","126.6","122.2","117.8","113.5","109.7","106","102.7","99.8","97.5","95.9","95.1","95.2","96.4","98.6","101.4","104.4","107.1","109","109.7","109.3","108","105.9","103","99.5","95.2","90.5","85.6","80.8","76.1","71.2","66.8","62.9","58","55.2","53.1","51.7","50.7","49.4","48.3","46.8","45.5","44.7","43.7","42.7","42.1","41.3","40.5","39.6","38.8","",
"Kyrgyz Republic","KGZ","Mortality rate, under-5 (per 1,000 live births)","SH.DYN.MORT","","","","","","","","","","","","","","","","113.5","111.1","108.5","106.1","103.5","100.5","96.8","93","88.7","84.1","79.6","75.2","71.2","67.9","65.5","64.5","64.7","65.2","65.5","65.3","64","61.8","59.1","56.4","53.6","50.8","48.1","45.5","43","40.9","39.2","37.6","35.9","33.8","31.6","29.5","27.6","26","24.7","23.5","22.3","21.1","20","19","18.3","17.8","17.5","17.3","17","16.8","",
"Cambodia","KHM","Mortality rate, under-5 (per 1,000 live births)","SH.DYN.MORT","","","","","","","","","","","","","","","","535","551.3","543","518.7","207.3","181.5","159.1","141.9","130.6","124.2","120.6","118.4","116.9","116.3","116.2","116.3","116.3","116.4","117","118","119","119.5","118.8","116.5","112.1","105.2","96","86.2","77.5","70.4","64.4","59.3","54.9","50.8","47","43.5","40.3","37.2","34.5","32","29.6","27.5","25.6","24.1","22.8","21.8","20.8","19.9","19.1","18.4","",
"Kiribati","KIR","Mortality rate, under-5 (per 1,000 live births)","SH.DYN.MORT","199","194.2","188.7","182.7","176.5","170","163.6","157.4","151.4","145.8","140.8","136.3","132.3","129.1","126.9","125","123.7","122.5","121.4","120.2","118.7","117.2","115.2","113.1","110.9","108.3","105.5","102.2","98.7","94.8","91.2","87.5","84.2","81.2","78.5","76.1","73.9","71.9","69.8","67.8","65.8","64.1","62.5","61.4","60.7","60.1","59.7","59.2","58.7","58.2","57.7","57.5","57.4","57.7","58","58.6","59.1","59.6","59.6","59.1","58.3","57.2","55.9","54.5","53.1","",
"St. Kitts and Nevis","KNA","Mortality rate, under-5 (per 1,000 live births)","SH.DYN.MORT","","","","","","","","","","","","","","61.7","60.4","59.2","57.8","56.4","54.8","52.9","50.6","48","45.3","42.5","39.9","37.6","35.6","33.8","32.4","31.2","30.3","29.6","29","28.5","28","27.5","27","26.4","25.6","24.8","23.9","22.9","22","21.1","20.3","19.7","19.2","18.9","18.8","18.7","18.8","18.9","19.1","19.3","19.4","19.4","19.3","19","18.6","18.2","17.8","17.3","16.8","16.4","15.9","",
"Korea, Rep.","KOR","Mortality rate, under-5 (per 1,000 live births)","SH.DYN.MORT","112.9","107.2","102.3","97.4","92.4","87.3","81.9","76.5","71.1","66","61.4","57.2","53.7","50.8","48.3","46.2","44.2","42.4","40.4","38.5","36.3","34","31.6","29.3","26.9","24.6","22.4","20.5","18.7","17.1","15.7","14.5","13.3","12.3","11.4","10.5","9.8","9.1","8.5","8","7.6","7.2","6.8","6.4","6","5.6","5.2","4.8","4.5","4.3","4.1","4","3.8","3.7","3.6","3.5","3.4","3.3","3.2","3.1","3.1","3","2.9","2.9","2.8","",
"Kuwait","KWT","Mortality rate, under-5 (per 1,000 live births)","SH.DYN.MORT","142","132.2","123.2","114.6","106.4","98.8","91.9","85.6","79.9","74.8","70.1","65.8","61.8","58.1","54.6","51.2","48","44.8","41.8","38.9","36","32.9","30","27.2","24.9","23","21.6","20.4","19.4","18.3","17.2","16.4","15.7","15.2","14.9","14.6","14.2","13.8","13.4","13.1","12.7","12.5","12.3","12.2","12","11.8","11.6","11.4","11.2","11","10.7","10.3","10","9.6","9.3","9.1","9","8.9","8.9","8.9","8.8","8.7","8.6","8.4","8.1","",
"Latin America & Caribbean (excluding high income)","LAC","Mortality rate, under-5 (per 1,000 live births)","SH.DYN.MORT","","","","","","","","","","","","","","","","","","","","","","","","","","","","","","","56.1287341060854","53.6936618107834","51.1963519943138","48.6841944327242","46.254853277284","43.8900289984977","41.5954707781584","39.351514560188","37.8138663934058","35.2724690353688","33.4441328098718","31.7424656108912","30.1389272816993","28.727058048678","27.4105780846698","26.1516836669544","25.0465562706623","24.048301894126","23.0910646876721","22.2837116620653","23.0719253457918","20.8103918479881","20.167814815645","19.5785825323383","19.0550458732845","18.6401025520998","18.8642166926167","18.0910253911405","17.6665057888331","17.2871498011787","16.9935152165814","16.6106091323366","16.2946960724099","15.9236740042292","15.5614226781737","",
"Lao PDR","LAO","Mortality rate, under-5 (per 1,000 live births)","SH.DYN.MORT","","","","","","","","","","","","","","","","","","","212.8","206.8","200.9","195.4","190","184.9","179.8","174.8","169.7","164.7","159.5","154.3","148.9","143.6","138.2","133","127.8","123","118.1","113.5","109","104.5","100.1","95.6","91.1","86.6","82.1","77.7","73.5","69.5","65.5","61.8","58.4","55.1","52.1","49.4","46.8","44.4","42.2","40.2","38.3","36.5","34.8","33.2","31.8","30.5","29.4","",
"Lebanon","LBN","Mortality rate, under-5 (per 1,000 live births)","SH.DYN.MORT","74.5","72","69.8","67.7","66","64.4","63.2","62.2","61.4","60.7","60.1","59.6","59.1","58.6","58","57.1","209.1","81.5","79.5","77.4","75.2","72.9","125.7","54.5","52.3","50.1","47.9","58.6","56.4","33.5","31.9","30.3","28.9","27.6","26.4","25.2","24.1","23.1","22","21","20","18.9","18","17","16.1","15.3","14.6","14.1","13.6","13.2","13","12.8","12.7","12.7","12.8","12.9","13.2","13.5","14","14.5","15.1","15.7","16.3","17","17.6","",
"Liberia","LBR","Mortality rate, under-5 (per 1,000 live births)","SH.DYN.MORT","309.7","310.1","309.7","308.6","307","305.1","302.5","299.2","295","290.6","285.9","281.3","276.8","272.6","268.4","264.2","260.2","256.6","253.1","249.7","246.6","244","242.1","241.1","241.6","243.9","247.9","253.4","259.5","265.5","270","272.3","271.7","268.1","261.9","253.7","243.8","232.7","220.7","208","194.9","181.7","168.6","156.2","144.8","134.9","126.5","119.6","114","109.5","105.7","102.4","99.5","97","97","93.2","91.5","90.3","89.4","88.7","88.3","88","87.8","87.3","86.4","",
"Libya","LBY","Mortality rate, under-5 (per 1,000 live births)","SH.DYN.MORT","276.8","259","242.5","226.5","211.6","197.5","183.7","170.7","158.5","147.2","136.7","126.9","117.8","109.7","102.4","95.8","89.9","84.5","79.8","75.5","71.7","68.1","64.6","61.4","58.2","55.2","52.3","49.6","46.9","44.5","42.1","40","38","36.2","34.6","33.2","31.9","30.9","29.9","29","28.1","27.3","26.5","25.5","24.4","23.1","21.7","20.2","18.8","17.6","16.6","19.6","15","14.4","13.8","13.3","12.8","12.4","11.9","11.6","11.2","10.8","10.4","31.7","9.8","",
"St. Lucia","LCA","Mortality rate, under-5 (per 1,000 live births)","SH.DYN.MORT","134.2","128.5","122.4","116.1","109.6","102.9","96.2","89.6","83.2","76.9","71","65.4","60.1","55.3","50.8","46.7","43","39.7","36.8","34.2","32","30","28.3","26.8","25.5","24.4","23.5","22.6","21.9","21.3","20.8","20.4","20","19.7","19.4","19.2","19","18.8","18.7","18.5","18.5","18.4","18.4","18.4","18.5","18.5","18.6","18.6","18.7","18.8","18.8","18.8","18.8","18.8","18.8","18.7","18.6","18.5","18.4","18.2","18.1","17.9","17.7","17.5","17.2","",
"Latin America & Caribbean","LCN","Mortality rate, under-5 (per 1,000 live births)","SH.DYN.MORT","","","","","","","","","","","","","","","","","","","","","","","","","","","","","","","54.6","52.2","49.8","47.4","45","42.7","40.5","38.4","36.9","34.4","32.7","31","29.5","28.1","26.8","25.6","24.6","23.6","22.7","21.8","22.7","20.4","19.8","19.2","18.7","18.3","18.5","17.8","17.4","17","16.7","16.4","16","15.7","15.4","",
"Least developed countries: UN classification","LDC","Mortality rate, under-5 (per 1,000 live births)","SH.DYN.MORT","","","","","","","","","","","","","","","","","","","","","","","","","","","","","","","174.949059629373","174.348233464952","171.406340062544","167.904224935193","162.436731532485","156.555005296049","156.607894725216","151.899677914334","150.364489614907","141.110594994785","135.451790803909","131.328415459567","124.038280132838","118.420245030386","113.52081394987","105.839816864822","100.457635767686","95.873261787209","92.8247276095734","90.199391714479","85.6899688374813","85.405630660543","78.9683107630127","75.6025193182824","74.8025837290209","72.8100125948255","71.054277919873","70.079615665245","66.2088432218734","64.9894842046459","62.7609575491969","64.1944650254906","65.2073899956534","59.9142356695817","57.9636718637922","",
"Low income","LIC","Mortality rate, under-5 (per 1,000 live births)","SH.DYN.MORT","","","","","","","","","","","","","","","","","","","","","","","","","","","","","","","179.5","182.9","181","178.2","172.4","166.5","171","166.7","169.2","155.4","150","147.4","138.7","131.5","126.9","116.7","110.8","105.8","101.1","102.3","94.8","98.5","88.9","85.4","86.2","84.9","83.6","83.5","77.9","76.9","73.9","73.3","76.7","70.5","68.8","",
"Liechtenstein","LIE","Mortality rate, under-5 (per 1,000 live births)","SH.DYN.MORT","","","","","","","","","","","","","","","","","","","","","","","","","","","","","","","","","","","","","","","","","","","","","","","","","","","","","","","","","","","","","","","","","","",
"Sri Lanka","LKA","Mortality rate, under-5 (per 1,000 live births)","SH.DYN.MORT","94.1","89.6","86.7","84.8","83","80.7","78.1","75.5","73.1","71.3","70.1","69.1","68.3","67.3","65.9","63.8","61.1","57.6","53.7","49.9","46.3","42.9","39.8","36.7","33.5","30.2","27.4","25.3","24.1","27.9","23.3","23.2","22.9","22.2","21.4","20.5","19.5","18.6","17.6","16.9","16.3","15.8","15.5","15.2","29","14","13.3","12.6","12","21.5","11.2","10.8","10.3","9.8","9.2","8.7","8.3","7.9","7.6","7.2","6.9","6.6","6.3","6.1","5.9","",
"Lower middle income","LMC","Mortality rate, under-5 (per 1,000 live births)","SH.DYN.MORT","","","","","","","","","","","","","","","","","","","","","","","","","","","","","","","127.9","125","122.2","119.5","116.9","114.2","111.4","108.2","105","101.5","97.8","94.1","90.4","86.8","83.5","80.2","77.2","74.2","71.9","68.7","66.4","63.7","61.3","59.1","57.1","55.3","53.5","52","50.6","49.3","48.1","47","46","44.9","43.8","",
"Low & middle income","LMY","Mortality rate, under-5 (per 1,000 live births)","SH.DYN.MORT","","","","","","","","","","","","","","","","","","","","","","","","","","","","","","","103.382051784362","103.942391620632","102.68020204972","101.048168065282","98.9359171631739","96.8211475552699","95.5914348188253","93.2225042233597","91.4148668718231","87.8097871430858","84.5290508109652","82.0840254828627","78.6329056767441","75.3561562889379","72.572476781959","68.6974672801333","65.6410044716513","62.8298769735926","60.3603110479709","58.2281330024569","55.791137924775","54.4087946827606","51.2347363369315","49.5783672586212","48.2266301414437","47.1646714262583","45.7645870534782","44.8467778578483","44.0386420740122","43.400655270482","43.1040813833532","43.5403455174506","43.7631591536405","41.9595483512666","40.8020830161884","",
"Lesotho","LSO","Mortality rate, under-5 (per 1,000 live births)","SH.DYN.MORT","185.3","184.3","184.4","185.1","185.9","186.2","185.8","184.5","182.2","179.2","175.5","171.6","167.6","163.3","158.7","153.3","147.4","141.1","134.8","128.6","122.4","116.4","110.7","105.7","101.1","96.9","93.3","90.2","87.7","85.7","84.5","84.4","85.4","87.6","91.1","95.1","98.9","102.1","104.2","106.3","108.3","110.3","112.1","113.2","113.9","114.6","114.7","111.9","111.6","99.1","90.9","85.2","81.4","79.3","77.6","75.1","71.4","70.1","68.8","68.1","66.3","64","62","61.3","60","",
"Late-demographic dividend","LTE","Mortality rate, under-5 (per 1,000 live births)","SH.DYN.MORT","","","","","","","","","","","","","","","","","","","","","","","","","","","","","","","50.4292536727613","49.1262981982961","47.8847394236181","46.4656208821396","44.733608011879","43.8981069505261","42.0183636549309","40.1103615911379","38.1474063439569","36.1117897963165","34.0143921184361","31.8291593637484","29.6246246696328","26.7275133876914","25.0262330776091","23.0666406183677","21.4230637555318","19.9410205907095","18.5911842714602","17.5377591257261","16.3195349532003","15.4370950892919","14.4920222605257","13.7165601776572","12.963930913128","12.2863199817925","11.7039737633974","11.0144899278281","10.622397482105","10.209210734269","10.0462731195544","9.79989082006787","9.62694958591045","9.32457678981666","8.98518770267021","",
"Lithuania","LTU","Mortality rate, under-5 (per 1,000 live births)","SH.DYN.MORT","49.1","44.1","40","36.5","33.5","31.2","29.4","27.9","26.2","24.6","23","21.7","21","21.3","22","22.7","22.8","22.4","21.8","21.1","20.4","19.8","19.3","18.8","18.2","17.4","16.3","15.2","14.5","14.3","15","16.5","18","18.1","16.8","15.1","13.5","12.4","11.6","11.1","10.7","10.3","9.9","9.6","9.3","9","8.6","8","7.3","6.7","6.1","5.6","5.3","5.1","5.1","5","4.8","4.5","4.2","3.9","3.7","3.6","3.5","3.4","3.4","",
"Luxembourg","LUX","Mortality rate, under-5 (per 1,000 live births)","SH.DYN.MORT","37.2","35.4","33.7","32","30.4","28.9","27.5","26.1","24.8","23.6","22.3","21.1","19.9","18.8","17.7","16.7","15.8","15.1","14.4","13.9","13.4","12.9","12.5","12.1","11.6","11.2","10.7","10.2","9.8","9.3","8.8","8.3","7.8","7.3","6.8","6.4","6","5.6","5.3","5","4.7","4.4","4.2","3.9","3.7","3.5","3.3","3.1","3","2.9","2.8","2.7","2.7","2.6","2.6","2.5","2.5","2.5","2.4","2.4","2.4","2.3","2.3","2.2","2.2","",
"Latvia","LVA","Mortality rate, under-5 (per 1,000 live births)","SH.DYN.MORT","33.2","31.4","29.6","28","26.5","25.2","24","23.1","22.4","21.8","21.4","21.1","21.2","21.4","21.8","22.2","22.4","22.3","22","21.6","21.2","20.8","20.2","19.5","18.5","17.4","16.4","15.7","15.5","15.9","16.9","18.2","19.3","19.9","20","19.7","19","18","16.7","15.4","14.3","13.4","12.6","11.9","11.1","10.5","9.9","9.3","8.8","8.3","7.7","7.2","6.6","6.1","5.6","5.1","4.8","4.5","4.2","3.9","3.6","3.3","3","2.8","2.5","",
"Macao SAR, China","MAC","Mortality rate, under-5 (per 1,000 live births)","SH.DYN.MORT","","","","","","","","","","","","","","","","","","","","","","","","","","","","","","","","","","","","","","","","","","","","","","","","","","","","","","","","","","","","","","","","","","",
"St. Martin (French part)","MAF","Mortality rate, under-5 (per 1,000 live births)","SH.DYN.MORT","","","","","","","","","","","","","","","","","","","","","","","","","","","","","","","","","","","","","","","","","","","","","","","","","","","","","","","","","","","","","","","","","","",
"Morocco","MAR","Mortality rate, under-5 (per 1,000 live births)","SH.DYN.MORT","245.2","240.3","235.1","229.9","224.5","218.8","213","207.3","201.7","196.6","191.9","187.6","183.5","179.3","174.6","169.2","163.1","156.5","149.4","142.2","135.2","128.2","121.6","115.2","109.2","103.5","98.2","93.3","88.9","84.8","81.1","77.6","74.3","71.1","68.1","65.2","62.3","59.6","57.1","54.7","52.4","50.2","48","45.8","43.6","41.4","39.2","36.9","34.8","32.8","30.9","29.2","27.5","26","24.5","23.1","21.9","20.8","19.9","19.1","18.3","17.6","17","16.3","15.7","",
"Monaco","MCO","Mortality rate, under-5 (per 1,000 live births)","SH.DYN.MORT","","","","","","","","","","","","","","","","","","","","","","","","","","9.7","9.3","8.9","8.5","8.1","7.8","7.4","7.1","6.8","6.5","6.2","6","5.8","5.5","5.3","5.2","5","4.8","4.7","4.6","4.5","4.4","4.3","4.2","4.1","4","3.9","3.8","3.7","3.6","3.5","3.4","3.3","3.2","3.1","3","2.9","2.8","2.7","2.7","",
"Moldova","MDA","Mortality rate, under-5 (per 1,000 live births)","SH.DYN.MORT","","","","","","","","","","","","63.8","61.9","60.3","58.6","57","55.4","53.9","52.3","51","49.7","48.2","46.4","44.5","42.4","40.2","38.2","36.5","35","33.9","33.5","33.9","34.9","36.2","37.5","38.4","38.6","37.9","36.3","34.1","31.4","28.5","25.8","23.4","21.5","20.1","19","18.2","17.7","17.2","16.8","16.5","16.2","16","15.8","15.6","15.5","15.4","15.4","15.5","15.6","15.8","16","16.2","16.5","",
"Madagascar","MDG","Mortality rate, under-5 (per 1,000 live births)","SH.DYN.MORT","","","","","","","","","145.6","147.5","149.3","151.2","153.2","155.7","158.2","160.7","163","165.1","167.1","169.2","245.2","245.9","304.8","239.5","177.5","176.6","174.2","170.5","165.8","160.4","154.8","149.4","144.3","139.5","134.7","129.8","124.8","119.6","114.4","109.3","104.4","99.8","95.6","91.6","87.8","84.1","80.8","77.6","74.8","72.4","70.3","68.6","67.3","66.4","65.7","65.3","64.9","64.9","64.9","65","65.1","65","64.5","63.6","62.4","",
"Maldives","MDV","Mortality rate, under-5 (per 1,000 live births)","SH.DYN.MORT","","","334.1","325","315.8","306.7","297.4","287.9","278.1","268.4","258.5","248.1","237","225.4","213.5","201.7","190.2","179.5","169.5","160","151.3","143.1","135.4","128.2","121.3","114.9","108.7","102.8","97.2","92","87","82.1","77.4","72.7","68","63.1","58.3","53.5","48.8","44.1","39.5","35.1","31.1","27.4","27.2","21.6","19.4","17.6","16.1","14.9","13.8","12.9","12.1","11.3","10.6","9.9","9.2","8.6","8","7.4","6.9","6.4","6","5.7","5.4","",
"Middle East, North Africa, Afghanistan & Pakistan","MEA","Mortality rate, under-5 (per 1,000 live births)","SH.DYN.MORT","","","","","","","","","","","","","","","","","","","","","","","","","","","","","","","98.9","95.8","93","91.1","89.4","87.4","85.2","82.7","80.1","77.5","75","72.4","69.9","67.7","65.4","63.2","61.3","59.4","57.6","55.9","54.2","52.5","51.1","49.4","47.6","46.2","44.6","43.5","42.7","41.9","40.8","39.8","38.7","37.8","36.4","",
"Mexico","MEX","Mortality rate, under-5 (per 1,000 live births)","SH.DYN.MORT","154.7","148.1","142.3","136.8","131.8","127.2","122.8","118.6","114.6","110.7","106.9","103.1","99.4","95.7","92.1","88.6","85.2","81.8","78.5","75.1","71.8","68.5","65.4","62.4","59.5","56.9","54.3","51.8","49.4","47.1","44.9","42.7","40.7","38.7","36.9","35.1","33.4","31.8","30.2","28.8","27.4","26.2","25","23.9","23","22.1","21.3","20.7","20","19.5","18.9","18.4","17.9","17.5","17","16.6","16.2","15.8","15.4","15","14.6","14.2","13.8","13.4","13.1","",
"Marshall Islands","MHL","Mortality rate, under-5 (per 1,000 live births)","SH.DYN.MORT","121.2","115.5","110.2","105.2","100.4","96.2","92.2","88.5","85.1","81.7","78.6","75.7","73.3","71.3","69.7","68.6","67.7","67","66.1","65.2","64.2","63","61.6","60","58.4","56.7","55","53.2","51.4","49.6","47.8","46.1","44.6","43.3","42.4","41.9","41.8","42","42.3","42.6","42.7","42.7","42.5","42.2","41.8","41.3","40.9","40.4","40","39.5","39","38.4","37.8","37","36.1","35.2","34.2","33.2","32.2","31.2","30.3","29.4","28.5","27.6","26.7","",
"Middle income","MIC","Mortality rate, under-5 (per 1,000 live births)","SH.DYN.MORT","","","","","","","","","","","","","","","","","","","","","","","","","","","","","","","94.0280140694383","93.8254428629823","92.3046194487959","90.4974973552024","88.6701456264571","86.6670458780875","84.5922690832716","82.3256592503945","79.9458125277029","77.3749151833361","74.3804034384576","71.8526615134036","69.001171971917","66.1764540223491","63.6029873309403","60.5324100373271","57.8840436729488","55.3796396069672","53.2555633962478","50.7596649438918","48.8928891337214","46.8370771092161","44.5499933253951","43.1106066708463","41.3874477917751","40.2919351330772","38.8439677609959","37.6468384094244","37.3739192546255","36.6238785213717","36.5137939030937","36.1471358530293","35.6871665968619","35.1714651787478","34.2669397482747","",
"North Macedonia","MKD","Mortality rate, under-5 (per 1,000 live births)","SH.DYN.MORT","","","","","","","","","","","","","","","","","","","","","","56.8","55.1","52.9","50.8","49.4","48.9","47.4","43.9","39.6","36.5","34.9","33.6","31.1","27.8","24.6","21.7","19.5","18","16.9","16","15.1","14.5","14.2","14","13.7","13.1","12.3","11.5","10.8","10.4","10.2","10.4","10.7","11.1","11.1","10.6","9.6","8.4","7.1","6","5.1","4.2","3.4","2.8","",
"Mali","MLI","Mortality rate, under-5 (per 1,000 live births)","SH.DYN.MORT","","","","432.4","424.8","417.7","411","404.4","397.7","391.4","385.1","378.5","371.8","364.6","356.9","348.6","340","331.3","322.5","313.7","305.1","296.5","288","279.7","271.6","264","256.9","250.2","244.1","238.4","233.3","228.7","224.6","220.9","217.3","213.7","209.9","205.6","200.9","195.6","189.9","183.9","177.7","171.7","165.8","160.1","154.6","149.2","144","138.9","133.8","128.8","123.9","119.1","114.4","109.7","105.1","100.6","96.2","91.9","87.6","83.6","79.7","76.2","73","",
"Malta","MLT","Mortality rate, under-5 (per 1,000 live births)","SH.DYN.MORT","40","38.5","37.3","36.3","35.3","34.3","33.1","31.9","30.6","29.3","27.9","26.6","25.2","23.9","22.6","21.4","20.3","19.2","18.3","17.5","16.8","16.2","15.6","15.1","14.5","13.9","13.3","12.8","12.3","11.8","11.4","11","10.6","10.2","9.8","9.4","9","8.6","8.2","7.9","7.6","7.4","7.2","7.1","7","6.9","6.9","6.9","6.9","6.9","6.9","6.8","6.8","6.7","6.7","6.6","6.5","6.4","6.3","6.1","6","5.8","5.6","5.5","5.3","",
"Myanmar","MMR","Mortality rate, under-5 (per 1,000 live births)","SH.DYN.MORT","","","","","","","","","179.9","176.4","173","169.6","166.1","162.5","159.1","155.5","151.7","148.3","145","141.7","138.7","135.9","133.1","130.5","128.2","126","123.9","121.7","119.4","117","114.6","112.1","109.4","106.8","104.1","101.5","98.8","96.3","93.8","91.4","88.9","86.5","84.1","81.6","79.1","76.3","73.6","70.8","101.7","65.1","62.4","59.7","57","54.6","52.4","50.5","48.7","46.8","45.2","43.6","42.1","40.8","39.5","38.1","36.9","",
"Middle East, North Africa, Afghanistan & Pakistan (excluding high income)","MNA","Mortality rate, under-5 (per 1,000 live births)","SH.DYN.MORT","","","","","","","","","","","","","","","","","","","","","","","","","","","","","","","102.292065234665","99.1123793916427","96.332114189775","94.55524934416","92.9427531143148","90.9718311383188","88.6670398571029","86.0819860418732","83.3973929349619","80.8318621337402","78.1540605481908","75.3720938075077","72.8426609226077","70.5468743633933","68.0443557108093","65.7828528420864","63.8828983214164","61.8559491743971","60.0605390860058","58.3663299864853","56.606004469962","54.8421887091685","53.3649585528709","51.5708395126252","49.8162056878113","48.3695161809907","46.8492727969889","45.7708991752807","45.0311073861595","43.9889081854891","42.7294271759822","41.7122880124507","40.5260963028876","39.6509729252887","38.2202077806834","",
"Montenegro","MNE","Mortality rate, under-5 (per 1,000 live births)","SH.DYN.MORT","","","","","","","","","","","","","","","","","","","","","","","","","27.3","24.8","22.5","20.6","18.9","17.5","16.5","15.8","15.4","15.2","15.1","15.1","15.1","15","14.9","14.6","14.2","13.7","13","12.2","11.4","10.6","9.7","8.9","8.1","7.4","6.7","6.1","5.5","5","4.6","4.2","3.9","3.6","3.3","3.1","2.9","2.8","2.6","2.5","2.4","",
"Mongolia","MNG","Mortality rate, under-5 (per 1,000 live births)","SH.DYN.MORT","","","","","","","","","","","","","","","","","","","172.6","166.5","160.6","154.9","149.3","143.9","138.5","133","127.5","121.8","116.3","110.9","106.1","101.7","97.6","93.6","89.7","85.8","81.5","77.1","72.4","67.5","62.5","57.7","52.9","48.5","44.3","40.5","37","33.8","31","28.5","26.3","24.4","22.8","21.5","20.4","19.4","18.4","17.4","16.4","15.6","14.8","14.3","13.9","13.6","13.4","",
"Northern Mariana Islands","MNP","Mortality rate, under-5 (per 1,000 live births)","SH.DYN.MORT","","","","","","","","","","","","","","","","","","","","","","","","","","","","","","","","","","","","","","","","","","","","","","","","","","","","","","","","","","","","","","","","","","",
"Mozambique","MOZ","Mortality rate, under-5 (per 1,000 live births)","SH.DYN.MORT","","","","269.6","271","272.1","273.3","274.1","274.1","273.6","273.3","272.7","271.5","270.1","268.6","267","265.7","264.5","263.6","262.7","262.2","309.4","260.2","257.9","254.7","251.4","247.8","244.4","241.3","238.1","235.1","231.8","227.9","223.1","217.1","210.6","202.5","193.6","183.9","174.1","164.6","155.7","147.5","139.8","132.5","125.7","118.8","110.7","104.4","98.3","95.6","91.1","86.5","82.9","79.7","75.8","73.3","72","70.2","68.6","67.6","65.5","63.9","61.7","59.4","",
"Mauritania","MRT","Mortality rate, under-5 (per 1,000 live births)","SH.DYN.MORT","257.8","251.3","244.6","237.6","230.9","224","216.8","209.7","242.5","235.8","231.1","227.9","226.4","225.4","224.1","189.1","186.1","181.9","176.9","171.6","166.4","161.3","156.1","150.8","145","138.6","132.3","126.9","122.2","118.7","116.5","114.8","113.6","112.6","111.7","110.7","109.4","107.6","105.2","102","98","93.4","88.2","82.8","77.5","72.5","68.1","64.3","61.3","58.8","56.8","55.1","53.5","52.1","50.6","49.1","47.7","46.2","44.7","43.4","42","40.7","39.4","38.1","36.9","",
"Mauritius","MUS","Mortality rate, under-5 (per 1,000 live births)","SH.DYN.MORT","103.7","99.1","92.5","86.9","84.1","85.2","91","97.5","96.9","87.6","79","78.2","81.7","81.3","73.4","63.4","55.6","50.3","46.6","43.8","40.9","37.4","33.9","31.1","29.6","28.9","28.7","28.3","27.2","25.1","23.1","21.7","21.1","21.2","21.7","22.3","22.7","22.6","21.8","20.3","18.8","17.5","16.6","16","15.7","15.6","15.4","15.2","15","14.9","14.8","14.9","15","14.9","14.7","14.5","14.6","15","15.4","15.7","15.8","15.7","15.5","15.4","15.4","",
"Malawi","MWI","Mortality rate, under-5 (per 1,000 live births)","SH.DYN.MORT","","358.5","356.9","355.3","353.5","352.4","350.6","349","347","345.1","341.7","336.6","330.1","322.4","313.7","304.5","295","285.3","275.3","265.4","256.9","250.2","246.2","245.5","247.7","251.2","254","254.7","253.2","249.3","243.5","236.5","228.8","221.5","214.7","207.7","202.6","197.5","191.2","182.3","171","239","143.2","130","118.7","109.7","102.7","96.9","91","85.3","80.1","74","67.9","62.9","60","57.4","55.8","53.8","52","51.3","50.4","50","50.1","49.6","48.8","",
"Malaysia","MYS","Mortality rate, under-5 (per 1,000 live births)","SH.DYN.MORT","95.1","88.9","83","77.8","73.1","69.2","65.8","62.9","60.3","58","55.7","53.3","50.7","48","45.2","42.4","39.8","37.2","34.8","32.5","30.4","28.4","26.5","24.8","23.2","21.8","20.5","19.4","18.4","17.4","16.6","15.8","15.1","14.4","13.9","13.3","12.8","12.3","11.6","10.7","9.9","9.3","8.8","8.6","8.4","8.3","8.3","8.3","8.2","8.2","8.1","8.1","8","8","8.1","8.2","8.2","8.2","8.2","8.2","8.2","8.2","8.2","8.3","8.3","",
"North America","NAC","Mortality rate, under-5 (per 1,000 live births)","SH.DYN.MORT","","","","","","","","","","","","","","","","","","","","","","","","","","","","","","","11","10.6","10.2","9.9","9.5","9.2","9","8.7","8.6","8.4","8.3","8.2","8.1","8","7.9","7.8","7.7","7.6","7.5","7.3","7.2","7","6.9","6.8","6.7","6.6","6.6","6.5","6.4","6.4","6.4","6.4","6.4","6.4","6.4","",
"Namibia","NAM","Mortality rate, under-5 (per 1,000 live births)","SH.DYN.MORT","","","","","","","","96.3","96.5","96.7","97","97.3","97.7","98.2","98.9","99.9","101","102.1","102.9","103.1","102.7","101.1","98.8","95.7","92.1","88.1","84.3","80.9","78","75.4","73.6","72.3","71.5","71.2","71.6","72.6","74","75.6","77","78.1","78.2","77.6","76.6","75.6","74.4","71","66","62","57.5","53.2","50.3","50","52.6","50.8","50","51.8","51.4","49.8","48.5","46.6","44.8","43.2","41.6","41.1","39.5","",
"New Caledonia","NCL","Mortality rate, under-5 (per 1,000 live births)","SH.DYN.MORT","","","","","","","","","","","","","","","","","","","","","","","","","","","","","","","","","","","","","","","","","","","","","","","","","","","","","","","","","","","","","","","","","","",
"Niger","NER","Mortality rate, under-5 (per 1,000 live births)","SH.DYN.MORT","","","","","","","","321.1","324.8","328.8","332.9","337.1","340.9","343.5","344.6","343.5","340.8","336.6","331.8","327.6","325","324.5","326.5","330.2","334.5","338.5","341.3","342.1","341","337.7","332.4","325.4","316.7","306.4","294.3","281.8","269.4","257.9","247.2","237.5","227.9","217.4","205.9","194.1","182.4","171.4","161.6","153.1","146","140.3","136","132.7","130.3","128.3","126.8","125.4","124.3","123.1","121.9","120.8","119.5","118","116","113.5","110.7","",
"Nigeria","NGA","Mortality rate, under-5 (per 1,000 live births)","SH.DYN.MORT","","","","","325.7","318.8","312.1","305.4","406.8","397.2","387.4","276.3","268","259.8","251.5","243.3","235.8","228.8","222.6","217.1","212.9","209.7","207.7","206.7","206.6","206.9","207.5","208","208.2","208","207.6","206.7","205.7","204.6","203.1","201","198.1","194.3","189.4","183.6","177.3","170.5","163.9","157.4","151.4","145.8","140.9","136.5","132.5","129.2","126.3","123.8","121.6","119.9","118.7","117.8","117.4","117.2","117.2","117.4","117.4","117.6","117.5","116.8","115.6","",
"Nicaragua","NIC","Mortality rate, under-5 (per 1,000 live births)","SH.DYN.MORT","191.9","190.4","189","187.5","185.9","184.5","182.8","181.1","178.8","176.1","173.5","170.8","193.2","163.9","158.8","151.9","144.1","135.4","126.3","116.9","108.3","100.7","93.9","88.1","83.7","80.5","78","75.9","73.9","71.6","68.6","64.9","61.1","57.5","54.2","51.1","48","45","49.4","39.4","37.1","35.3","33.8","32.4","31.1","29.7","28.4","27.1","25.8","24.5","23.2","21.9","20.6","19.4","18.3","17.2","16.1","15.3","14.6","14.3","14.2","14.2","14.3","13.8","11.2","",
"Netherlands","NLD","Mortality rate, under-5 (per 1,000 live births)","SH.DYN.MORT","20.8","20.3","19.7","19.2","18.8","18.3","17.9","17.4","16.9","16.4","15.8","15.3","14.7","14.1","13.6","13.1","12.6","12.1","11.6","11.2","10.9","10.6","10.4","10.1","9.9","9.7","9.5","9.2","8.9","8.6","8.3","8","7.7","7.4","7.1","6.9","6.7","6.6","6.4","6.3","6.2","6","5.9","5.7","5.5","5.3","5.1","4.9","4.7","4.6","4.4","4.3","4.2","4.2","4.1","4.1","4.1","4","4","4","4","4","4","3.9","3.9","",
"Norway","NOR","Mortality rate, under-5 (per 1,000 live births)","SH.DYN.MORT","22.6","22.1","21.6","21","20.4","19.7","19","18.2","17.5","16.9","16.2","15.6","15","14.3","13.6","12.9","12.2","11.5","10.9","10.4","10.1","9.9","9.9","10","10.1","10.2","10.2","10.1","9.8","9.3","8.7","8","7.2","6.6","6.1","5.7","5.4","5.2","5.1","5","4.9","4.7","4.6","4.4","4.2","4.1","3.9","3.7","3.6","3.4","3.3","3.1","3","2.9","2.8","2.7","2.6","2.5","2.5","2.4","2.4","2.4","2.4","2.4","2.5","",
"Nepal","NPL","Mortality rate, under-5 (per 1,000 live births)","SH.DYN.MORT","329.5","325.4","320.4","314.7","308.2","301.3","294.3","287.4","280.6","274.1","267.8","261.8","256","250.3","244.7","239","233.3","227.3","221.2","214.7","208.1","201.4","194.7","188","181.3","174.5","167.4","160.2","153","145.7","138.4","131.3","124.3","117.7","111.4","105.3","99.5","94","88.7","83.6","78.7","74.3","70.2","66.5","63.1","60","57.3","54.7","52.4","50.1","47.9","45.8","43.7","41.7","39.7","37.8","36","34.2","32.6","31","29.6","28.3","27.1","26.1","25.1","",
"Naoero","NRU","Mortality rate, under-5 (per 1,000 live births)","SH.DYN.MORT","","","","","","","","","","","","","","","","","","","","","","","","","","85.8","81.6","77.8","73.9","70.4","66.9","63.6","60.3","57.2","54.4","51.8","49.4","47.1","45","43","41.1","39.4","37.9","36.5","35.2","34","32.7","31.4","29.8","28.2","26.4","24.6","22.7","20.9","19.2","17.5","15.9","14.4","13.1","12","10.9","10","9.3","8.7","8.3","",
"New Zealand","NZL","Mortality rate, under-5 (per 1,000 live births)","SH.DYN.MORT","27.8","26.8","25.8","24.8","23.9","23.1","22.5","22","21.6","21.2","20.8","20.3","19.8","19.4","18.8","18.3","17.7","17.1","16.6","16.1","15.6","15.2","14.8","14.5","14.1","13.8","13.4","12.9","12.4","11.8","11.2","10.6","10","9.5","9.1","8.7","8.4","8.1","7.8","7.6","7.4","7.2","7","6.9","6.7","6.6","6.5","6.4","6.4","6.3","6.2","6.1","6","5.9","5.8","5.6","5.5","5.4","5.3","5.2","5.1","5","5","4.9","4.7","",
"OECD members","OED","Mortality rate, under-5 (per 1,000 live births)","SH.DYN.MORT","","","","","","","","","","","","","","","","","","","","","","","","","","","","","","","21.87191667906","20.9045044589091","19.9906191606466","19.2010233041415","18.3510212921271","17.5207632511128","16.6068169085537","15.7950911172526","15.0239346482054","14.3184728455047","13.490642257495","12.9132733677358","12.3321619381513","11.7513656136049","11.2946887986361","10.8427954935279","10.3626086722289","9.94498031482296","9.56241048704293","9.28419539882045","8.92189627668077","8.69271975908628","8.42946117167397","8.24204327810092","8.01901609332278","7.81948408324089","7.61012730966197","7.45157408345812","7.31724142421779","7.21198030537372","7.09705176462164","6.96683223067391","6.88348262804695","7.1165633495838","6.71340583345604","",
"Oman","OMN","Mortality rate, under-5 (per 1,000 live births)","SH.DYN.MORT","370.8","354.4","339","324.3","309.7","296.2","282.8","269.4","256.4","243.6","231","218.3","206.2","194.1","182.2","170.4","158.5","146.6","135","123.6","112.7","102.2","92.2","82.7","74.1","66.4","59.5","53.5","48.2","43.5","39.4","35.6","32.2","29.2","26.6","24.3","22.3","20.6","19.1","17.7","16.5","15.5","14.6","13.9","13.3","12.9","12.5","12.2","12","11.9","11.7","11.6","11.4","11.3","11.2","11.1","11","11","10.9","10.8","10.7","10.6","10.5","10.4","10.3","",
"Other small states","OSS","Mortality rate, under-5 (per 1,000 live births)","SH.DYN.MORT","","","","","","","","","","","","","","","","","","","","","","","","","","","","","","","84.5896554899778","83.7766183702248","81.5509207990153","80.3807696889287","80.0755943198779","80.9754100268037","79.7810297383202","79.1156164637866","79.9348154018771","83.5547397695669","65.4295252718068","64.8970344255496","63.6084448510669","62.1832522663445","60.2848616488809","58.337564960843","54.8443961077682","52.1729947304819","50.0340991815804","47.7621627153638","44.9563981042654","41.7939032990082","39.8702260901179","38.6929656208662","37.7056726380277","36.3627671239323","34.8615275003077","34.0687697615638","32.9009289232935","32.4535817474853","31.6722970550828","30.5945761092755","30.2201997769141","29.517920526929","28.7917571090766","",
"Pakistan","PAK","Mortality rate, under-5 (per 1,000 live births)","SH.DYN.MORT","252.8","243.5","235","226.8","219.5","213.1","207.3","202.4","198.1","194.3","190.8","187.5","184.4","181.5","178.9","176.4","174.1","171.9","169.9","167.8","165.7","163.6","161.4","159.1","156.6","153.9","151.3","148.5","145.8","143.1","140.4","137.6","134.6","131.5","128.3","125","121.5","117.9","114.5","111.1","107.9","105.1","102.5","100.1","98","96","94.2","92.3","90.5","88.5","86.5","84.3","82","79.6","77.2","74.8","72.4","70.1","67.9","65.8","63.7","61.7","59.7","57.8","56","",
"Panama","PAN","Mortality rate, under-5 (per 1,000 live births)","SH.DYN.MORT","93.9","91.3","88.7","86.1","83.8","81.4","79.2","77","74.5","71.8","68.6","65.1","61.5","58","54.7","52","49.8","47.9","46.4","45","43.6","42.2","40.6","39.1","37.4","36","34.6","33.4","32.3","31.3","30.4","29.7","29.1","28.7","28.3","28","27.7","27.4","26.9","26.4","25.7","25","24.2","23.4","22.6","21.9","21.2","20.5","19.8","19.2","18.7","18.3","17.9","17.5","17.3","17.1","17","16.7","16.3","15.9","15.5","15.2","15.1","15.1","15.3","",
"Peru","PER","Mortality rate, under-5 (per 1,000 live births)","SH.DYN.MORT","231.1","224.6","217.9","210.8","203.6","196.6","189.9","183.6","177.9","172.5","200.1","162.4","157.6","152.8","148.1","143.6","139.8","136.3","133.2","130.3","127.3","124.1","120.3","116","111.1","105.7","100.2","94.8","89.7","85.1","80.6","76.2","71.8","67.3","62.7","58.1","53.6","49.3","45.3","41.7","38.3","35.3","32.7","30.4","28.4","26.6","25","23.6","22.3","21.2","20.2","19.3","18.5","17.8","17.2","16.6","16.1","15.7","15.3","14.9","14.5","14.1","13.7","13.3","12.9","",
"Philippines","PHL","Mortality rate, under-5 (per 1,000 live births)","SH.DYN.MORT","102.9","99.7","96.9","94.5","92.5","90.6","88.8","87.1","85.5","84.2","83.2","82.5","82.1","81.9","81.8","81.8","81.6","81.3","80.8","80","79.1","78.1","76.9","75.6","74","71.9","69.4","66.4","62.9","59.3","55.8","52.6","49.7","47.1","44.9","43","41.3","39.9","38.7","37.7","36.8","36","35.2","34.4","33.6","32.8","32","31.3","30.7","30.1","29.5","29","28.6","28.3","28","27.9","27.8","27.8","27.9","28","28","27.9","27.5","27","26.5","",
"Palau","PLW","Mortality rate, under-5 (per 1,000 live births)","SH.DYN.MORT","","","","","","97","93.9","90.6","87.4","84.1","80.6","76.8","72.8","68.7","64.6","60.7","57.1","53.8","51","48.4","46.2","44.3","42.7","41.3","40","39","38.1","37.3","36.7","36.1","35.5","34.8","34.1","33.3","32.4","31.5","30.5","29.5","28.5","27.5","26.5","25.5","24.6","23.7","22.9","22.1","21.3","20.6","20.1","19.7","19.5","19.5","19.7","20.1","20.6","21.3","21.9","22.5","22.9","23","22.9","22.7","22.4","21.9","21.4","",
"Papua New Guinea","PNG","Mortality rate, under-5 (per 1,000 live births)","SH.DYN.MORT","198.4","192.4","186.4","180.6","174.9","169.2","163.8","158.4","153.2","148","143.1","138.3","133.8","129.5","125.4","121.5","117.8","114.4","111.2","108.1","105.4","102.7","100.2","97.9","95.7","93.7","91.8","90","88.3","86.6","85","83.4","81.8","80.4","79","77.7","76.5","85.3","74.2","73.1","72","70.8","69.6","68.4","67.2","65.9","64.6","63.2","61.8","60.3","58.9","57.5","56.1","54.7","53.3","57.3","50.4","48.9","47.5","46.1","44.7","43.2","41.9","40.6","39.4","",
"Poland","POL","Mortality rate, under-5 (per 1,000 live births)","SH.DYN.MORT","64.9","60.1","56.1","52.4","48.9","45.7","42.9","40.6","38.8","37.5","36.1","34.3","32.3","30.5","29.1","27.9","27","26.2","25.5","24.7","24","23.3","22.6","21.9","21.1","20.3","19.6","18.9","18.3","17.9","17.4","16.9","16.5","15.9","15.3","14.4","13.2","12","10.9","10","9.3","8.8","8.4","8.1","7.8","7.6","7.3","7","6.7","6.3","6","5.7","5.4","5.2","5","4.9","4.8","4.6","4.5","4.5","4.4","4.4","4.3","4.3","4.2","",
"Pre-demographic dividend","PRE","Mortality rate, under-5 (per 1,000 live births)","SH.DYN.MORT","","","","","","","","","","","","","","","","","","","","","","","","","","","","","","","184.548188682454","185.402258016079","183.462343909917","181.282828132501","173.986030342528","171.793352275693","173.002586831788","168.849900371405","167.986404076961","158.55084535196","153.006629359386","148.83645252239","141.182276925255","135.117497902469","129.769509536453","121.591205491695","115.833179292551","111.105326355607","106.675489316872","104.898559682785","99.6869369057198","99.7290060999196","93.5323319667408","90.3645430472991","89.7347559293146","88.0082711512247","86.6216026727294","85.8918608835943","82.3130203380837","81.3480106523881","79.2919052506055","78.5546084126998","79.7149340894285","76.0732942575731","74.4601872947898","",
"Puerto Rico (US)","PRI","Mortality rate, under-5 (per 1,000 live births)","SH.DYN.MORT","","","","","","","","","","","","","","","","","","","","","","","","","","","","","","","","","","","","","","","","","","","","","","","","","","","","","","","","","","","","","","","","","","",
"Korea, Dem. People's Rep.","PRK","Mortality rate, under-5 (per 1,000 live births)","SH.DYN.MORT","115.8","111.6","107.6","103.6","99.2","94.6","89.6","84.5","79.4","74.5","69.9","65.8","62","58.6","55.6","52.8","50.3","48","45.9","44","42.2","40.5","39.1","38","37.1","36.8","36.8","37.8","38.3","39.5","40.7","41.8","42.5","42.7","42.5","107.7","106.2","104.6","103.2","101.7","100.2","99","97.8","34.5","33.8","33.3","32.8","32.4","31","30","28.7","27.2","25.7","24.1","22.6","21.4","20.6","19.1","18.4","17.7","17.4","17.4","17.7","18","16.7","",
"Portugal","PRT","Mortality rate, under-5 (per 1,000 live births)","SH.DYN.MORT","114.3","109.8","104.1","97.7","91.1","85.4","81","77.7","74.9","71.9","68.2","63.3","57.8","52.6","47.9","43.5","39.4","35.6","32.4","29.8","27.6","25.8","24.2","22.8","21.6","20.4","19.3","18.2","17","15.9","14.7","13.6","12.5","11.4","10.5","9.8","9.2","8.6","8.2","7.7","7.2","6.6","6","5.5","5","4.7","4.4","4.2","4","3.9","3.8","3.7","3.7","3.6","3.6","3.6","3.6","3.6","3.5","3.5","3.4","3.3","3.3","3.2","3.2","",
"Paraguay","PRY","Mortality rate, under-5 (per 1,000 live births)","SH.DYN.MORT","82.8","82.1","81.4","80.9","80.4","80","79.7","79.4","78.9","78.4","77.9","77.3","76.4","75.5","74.4","73.1","71.8","70.3","68.7","67","65.1","63.2","61.1","59.1","57","54.9","53","51.1","49.2","47.3","45.6","43.9","42.4","40.9","39.6","38.4","37.3","36.3","35.3","34.5","33.6","32.8","32","31.3","30.5","29.7","28.9","28.2","27.3","26.5","25.7","24.9","24.2","23.4","22.7","21.9","21.2","20.5","19.9","19.2","18.6","18","17.5","16.9","16.3","",
"West Bank and Gaza","PSE","Mortality rate, under-5 (per 1,000 live births)","SH.DYN.MORT","","","","","","","","","","","","","","","","109","102.5","96.3","90.5","85.1","80.1","75.3","70.9","66.7","62.9","59.3","55.9","52.9","50","47.4","45.1","43","41.1","39.4","37.8","36.3","34.9","33.6","32.5","31.3","30.3","29.4","28.5","27.7","26.8","26","25.1","24.3","23.5","22.7","21.9","21.1","20.3","19.6","21.9","18.2","17.5","16.9","16.3","15.7","15.2","14.6","14.1","41.9","37.9","",
"Pacific island small states","PSS","Mortality rate, under-5 (per 1,000 live births)","SH.DYN.MORT","","","","","","","","","","","","","","","","","","","","","","","","","","","","","","","36.227310578715","35.1167709574058","33.9772262430522","33.0141526658738","32.1243291592129","31.3180351881752","30.6339073397542","30.044777861132","29.4358711054062","28.9333233348331","28.4177811069496","28.0132959949626","27.8911392196313","27.3746144507153","27.2757536191673","27.1694637786972","27.0895257234727","26.8676522210876","26.509661866396","26.6762424299923","25.6275626351767","25.1378193645706","24.6122514542364","24.2277773480407","23.9384676739014","23.827468127215","23.8342089864802","23.940274908752","24.1138361240092","24.5015472120248","24.2955926184286","24.1984298176051","23.9466811196837","23.5465315516911","23.0630808209574","",
"Post-demographic dividend","PST","Mortality rate, under-5 (per 1,000 live births)","SH.DYN.MORT","","","","","","","","","","","","","","","","","","","","","","","","","","","","","","","10.8187695190409","10.43086335077","10.2217261632941","9.73159372108718","9.12184134740873","8.75941491092103","8.37257625285104","8.02025267647772","7.75434933555421","7.51687207620748","7.27625064934182","7.06995955372854","6.90266318680496","6.74820146782253","6.62696457306662","6.46866845764791","6.33282296175081","6.16199940978813","6.02057201286674","5.89017464140797","5.68148348144133","5.57377640570646","5.41281926487336","5.3092283245699","5.21094423525424","5.15157604406349","5.06126925886041","4.97408120426222","4.90667244185543","4.88668719285686","4.85821344234638","4.84143434776053","4.86397469797607","4.86367907455807","4.86120404001702","",
"French Polynesia","PYF","Mortality rate, under-5 (per 1,000 live births)","SH.DYN.MORT","","","","","","","","","","","","","","","","","","","","","","","","","","","","","","","","","","","","","","","","","","","","","","","","","","","","","","","","","","","","","","","","","","",
"Qatar","QAT","Mortality rate, under-5 (per 1,000 live births)","SH.DYN.MORT","","","","","","","","","","70.3","65.7","61.4","57.4","53.8","50.5","47.4","44.7","42.2","39.9","37.9","36.1","34.4","32.8","31.3","29.7","28.2","26.7","25.2","23.7","22.3","20.8","19.5","18.2","17.1","16.1","15.3","14.6","14","13.4","12.9","12.5","12","11.6","11.2","10.8","10.4","10.1","9.8","9.6","9.3","9.1","8.9","8.7","8.4","8.1","7.8","7.5","7.1","6.8","6.6","6.3","6.2","6.1","6","5.9","",
"Romania","ROU","Mortality rate, under-5 (per 1,000 live births)","SH.DYN.MORT","88","79.6","70.1","61.3","55","52.9","56.7","63.7","66.9","62.4","55.3","50.1","47.1","45.3","43.9","42.5","40.7","38.8","37.4","36.7","35.9","34.4","32.6","31.3","30.9","31.5","33","34.6","34.8","33.1","30.9","29.5","28.7","28.2","27.6","27","26.5","25.8","24.6","22.9","21.4","20.6","20.2","19.9","19.3","18.2","16.7","15.2","13.9","13","12.4","11.8","11.2","10.6","9.9","9.2","8.5","7.9","7.3","6.8","6.5","6.4","6.6","6.9","7.3","",
"Russian Federation","RUS","Mortality rate, under-5 (per 1,000 live births)","SH.DYN.MORT","45.6","42.6","39.9","37.6","35.5","33.8","32.4","31.2","30.2","29.4","28.9","28.4","28.1","27.8","27.7","27.6","27.6","27.6","27.6","27.5","27.3","27","26.6","26.2","25.7","25","24.2","23.4","22.6","22","21.6","21.6","21.7","21.9","22.1","22","21.7","21.3","20.8","20.2","19.4","18.4","17.3","16.1","15","13.9","12.8","12","11.3","10.7","10.4","10.2","9.9","9.5","8.9","8.2","7.5","6.9","6.4","6","5.7","5.5","5.4","5.3","5.2","",
"Rwanda","RWA","Mortality rate, under-5 (per 1,000 live births)","SH.DYN.MORT","217.7","213","209.6","207.6","207","207.4","208.8","211","213.6","216.8","220.3","224","227.8","233","239","245.4","250.2","251.3","246.2","234.6","219","202","186.6","174.5","166.6","160.9","155.7","151.3","148.1","147.3","150.7","160.4","175.6","192.8","389","218.4","222.3","221.4","213.9","200.6","184.2","166.5","149.1","132.7","117.5","104.5","93.4","84.1","76","69.1","63.3","58.1","54.2","51.4","49.2","47.3","45.8","44.7","43.7","42.7","41.6","40.6","39.7","38.8","37.7","",
"South Asia","SAS","Mortality rate, under-5 (per 1,000 live births)","SH.DYN.MORT","","","","","","","","","","","","","","","","","","","","","","","","","","","","","","","128.6","124.5","120.6","116.8","113.1","109.3","105.5","101.7","97.8","93.9","90","86.1","82.4","78.9","75.6","72","68.7","65.5","62.4","59.4","56.3","53.4","50.5","47.7","45.1","42.6","40.3","38.1","36","34.1","32.4","30.8","29.3","28","26.8","",
"Saudi Arabia","SAU","Mortality rate, under-5 (per 1,000 live births)","SH.DYN.MORT","","","","","","","","","","","","","159.4","148.9","139.2","130.4","122","114","106.6","99.6","93.1","86.8","80.9","75.2","70","65","60.3","55.9","51.7","47.7","44.1","40.8","37.8","35.1","32.6","30.3","28.3","26.5","24.8","23.3","21.9","20.6","19.4","18.4","17.3","16.3","15.4","14.5","13.7","12.9","12.1","11.4","10.8","10.1","9.6","9","8.5","8","7.6","7.2","6.9","6.7","6.4","6.2","6","",
"Sudan","SDN","Mortality rate, under-5 (per 1,000 live births)","SH.DYN.MORT","178.9","176.3","173.6","171","168.7","166.5","164.6","162.9","161.4","160.1","159","158","157","156.1","155","153.9","152.6","151.4","150.1","149","147.7","146.6","145.4","182.7","180.5","178.3","139.4","137.5","297","133.2","130.9","128.4","125.9","123.3","120.6","117.8","114.9","111.8","148.3","105.3","102","98.6","95.2","91.9","101.1","98.8","83","80.4","77.9","75.5","73.4","71.3","69.3","67.3","65.4","63.5","61.6","59.7","57.8","56.1","54.3","52.7","51","63.1","61.6","",
"Senegal","SEN","Mortality rate, under-5 (per 1,000 live births)","SH.DYN.MORT","295.3","295.4","296","296.8","297.3","297.4","296.9","295.9","294.3","291.9","288.3","283.5","277.3","270.1","261.9","252.7","242.2","231.3","221.1","212","204.2","197.6","191.7","185.7","178.9","171.1","162.6","154.3","146.9","141.2","137.2","135.2","134.6","135","136","137","137.8","137.9","136.7","133.8","128.9","121.7","113.2","104.2","95.5","87.6","80.8","75","70.1","66.1","62.8","60","57.6","55.5","53.7","52.2","50.8","49.4","47.9","46.2","44.2","42.2","40.1","38.2","36.5","",
"Singapore","SGP","Mortality rate, under-5 (per 1,000 live births)","SH.DYN.MORT","47.7","43.7","40.5","38.2","36.5","34.9","33.4","31.8","30.2","28.6","27.1","25.7","24","21.8","19.5","17.6","16.2","15.4","15.1","15","14.7","14","13.2","12.3","11.6","10.9","10.3","9.7","9.1","8.4","7.7","6.9","6.3","5.8","5.4","5.1","4.8","4.6","4.3","4.1","3.9","3.6","3.4","3.2","3.1","3","2.9","2.9","2.8","2.8","2.8","2.8","2.8","2.8","2.7","2.7","2.6","2.6","2.5","2.5","2.4","2.4","2.5","2.6","2.7","",
"Solomon Islands","SLB","Mortality rate, under-5 (per 1,000 live births)","SH.DYN.MORT","167.1","160.4","153.7","147","140.4","133.8","127.1","120.3","113.3","106.3","99.6","93.1","87","81.2","75.9","78.8","66.6","62.6","59.2","56.1","53.4","51.1","49","47.1","45.5","44","42.6","41.4","40.2","39.1","38.1","37.1","36.1","35.2","34.3","33.5","32.8","32.1","31.5","31","30.5","30.2","29.8","29.6","29.3","29.1","28.8","28.4","28","27.6","27.2","26.7","26.2","25.8","25.4","25","24.6","24.1","23.6","23.1","22.5","21.9","21.3","20.6","20","",
"Sierra Leone","SLE","Mortality rate, under-5 (per 1,000 live births)","SH.DYN.MORT","390","384.4","378.7","372.9","367.2","361.1","355.1","349","343.2","337.5","332.1","326.6","321.5","316.5","311.9","307.2","302.7","298.2","294","290","286.1","282.6","279.2","276.1","273.1","270.3","267.5","264.8","262.2","260.1","258","256","253.8","251.7","249.1","245.9","242.2","237.9","233.1","228.2","222.8","217.3","211.6","205.7","199.6","193.2","186.5","179.6","172.4","165.2","157.9","150.8","144.1","137.9","135.9","136.8","121.8","117","112.4","108.3","104.4","100.6","97.1","93.8","90.5","",
"El Salvador","SLV","Mortality rate, under-5 (per 1,000 live births)","SH.DYN.MORT","200.9","196.5","192.4","188","183.8","179.7","175.5","171.2","167.2","162.9","158.6","154.3","149.7","144.9","140.1","134.9","129.5","123.9","118.3","112.7","127.5","101.4","95.8","90.3","85","80","75.2","70.8","66.8","63","59.5","56.2","53","50","47","44.2","41.4","38.9","36.4","34.2","32.2","30.3","28.6","26.9","25.4","24","22.7","21.5","20.4","19.4","18.4","17.6","16.7","16","15.3","14.6","13.9","13.3","12.7","12.2","11.7","11.2","10.8","10.4","10","",
"San Marino","SMR","Mortality rate, under-5 (per 1,000 live births)","SH.DYN.MORT","","","","","","","","","","","","","","","","","","","","","","","","","","20.2","18.4","16.8","15.2","13.9","12.7","11.6","10.6","9.7","8.8","8.1","7.4","6.8","6.2","5.7","5.2","4.8","4.5","4.1","3.8","3.6","3.3","3.1","2.9","2.7","2.6","2.4","2.3","2.1","2","1.9","1.8","1.7","1.6","1.5","1.5","1.4","1.4","1.3","1.3","",
"Somalia, Fed. Rep.","SOM","Mortality rate, under-5 (per 1,000 live births)","SH.DYN.MORT","","","","","","","","","","","","","","","","","","","","","","","203.8","200.1","196.6","193.9","191.7","189.6","187","184","180.4","366.5","376.6","368.3","173.2","173.2","173.2","173.2","173.2","173.2","173.2","173.2","173.2","173.2","173.2","173.2","172.6","170.5","166.7","162.4","186.7","363.1","185.4","143.2","138.6","134.3","130.2","156.4","136.4","118.4","114.7","111","143.1","104.3","101.1","",
"Serbia","SRB","Mortality rate, under-5 (per 1,000 live births)","SH.DYN.MORT","","","","","","","","","","","","","","","","","","","","","","","","","40.7","39.1","37.8","36.3","34","30.9","28","26","24.5","23.2","21.5","19.5","17.4","15.5","14.1","13.3","12.7","12.1","11.4","10.6","9.7","9","8.5","8.1","7.9","7.8","7.6","7.4","7.1","6.8","6.6","6.3","6.1","5.9","5.8","5.6","5.5","5.4","5.4","5.4","5.4","",
"Sub-Saharan Africa (excluding high income)","SSA","Mortality rate, under-5 (per 1,000 live births)","SH.DYN.MORT","","","","","","","","","","","","","","","","","","","","","","","","","","","","","","","178.215342296366","179.193553426217","178.073352259719","176.38784520723","173.066557383461","168.276319462586","169.186611071054","165.391222004895","164.238117479573","155.623326940504","150.457003524654","146.15393268813","138.834747366966","132.900213459488","127.56659869252","119.719264250144","113.983222128896","109.094655424529","104.385931483501","102.315252031653","97.1681832204319","96.6890782678114","90.7321819475296","87.5694826672545","86.6642219799093","84.7814528552198","83.1958037176412","82.2310952069213","78.7784543306569","77.7187475707302","75.7402568059746","77.0284601519672","77.9091743780286","73.1417645901684","71.1165314293203","",
"South Sudan","SSD","Mortality rate, under-5 (per 1,000 live births)","SH.DYN.MORT","352.6","350","347.2","388.3","341.2","338.3","410.9","407","403.5","409.4","405.2","317.7","314.3","311","307.2","303.9","300.6","297.1","293.1","289.4","286","282.6","279.2","275.9","272.5","268.7","265","357.8","780.9","305.7","301.3","295.6","337.1","330.6","227.6","268","259.7","250.9","430.8","189","180.1","171.1","162.2","153.7","145.8","138.4","131.5","124.9","118.7","112.7","107.2","102.3","98.9","97.2","182.6","240.8","272.9","292","133.7","96.7","96.7","96.7","96.7","96.7","96.7","",
"Sub-Saharan Africa","SSF","Mortality rate, under-5 (per 1,000 live births)","SH.DYN.MORT","","","","","","","","","","","","","","","","","","","","","","","","","","","","","","","178.5","179.8","178.5","176.7","173.5","168.7","169.4","165.5","164.7","155.7","150.4","146.3","138.9","133","127.7","119.8","114","109.1","104.5","102.8","97.2","97.1","90.7","87.6","86.8","85","83.4","82.5","79","78","75.9","77.1","78.3","73.2","71.2","",
"Small states","SST","Mortality rate, under-5 (per 1,000 live births)","SH.DYN.MORT","","","","","","","","","","","","","","","","","","","","","","","","","","","","","","","66.931355845555","66.1868850449026","64.5399547164918","63.195438619873","62.6211234881662","62.57830690923","61.5486954911731","60.7958293035437","61.0892940924986","63.1773412735219","51.3808380358797","50.8844184201196","50.1315566581818","49.1659153194765","47.9166995410659","46.5517688795085","44.2304415855355","42.4416089620418","40.9811635523341","39.5042885017229","37.495316150762","35.3309977435495","33.9150940110932","32.9662179630421","32.1764169270094","31.214093957807","30.2151314953627","29.6415589548415","28.85209966852","28.7067565761136","27.9736535191704","27.2395662382228","26.8196916083767","26.1930611919865","25.5588136030043","",
"Sao Tome and Principe","STP","Mortality rate, under-5 (per 1,000 live births)","SH.DYN.MORT","","","","","","95.4","92.6","90.1","88","86.8","86.1","86.2","86.7","87.3","88","88.6","89.2","89.6","90.1","90.7","91.5","92.8","94.4","96.2","98.5","100.7","114.8","104.8","106.4","107.7","108.7","109.4","109.4","108.7","107.2","104.7","101.4","97.4","92.7","87.6","82.2","76.7","71.1","65.7","60.5","55.7","51.1","46.9","43.1","39.5","36.2","33.2","30.4","27.9","25.5","23.3","21.3","19.6","18.2","17.1","16.1","15.3","14.7","14.1","13.6","",
"Suriname","SUR","Mortality rate, under-5 (per 1,000 live births)","SH.DYN.MORT","","","","","","","","","","","","","","","","","","","","","","","","56.6","54.8","53","51.3","49.6","48","46.4","44.8","43.3","41.8","40.3","38.8","37.4","36","34.6","33.4","32.2","31","30","29","28.1","27.2","26.5","25.7","25.1","24.4","23.8","23.2","22.7","22.2","21.6","21.1","20.6","20.1","19.5","18.9","18.4","17.9","17.4","16.8","16.3","15.8","",
"Slovak Republic","SVK","Mortality rate, under-5 (per 1,000 live births)","SH.DYN.MORT","36.6","34.6","33.1","32.1","31.4","30.8","30.5","30.2","30","29.7","29.5","29.2","28.9","28.4","27.8","27.2","26.4","25.5","24.6","23.6","22.7","21.7","20.8","19.9","19.1","18.2","17.3","16.5","15.9","15.3","14.7","14.2","13.7","13.1","12.5","12","11.5","10.9","10.5","10","9.6","9.3","9.1","8.8","8.6","8.3","8","7.7","7.4","7.1","6.9","6.7","6.6","6.4","6.3","6.2","6.1","6","5.9","5.9","5.9","6","6.1","6.2","6.3","",
"Slovenia","SVN","Mortality rate, under-5 (per 1,000 live births)","SH.DYN.MORT","","","","","","","","","","","","","","","","","","","","","","17.8","16.9","16.1","15.3","14.4","13.6","12.7","11.9","11.1","10.4","9.7","9","8.4","7.9","7.3","6.9","6.5","6.1","5.8","5.4","5.2","4.9","4.7","4.4","4.2","4","3.8","3.6","3.4","3.2","3.1","2.9","2.8","2.7","2.6","2.5","2.5","2.4","2.4","2.4","2.3","2.3","2.3","2.3","",
"Sweden","SWE","Mortality rate, under-5 (per 1,000 live births)","SH.DYN.MORT","19.6","19.1","18.6","17.9","17.1","16.3","15.5","14.9","14.4","13.9","13.4","12.8","12.2","11.6","11","10.3","9.8","9.4","9","8.7","8.4","8.2","8","7.8","7.7","7.6","7.5","7.4","7.3","7.2","7","6.6","6.2","5.7","5.2","4.8","4.6","4.4","4.2","4.2","4.1","4","4","3.9","3.7","3.6","3.5","3.3","3.2","3.1","3.1","3","3","2.9","2.9","2.9","2.8","2.8","2.7","2.6","2.6","2.5","2.5","2.4","2.4","",
"Eswatini","SWZ","Mortality rate, under-5 (per 1,000 live births)","SH.DYN.MORT","208.9","205.8","202.3","198.6","194.9","190.9","186.9","183","178.8","174.5","169.9","165","159.7","154.1","148.1","142.1","136","130.2","124.6","118.9","113.3","107.8","102","107","90.6","85.2","80.2","75.7","71.7","68.5","66.3","65.5","66.7","70","75.3","81.3","88.4","95.4","101.9","107.6","112.5","115.7","117","117.9","118","117","106.4","100.3","97.9","92.4","82.1","67.6","62.7","59.7","60","57.5","54.4","53.6","50.4","51.5","50.5","47.9","47.3","46.2","45.1","",
"Sint Maarten (Dutch part)","SXM","Mortality rate, under-5 (per 1,000 live births)","SH.DYN.MORT","","","","","","","","","","","","","","","","","","","","","","","","","","","","","","","","","","","","","","","","","","","","","","","","","","","","","","","","","","","","","","","","","","",
"Seychelles","SYC","Mortality rate, under-5 (per 1,000 live births)","SH.DYN.MORT","104.3","102.8","101.2","99.6","97.6","95.2","92.4","89","85.1","80.6","75.8","70.9","65.9","60.9","55.8","50.9","46","41.4","37.2","33.4","30.1","27.4","25.1","23.2","21.6","20.3","19.3","18.4","17.6","16.9","16.3","15.8","15.3","14.9","14.6","14.3","14.1","14","13.9","13.8","13.8","13.8","13.7","13.8","13.8","13.8","13.8","13.9","13.9","14","14.1","14.2","14.3","14.4","14.5","14.6","14.7","14.7","14.8","14.8","14.8","14.7","14.5","14.3","14","",
"Syrian Arab Republic","SYR","Mortality rate, under-5 (per 1,000 live births)","SH.DYN.MORT","172.8","163.9","155.9","148.8","142.1","135.7","129.5","123.2","116.9","110.8","104.8","99.1","93.9","88.9","84.3","79.9","75.7","71.5","67.5","63.7","60.1","63.4","71","50.9","48.4","46","43.9","41.9","40.2","38.5","36.9","35.3","33.8","32.2","30.7","29.2","27.8","26.5","25.2","24.1","23.1","22.2","21.4","20.8","20.2","19.8","19.4","19.1","18.9","18.8","18.8","21.6","34.2","36.9","35.5","37.1","32.2","32.9","32.5","24.6","21.9","20.5","20.7","20.1","18.4","",
"Turks and Caicos Islands","TCA","Mortality rate, under-5 (per 1,000 live births)","SH.DYN.MORT","137.2","128","119.4","111.4","103.9","97","90.6","84.6","79.1","73.9","69.2","64.8","60.7","56.9","53.4","50.1","47.1","44.3","41.6","39.2","37","34.8","32.8","31","29.3","27.6","26.1","24.7","23.3","22","20.8","19.7","18.6","17.6","16.6","15.7","14.8","14","13.2","12.5","11.7","11.1","10.5","9.9","9.4","8.9","8.5","8.1","7.8","7.5","7.3","7","6.8","6.6","6.4","6.2","6","5.8","5.6","5.5","5.3","5.1","5","4.8","4.7","",
"Chad","TCD","Mortality rate, under-5 (per 1,000 live births)","SH.DYN.MORT","267.6","266.6","265.3","264.1","263.1","261.7","260.5","259.1","257.7","256.4","254.9","253.5","252","250.7","249.2","247.7","246","244.3","242.7","240.9","238.9","236.6","234.2","231.6","228.9","226.1","223.3","220.4","217.4","214.3","211.4","208.4","205.5","202.8","200.2","197.5","194.7","191.9","189","185.8","182.4","179","175.6","172.3","168.8","165.4","161.8","158.1","154.3","150.5","146.7","142.9","139.3","135.8","132.3","128.7","125","121.4","117.6","114","110.6","107.3","103.9","100.6","97.3","",
"East Asia & Pacific (IDA & IBRD countries)","TEA","Mortality rate, under-5 (per 1,000 live births)","SH.DYN.MORT","","","","","","","","","","","","","","","","","","","","","","","","","","","","","","","59.1525790445281","58.5900400746417","57.1991089248755","55.54648839189","53.7165045192937","51.783009934207","49.8616443552847","47.9141544641941","45.8556129622016","43.7117519362245","41.1463906897658","39.0471957374983","36.7362169899143","34.4808837104115","33.2695203962365","30.254824557307","28.3702187955748","26.6902316996262","26.1511049620741","23.658345642277","22.3711112891205","21.3043803830477","19.913184008335","19.0818008875774","18.0215972955504","17.441339920976","16.4248379117084","15.6073305916676","15.5008395354015","14.9817931210967","15.1483633261233","14.9730901463221","14.7957069398733","14.4130483778755","13.9014173683532","",
"Europe & Central Asia (IDA & IBRD countries)","TEC","Mortality rate, under-5 (per 1,000 live births)","SH.DYN.MORT","","","","","","","","","","","","","","","","","","","","","","","","","","","","","","","44.5063199308038","44.2721210635336","44.7137152896324","44.7854838080041","43.4451943204781","42.6120141010352","40.7840444043794","39.3378601987522","37.3919614296696","35.4596391733462","33.1505941426176","31.0677739056348","28.9894127783","26.9579816601548","25.4008816088789","23.7961221368325","22.2317109209457","20.705915778817","19.2850177301123","18.0517614978236","17.0847676839038","16.2944506822689","15.4101584121496","14.7303815259107","14.0220051709822","13.343577725526","12.6684363631334","12.2525480085223","11.9395431519003","11.7213148178318","11.4402376555719","11.2390654205607","11.1412663683546","11.6608918220628","10.6809112048649","",
"Togo","TGO","Mortality rate, under-5 (per 1,000 live births)","SH.DYN.MORT","259.7","257","254.4","251.4","248.3","244.9","241.3","237.6","233.6","229.4","225.1","220.5","216","211.4","206.7","202.1","197.4","192.8","188.2","183.7","179.3","175.2","171.1","167.3","163.7","160.2","157.2","154.4","151.8","149.5","147.3","145.2","143.1","140.8","138.5","135.7","132.8","129.6","126.2","122.8","119.2","115.7","112.2","108.8","105.5","102.4","99.3","96.5","93.7","90.9","88.3","85.6","82.9","80.2","77.7","75.2","72.8","70.4","68.1","66","63.9","62","60","58.1","56.1","",
"Thailand","THA","Mortality rate, under-5 (per 1,000 live births)","SH.DYN.MORT","147.5","142.5","137.5","132.7","128","123.4","118.8","114","109.3","104.6","99.8","95","90.4","85.8","81.6","77.5","73.8","70.2","66.9","63.8","60.8","58","55.4","52.9","50.4","48","45.7","43.4","41.2","39","36.9","34.8","32.9","31.1","29.5","28","26.6","25.2","24","22.8","21.7","20.7","19.7","18.9","18","17.2","16.5","15.9","15.2","14.7","14.1","13.6","13.1","12.7","12.3","11.9","11.5","11.1","10.8","10.4","10.1","9.8","9.5","9.2","9","",
"Tajikistan","TJK","Mortality rate, under-5 (per 1,000 live births)","SH.DYN.MORT","","","","","","","","","","","","","153.7","148.3","143.1","138.6","134.6","131.4","128.8","127.1","126","125.1","123.5","121.1","117.9","113.9","109.5","104.8","100.7","98.7","99.2","101.5","105.1","108.3","109.4","107.6","103.4","98","91.7","85","78.4","71.8","65.6","59.8","54.6","50.3","46.6","43.6","41.2","39.3","37.6","36.2","35","34","33","32.2","31.5","31","30.7","30.4","30.1","29.8","29.4","28.8","28.1","",
"Turkmenistan","TKM","Mortality rate, under-5 (per 1,000 live births)","SH.DYN.MORT","","","","","","","","","","","","","","","","","","130.3","125.7","121.1","116.6","112.1","107.4","102.6","98","93.6","89.3","85.5","82.3","79.7","77.9","77.2","77.2","77.5","77.9","78","77.7","76.5","74.5","71.9","68.7","65.4","61.9","58.6","55.4","52.6","50.1","48.1","46.4","45","44","43.4","42.9","42.8","42.9","43.2","43.5","43.8","43.8","43.5","42.9","42.1","41.1","40.2","39","",
"Latin America & the Caribbean (IDA & IBRD countries)","TLA","Mortality rate, under-5 (per 1,000 live births)","SH.DYN.MORT","","","","","","","","","","","","","","","","","","","","","","","","","","","","","","","55.2225414809468","52.7800079458671","50.3130901293791","47.8351704186366","45.4521221648864","43.1421633394388","40.9077327148062","38.768764827756","37.2736598917662","34.7994891153386","32.9939652238696","31.3212168603687","29.7668335025765","28.3790639608657","27.0789600673904","25.8328234546759","24.7433305825058","23.757604702919","22.8256789691668","22.0443480318613","22.7976936225879","20.6057385360394","19.9629412397373","19.3845279132999","18.8600456464094","18.4493213611046","18.6490115909887","17.9065504935804","17.4813311235823","17.1079513892396","16.821924099218","16.4595146278329","16.1341844487967","15.7828276819354","15.4283409448356","",
"Timor-Leste","TLS","Mortality rate, under-5 (per 1,000 live births)","SH.DYN.MORT","","","","","","","","","","","","","","","","","","","","","","","","","","271.8","264","245.5","243","232.1","228","224.3","212.8","201.5","193.1","193.6","184.8","176.4","178","200.6","111.5","106.4","101.5","96.8","92.3","88","84","80.4","76.9","73.9","71","68.4","65.9","63.9","61.9","60.2","58.7","57.3","56","54.8","53.4","52","50.7","49.2","47.6","",
"Middle East, North Africa, Afghanistan & Pakistan (IDA & IBRD)","TMN","Mortality rate, under-5 (per 1,000 live births)","SH.DYN.MORT","","","","","","","","","","","","","","","","","","","","","","","","","","","","","","","102.708654996676","99.5347829539171","96.7620187406302","94.9954582586675","93.3931826389392","91.4293671022768","89.1259346575052","86.5350897236537","83.8434676369039","81.2670885985864","78.576267719972","75.781776903931","73.2391042558439","70.9241555681423","68.407279328452","66.1292380683344","64.2122839401497","62.1665400488655","60.3605083500064","58.6599411220299","56.8962811424056","55.1226592914287","53.6353878519067","51.8315892558468","50.0469399717172","48.6252139870489","47.1020419286366","46.0187377454325","45.2801998035535","44.2347877125154","42.9669015197404","41.9458905749115","40.7524339713697","39.6318090767822","38.2229062071373","",
"Tonga","TON","Mortality rate, under-5 (per 1,000 live births)","SH.DYN.MORT","","","","78.7","73.8","69","64.7","60.4","56.4","52.7","49.3","46.2","43.5","41.1","39","37","35.2","33.6","32.2","30.8","29.6","28.6","27.8","27","26.3","25.7","25.1","24.4","23.7","22.9","22.1","21.3","20.5","19.9","19.3","18.8","18.4","18.1","17.7","17.3","16.9","16.5","16","15.6","15.2","14.8","14.4","14","13.7","13.4","13.1","12.8","12.6","12.3","12.1","11.9","11.6","11.4","11.1","10.9","10.6","10.4","10.1","9.8","9.5","",
"South Asia (IDA & IBRD)","TSA","Mortality rate, under-5 (per 1,000 live births)","SH.DYN.MORT","","","","","","","","","","","","","","","","","","","","","","","","","","","","","","","128.500088519089","124.512394653655","120.614137928546","116.81116271922","113.049383142452","109.303912593563","105.500853986325","101.710420408686","97.8149003997397","93.8438060851859","89.9785139558652","86.0929783503114","82.4355822752928","78.8434660131983","75.5748395041314","72.0002867368244","68.7185869960036","65.5676010587084","62.4016925335458","59.4037799378435","56.3382415270381","53.3929226830985","50.524216556331","47.7460345372687","45.1433866579388","42.5754112311521","40.284023817824","38.066424155829","36.0717212654035","34.1788860217225","32.4133413201353","30.8005662263949","29.3184600470079","28.0237503925087","26.812007037749","",
"Sub-Saharan Africa (IDA & IBRD countries)","TSS","Mortality rate, under-5 (per 1,000 live births)","SH.DYN.MORT","","","","","","","","","","","","","","","","","","","","","","","","","","","","","","","178.203788087306","179.181573861302","178.062225815091","176.376665542777","173.05560067896","168.266809155992","169.177337336567","165.382935878501","164.230330229746","155.616023986719","150.449975195054","146.147484835286","138.828602023297","132.894415586813","127.561205229801","119.714010800218","113.978539820994","109.090045419842","104.381473735647","102.310889811034","97.1644504215407","96.6851412592745","90.7284635079696","87.5662468113281","86.6610642084607","84.7782950529979","83.1926115111527","82.2279275355716","78.775492858211","77.7158849260533","75.7375422540307","77.0257501994801","77.9064871983318","73.1393067892689","71.1141650552916","",
"Trinidad and Tobago","TTO","Mortality rate, under-5 (per 1,000 live births)","SH.DYN.MORT","68.1","65.9","63.8","61.9","60","58.4","56.9","55.5","54.3","53","51.9","50.8","49.6","48.5","47.3","46","44.8","43.6","42.4","41.3","40.1","39","38","37.1","36.2","35.4","34.6","34","33.3","32.8","32.3","31.8","31.4","31.1","30.7","30.4","30.1","29.8","29.5","29.2","28.8","28.5","28.1","27.7","27.3","26.9","26.5","26.1","25.7","25.3","24.8","24.4","23.9","23.5","23.1","22.7","22.3","22","21.6","21.2","20.8","20.4","19.9","19.3","18.8","",
"Tunisia","TUN","Mortality rate, under-5 (per 1,000 live births)","SH.DYN.MORT","","","272.5","260.2","248.1","236.2","224.6","213","201.8","191.1","180.9","171.2","161.9","152.7","143.6","134.5","125.8","117.4","109.5","102.3","95.8","89.9","84.5","79.6","75","70.8","66.9","63.4","60.3","57.5","54.9","52.4","49.9","47.4","44.8","42","39.2","36.5","33.8","31.4","29.2","27.2","25.5","24","22.7","21.6","20.7","20","19.4","19","18.7","18.5","18.4","18.3","18.3","18.2","18.1","17.9","17.5","16.9","16","15","13.9","12.9","12.1","",
"Turkiye","TUR","Mortality rate, under-5 (per 1,000 live births)","SH.DYN.MORT","254.7","246.9","238.8","230.6","222.8","215.3","208.5","202.3","196.6","191","185.6","180.4","175","169.5","163.9","158","152.1","146.2","140.2","134.1","128","121.9","115.8","109.7","103.9","98.3","93","88","83.1","78.4","73.9","69.4","65.2","61.1","57.1","53.4","49.8","46.4","43.1","40.1","37.2","34.5","32","29.6","27.4","25.3","23.5","21.8","20.3","18.9","17.6","16.6","15.6","14.7","14","13.3","12.7","12.2","11.7","11.3","10.9","10.6","10.2","13.8","9.6","",
"Tuvalu","TUV","Mortality rate, under-5 (per 1,000 live births)","SH.DYN.MORT","176.7","169.5","162.3","155.3","148.5","141.8","135.2","128.8","122.6","116.6","110.5","104.7","99","93.3","87.9","82.9","78.4","74.3","70.8","67.7","65","62.7","60.6","59","57.7","56.7","56","55.5","55","54.5","54","53.4","52.7","51.9","50.9","49.7","48.4","47","45.5","44.1","42.8","41.8","40.8","40","39.1","38.1","36.9","35.6","34.2","32.8","31.4","30.2","29","28","26.9","26","25.2","24.3","23.5","22.7","21.9","21.2","20.5","19.8","19.2","",
"Tanzania","TZA","Mortality rate, under-5 (per 1,000 live births)","SH.DYN.MORT","241.1","239.4","237.3","235.1","232.7","230","227.2","224.4","221.3","218.2","215","211.8","208.2","204.6","200.7","196.6","192.5","188.4","184.7","181.7","179.9","179","178.6","178.7","178.5","177.8","176.5","174.7","172.4","170","167.9","165.7","163.6","161.4","158.9","156","152.3","147.7","142.1","135.5","128","120.3","112.4","105","98.3","92.2","86.7","81.3","76.6","72","68.2","64.6","61.7","59","56.3","54.3","52","49.8","47.6","45.6","43.8","41.7","40.1","38.5","37","",
"Uganda","UGA","Mortality rate, under-5 (per 1,000 live births)","SH.DYN.MORT","222.5","219","215.3","212.3","209.5","206.6","203.7","200.6","198","195.9","194.5","194.3","195","197.1","200.1","204","208.5","212.8","216.5","218.7","220.5","218.9","215.3","210.2","204.4","199.4","195.7","192.6","189.4","186.1","182.2","177.7","173.1","169","165.5","162.7","160.3","157.7","154.2","149.6","143.9","137.2","129.9","122.1","114.2","106.5","99.2","92.5","86.4","81.2","76","70.9","66.5","62.8","60.2","57.9","55.6","54","52.7","51.6","50.9","50.2","50","49.4","48.7","",
"Ukraine","UKR","Mortality rate, under-5 (per 1,000 live births)","SH.DYN.MORT","","","","","","","","","","","","32.8","31.7","30.8","29.9","29.1","28.5","28","27.4","26.8","26.1","25.4","24.6","23.7","22.8","21.9","21.1","20.4","19.8","19.4","19.2","19.2","19.4","19.7","19.9","20.1","20.1","19.9","19.5","18.9","18.2","17.4","16.6","15.8","15.1","14.5","14","13.4","12.9","12.3","11.7","11.2","10.7","10.2","9.8","9.5","9.1","8.9","8.7","8.5","8.4","8.2","8.5","8","7.9","",
"Upper middle income","UMC","Mortality rate, under-5 (per 1,000 live births)","SH.DYN.MORT","","","","","","","","","","","","","","","","","","","","","","","","","","","","","","","56.3","54.9","53.1","51.4","49.4","47.5","45.6","43.6","41.6","39.6","37.6","35.6","33.6","31.7","30.7","28.3","26.7","25.1","23.5","22.1","20.8","19.7","18.6","17.8","16.9","16.2","15.5","14.7","14.5","14.1","14.1","13.9","13.8","13.7","13.1","",
"Uruguay","URY","Mortality rate, under-5 (per 1,000 live births)","SH.DYN.MORT","63.4","62","60.5","59.3","58.3","57.8","57.4","57","56.2","55.2","54.1","53.3","53.2","53.9","54.7","55","54.1","51.9","48.4","44.1","39.8","35.9","33","31","29.6","28.4","27.3","26.2","25.1","24.2","23.6","23.2","22.9","22.5","22","21.3","20.3","19.4","18.4","17.6","17","16.6","16.2","15.7","15.2","14.4","13.6","12.7","11.9","11.3","10.8","10.4","10","9.7","9.3","8.9","8.4","8","7.7","7.5","7.3","7.3","7.3","7.4","7.4","",
"United States","USA","Mortality rate, under-5 (per 1,000 live births)","SH.DYN.MORT","30.1","29.5","28.9","28.3","27.7","27.1","26.4","25.7","24.9","24.1","23.3","22.4","21.5","20.6","19.7","18.8","17.9","17.1","16.3","15.6","15","14.4","13.9","13.4","13","12.7","12.4","12.1","11.9","11.6","11.2","10.9","10.5","10.1","9.8","9.5","9.2","8.9","8.7","8.6","8.4","8.3","8.2","8.1","8.1","8","7.9","7.7","7.6","7.5","7.3","7.2","7","6.9","6.8","6.8","6.7","6.6","6.5","6.5","6.5","6.5","6.5","6.5","6.5","",
"Uzbekistan","UZB","Mortality rate, under-5 (per 1,000 live births)","SH.DYN.MORT","","","","","","","","","","","","","","","","","","","","125.8","117.1","109.1","101.7","95","89","83.8","79.3","75.6","72.8","70.9","69.8","69.3","69.4","69.4","69.1","68.5","67.6","66.6","65","63","60.7","58","55","51.9","48.6","45.2","41.9","38.6","35.5","32.6","29.8","27.3","25","23","21.3","19.7","18.4","17.3","16.4","15.7","15.1","14.6","14.1","13.7","13.4","",
"St. Vincent and the Grenadines","VCT","Mortality rate, under-5 (per 1,000 live births)","SH.DYN.MORT","","","","","","","","","","60.3","64.2","68.2","72","75.2","77","77","74.6","70.3","64.9","59.2","53.5","48.2","43.4","39.1","35.4","32.2","29.6","27.5","25.9","24.7","23.8","23.1","22.6","22.4","22.3","22.3","22.3","22.4","22.5","22.5","22.6","22.6","22.6","22.6","22.7","22.8","22.8","22.7","22.4","22","21.4","20.7","19.9","19.1","18.2","17.4","16.6","15.8","15","14.3","13.6","12.9","12.3","11.8","11.3","",
"Venezuela, RB","VEN","Mortality rate, under-5 (per 1,000 live births)","SH.DYN.MORT","80.2","77.6","75.3","73.3","71.6","70.2","68.8","67.5","66.2","64.7","63","61.2","59.4","57.5","55.7","53.8","52","50","48.1","46.2","44.2","42.3","40.6","39","37.6","36.3","35","33.6","32.2","30.8","29.6","28.6","27.8","27.3","26.8","26.3","25.5","24.5","23.4","22.4","21.5","20.9","20.3","19.8","19.2","18.5","17.9","17.4","17.2","17.1","17.2","17.4","17.6","17.9","18.3","19.1","24.2","24.2","24.2","24.2","24.2","24.2","24.2","24.2","24.2","",
"British Virgin Islands","VGB","Mortality rate, under-5 (per 1,000 live births)","SH.DYN.MORT","90.5","85","79.9","75","70.3","66","61.9","58.1","54.6","51.4","48.6","46","43.8","42","40.4","39.1","38","37.1","36.2","35.4","34.5","33.6","32.5","31.4","30.3","29.1","27.8","26.5","25.3","24.1","22.9","21.9","21","20.2","19.4","18.9","18.3","17.9","17.5","17.1","16.8","16.6","16.4","16.1","16","15.9","15.8","15.7","15.7","15.6","15.6","15.6","15.6","15.6","15.6","15.5","15.2","14.9","14.6","14.2","13.8","13.5","13.1","12.7","12.4","",
"Virgin Islands (U.S.)","VIR","Mortality rate, under-5 (per 1,000 live births)","SH.DYN.MORT","","","","","","","","","","","","","","","","","","","","","","","","","","","","","","","","","","","","","","","","","","","","","","","","","","","","","","","","","","","","","","","","","","",
"Viet Nam","VNM","Mortality rate, under-5 (per 1,000 live births)","SH.DYN.MORT","","","","","99.4","102.9","103.3","103.9","120.1","111.3","110.4","107.6","122.4","106.6","109.9","78.5","76.9","75.2","73.4","71.6","69.9","68.2","66.7","65.2","63.8","62.2","60.4","58.5","56.3","54","51.6","49.1","46.6","44.1","41.7","39.4","37.2","35.2","33.4","31.8","30.3","29","27.9","26.9","26.1","25.4","24.8","24.3","23.8","23.4","23.1","22.8","22.5","22.3","22","21.6","21.3","20.9","20.5","20","19.5","18.9","18.4","17.8","17.3","",
"Vanuatu","VUT","Mortality rate, under-5 (per 1,000 live births)","SH.DYN.MORT","153","149.2","145","140.7","136.3","131.6","126.7","122.1","117.2","112.5","108","103.6","99.4","95.3","91.4","87.8","84.1","80.2","76.3","72.1","67.9","63.6","59.3","55","51","47.4","44.2","41.3","38.9","36.9","35.1","33.6","32.3","31.1","30.2","29.4","28.7","28.1","27.6","27.1","26.6","26.1","25.7","25.3","25","24.5","24.1","23.5","22.7","21.9","21.1","20.3","19.7","19.2","18.8","18.6","18.4","18.3","18.2","18.1","18.1","18","17.8","17.5","17.1","",
"World","WLD","Mortality rate, under-5 (per 1,000 live births)","SH.DYN.MORT","","","","","","","","","","","","","","","","","","","","","","","","","","","","","","","93.5","92.9","92.3","91.1","89.4","87.5","86.4","84.3","82.8","79.4","76.7","74.3","71.3","68.3","65.8","62.3","59.6","57","54.7","52.9","50.6","49.5","46.7","45.1","43.9","42.9","41.7","40.9","40","39.6","39.2","39.6","40","38.3","37.4","",
"Samoa","WSM","Mortality rate, under-5 (per 1,000 live births)","SH.DYN.MORT","106.8","102.7","98.7","95.1","111","88.5","85.2","81.9","78.5","74.9","71.6","68.2","65","61.9","58.9","56.1","53.3","50.7","48.1","45.8","43.6","41.7","39.9","38.3","36.8","35.3","34","32.7","31.6","30.6","29.6","28.7","27.8","26.9","26","25","24.2","23.4","22.5","21.7","21","20.3","19.8","19.4","19.1","19","19","19","19","25.3","19.1","19","18.8","18.7","18.5","18.3","18.1","17.8","17.5","20","16.7","16.2","15.8","15.3","14.9","",
"Kosovo","XKX","Mortality rate, under-5 (per 1,000 live births)","SH.DYN.MORT","","","","","","","","","","","","","","","","","","","","","","","","","","147.9","137.8","128.5","120","111.9","104.4","97.5","91","84.8","78.9","73.2","67.7","62.6","57.6","52.8","48.4","44.2","40.3","36.7","33.5","30.6","28","25.7","23.6","21.7","20.1","18.7","17.4","16.3","15.2","14.3","13.4","12.6","11.9","11.2","10.5","10","9.5","9.1","8.7","",
"Yemen, Rep.","YEM","Mortality rate, under-5 (per 1,000 live births)","SH.DYN.MORT","434.4","427.3","420.1","412.3","403.8","394.4","383.7","371.9","359.3","346.5","333.5","321","309","297.5","285.7","273.8","261.4","248.6","235.6","222.4","209.4","196.6","184.6","173.2","163","154.1","146.5","139.9","134.3","129.4","125.2","121.6","118.4","115.5","112.9","110.5","107.9","105","101.5","97.4","92.9","88.2","83.5","79","74.7","70.6","66.9","63.4","60.2","57.5","55","53.1","51.6","49.6","48.7","49.3","47.9","47.5","47.3","46.1","43.4","42.6","41.1","39.5","38.1","",
"South Africa","ZAF","Mortality rate, under-5 (per 1,000 live births)","SH.DYN.MORT","","","","","","","","","","","","","","","132.3","124.9","117.8","111.1","104.7","98.8","93.5","88.5","83.8","79.6","75.9","72.3","68.9","65.7","62.7","60.1","58.1","56.8","56.2","56.6","57.8","59.2","60.9","62.9","65.8","68.7","71.4","74.5","77","79.2","80.7","79.8","76.9","71.2","63.7","56.9","50.3","45.6","43.1","41.4","39.7","38.2","36.8","35.7","34.9","34.3","33.9","34","34.3","34.8","35.1","",
"Zambia","ZMB","Mortality rate, under-5 (per 1,000 live births)","SH.DYN.MORT","205","201.3","197.8","194.8","192.2","190.3","188.8","187.8","186.3","183.9","180.2","175.4","170","164.6","159.8","156.2","154","153.5","153.9","154.3","154.9","155.6","156.8","159","162.1","165.8","169.8","173.7","176.9","179.4","180.7","180.9","180.2","178.5","175.8","172.2","168.7","165.6","162.5","158.1","151.8","143.2","132.9","122.1","111.7","102.7","94.8","89.1","84.2","78.4","74.3","71.8","69.2","66","62.6","60.2","57.1","55.2","54.7","53.5","52.5","50.4","49.5","49.1","48.4","",
"Zimbabwe","ZWE","Mortality rate, under-5 (per 1,000 live births)","SH.DYN.MORT","153.5","150.4","147.1","143.6","139.9","135.8","132.1","128.5","125.8","123.9","122.3","121","120.2","119.9","120.3","120.9","121.2","121.5","121.8","121.6","120","115.8","109.8","102.8","95.8","89.4","84.5","81.3","80.2","81.2","84","87.9","92.3","97.5","102.7","104.2","108.1","100.7","97.1","99.7","99.4","96.3","93.8","91.9","91.2","91.6","87.6","90.6","91.1","89.8","85.2","77.2","68","62.6","59.8","59.2","57.5","56.7","56.3","58.6","61.7","62.4","64","64.2","64.7","",
