"Data Source","World Development Indicators",

"Last Updated Date","2026-07-13",

"Country Name","Country Code","Indicator Name","Indicator Code","1960","1961","1962","1963","1964","1965","1966","1967","1968","1969","1970","1971","1972","1973","1974","1975","1976","1977","1978","1979","1980","1981","1982","1983","1984","1985","1986","1987","1988","1989","1990","1991","1992","1993","1994","1995","1996","1997","1998","1999","2000","2001","2002","2003","2004","2005","2006","2007","2008","2009","2010","2011","2012","2013","2014","2015","2016","2017","2018","2019","2020","2021","2022","2023","2024","2025",
"Aruba","ABW","Fertility rate, total (births per woman)","SP.DYN.TFRT.IN","4.567","4.422","4.262","4.107","3.94","3.797","3.621","3.452","3.277","3.111","2.973","2.862","2.755","2.655","2.573","2.499","2.432","2.372","2.312","2.257","2.203","2.161","2.142","2.148","2.17","2.188","2.212","2.243","2.273","2.306","2.345","2.362","2.353","2.331","2.298","2.288","2.233","2.138","2.001","1.897","1.845","1.813","1.8","1.808","1.819","1.844","1.862","1.881","1.889","1.875","1.855","1.858","1.907","1.944","1.944","1.899","1.848","1.785","1.732","1.701","1.662","1.631","1.615","1.602","1.606","",
"Africa Eastern and Southern","AFE","Fertility rate, total (births per woman)","SP.DYN.TFRT.IN","6.65031036894191","6.66730834168741","6.68824576701073","6.70922635305278","6.72492992979071","6.73745943915781","6.76648648398455","6.77549319640557","6.7825231473586","6.78281325136195","6.79270924423155","6.79899797307996","6.79835183147635","6.79603792998549","6.79297208563693","6.78336232325025","6.7682916425784","6.74940517002009","6.73332529073521","6.71517811064519","6.69461156323483","6.66376949580984","6.63544939064984","6.59534764547448","6.54988619558372","6.50024081179738","6.44827093188949","6.39868038918192","6.32904104386327","6.24992878317002","6.16021171875849","6.09484601741377","6.02821887809702","5.97024615922812","5.91123813561732","5.85348014036154","5.78158012010132","5.71082027615964","5.66288610499311","5.61161901998499","5.54989301895013","5.50176609365985","5.44969577120575","5.40732792013545","5.38130825995291","5.35039851932097","5.30592047242956","5.25398480103277","5.21940349533757","5.14253544179731","5.06649130694819","4.98101022132388","4.89962717527948","4.81957931743396","4.74808797669378","4.67652267089581","4.61575640708229","4.56991525358056","4.52145351469467","4.47135093640992","4.4129987402204","4.3506907649087","4.28707989151235","4.22386057727533","4.16404379125111","",
"Afghanistan","AFG","Fertility rate, total (births per woman)","SP.DYN.TFRT.IN","7.282","7.284","7.292","7.302","7.304","7.305","7.32","7.339","7.363","7.389","7.4","7.432","7.453","7.487","7.526","7.542","7.561","7.591","7.599","7.612","7.643","7.617","7.6","7.57","7.554","7.55","7.553","7.548","7.551","7.559","7.576","7.631","7.703","7.761","7.767","7.767","7.757","7.732","7.693","7.641","7.566","7.453","7.32","7.174","7.018","6.858","6.686","6.508","6.392","6.295","6.195","6.094","5.985","5.879","5.77","5.652","5.542","5.433","5.327","5.238","5.145","5.039","4.932","4.84","4.761","",
"Africa Western and Central","AFW","Fertility rate, total (births per woman)","SP.DYN.TFRT.IN","6.4688817098498","6.47834528656808","6.49227590069647","6.50023025348845","6.51672386426079","6.5327051585412","6.55639425281808","6.58244683297033","6.60691990766238","6.63318800980981","6.65554623919536","6.69703640614199","6.73326595744144","6.76390185612439","6.80205708137987","6.83892285407124","6.85835927188583","6.89020904701304","6.91603707185669","6.90484508141147","6.8880454681608","6.87163081121403","6.84683652863612","6.81964522341859","6.77041597848347","6.71811474133429","6.67688780915461","6.630395858326","6.59492362133198","6.56281060334971","6.51750015064568","6.47094560698628","6.41838924330729","6.36289623151705","6.30014297175059","6.23709985741449","6.17219579970824","6.10431923090921","6.0458287463618","6.02910438779487","6.0233696179763","5.99123024448238","5.95725889861104","5.92454319845166","5.89643006717178","5.87255288384985","5.84672656274002","5.8102777837122","5.78607830792923","5.75169437925293","5.71344560011985","5.66627507528846","5.59747202018279","5.51615684120548","5.44066731273946","5.34716145019447","5.2294334981165","5.0992555835747","4.96288509692401","4.82945527873639","4.70773888647275","4.63813910802773","4.56381660302177","4.49819642332456","4.41645027493679","",
"Angola","AGO","Fertility rate, total (births per woman)","SP.DYN.TFRT.IN","6.708","6.79","6.872","6.954","7.036","7.116","7.194","7.267","7.332","7.388","7.434","7.467","7.488","7.498","7.5","7.494","7.485","7.475","7.467","7.461","7.459","7.459","7.461","7.462","7.459","7.451","7.435","7.409","7.373","7.328","7.272","7.208","7.138","7.065","6.99","6.918","6.851","6.789","6.732","6.683","6.639","6.601","6.567","6.533","6.499","6.461","6.419","6.372","6.32","6.26","6.194","6.12","6.039","5.953","5.864","5.774","5.686","5.6","5.519","5.442","5.371","5.304","5.209","5.124","5.048","",
"Albania","ALB","Fertility rate, total (births per woman)","SP.DYN.TFRT.IN","6.383","6.273","6.106","5.927","5.714","5.474","5.325","5.31","5.317","5.287","5.158","5.083","4.979","4.829","4.7","4.566","4.374","4.204","3.996","3.782","3.59","3.468","3.416","3.319","3.282","3.214","3.141","3.106","3.069","3.03","3.014","2.956","2.885","2.811","2.798","2.762","2.666","2.535","2.425","2.313","2.217","2.141","2.002","2.006","1.889","1.787","1.686","1.633","1.616","1.638","1.653","1.677","1.719","1.741","1.721","1.631","1.555","1.486","1.415","1.395","1.371","1.365","1.355","1.348","1.341","",
"Andorra","AND","Fertility rate, total (births per woman)","SP.DYN.TFRT.IN","2.545","2.543","2.548","2.602","2.689","2.715","2.759","2.78","2.77","2.769","2.787","2.832","2.905","2.826","2.735","2.458","2.207","2.029","1.884","1.795","1.83","1.797","1.726","1.574","1.475","1.434","1.397","1.367","1.365","1.395","1.401","1.397","1.373","1.334","1.317","1.319","1.329","1.354","1.383","1.421","1.273","1.305","1.265","1.18","1.229","1.224","1.234","1.189","1.25","1.208","1.275","1.321","1.26","1.142","1.168","1.223","1.184","1.129","1.053","1.045","1.028","1.058","1.071","1.082","1.087","",
"Arab World","ARB","Fertility rate, total (births per woman)","SP.DYN.TFRT.IN","6.92203318142748","6.97214164003418","7.07506183841561","7.06651621863442","7.040108892229","6.99572980831693","6.97006646898323","6.94757072656492","6.92058834697033","6.88622907990047","6.85324916247493","6.81247936353208","6.76441219938223","6.70933975774271","6.66173747850986","6.61676653259843","6.56932052403797","6.50558714076787","6.43943191179615","6.38534031749251","6.31505967411158","6.22969733689023","6.15238948628116","6.0674616818145","5.95526449260975","5.83765214424102","5.69632046171871","5.5625706977479","5.43363430919222","5.28417325945673","5.15485883194052","5.0127064562784","4.87043694708586","4.72248668278884","4.59348434436688","4.43526942204969","4.29082607782232","4.19151507626844","4.10449389117135","4.0159586665213","3.93474923419248","3.85844968262325","3.78100074910528","3.72725438909958","3.6796507015543","3.6433356042585","3.61922849596914","3.60428476711649","3.58028520655661","3.57118607702881","3.57186073483879","3.56597589031882","3.58216031979128","3.5741271698933","3.56212633472775","3.53244359112271","3.46298807812024","3.42519822145484","3.32426875614683","3.25509307857063","3.20826865698484","3.14558842701715","3.10776674481051","3.08975083762374","3.05741457915216","",
"United Arab Emirates","ARE","Fertility rate, total (births per woman)","SP.DYN.TFRT.IN","6.499","6.494","6.489","6.495","6.494","6.495","6.495","6.51","6.529","6.524","6.519","6.519","6.502","6.464","6.411","6.353","6.291","6.223","6.151","6.059","5.953","5.814","5.658","5.482","5.303","5.125","4.999","4.883","4.768","4.65","4.506","4.251","4.088","3.819","3.761","3.278","3.06","2.825","2.765","2.793","2.733","2.622","2.541","2.491","2.385","2.232","1.958","1.792","1.516","1.582","1.565","1.539","1.532","1.527","1.483","1.417","1.366","1.35","1.288","1.247","1.289","1.162","1.148","1.2","1.213","",
"Argentina","ARG","Fertility rate, total (births per woman)","SP.DYN.TFRT.IN","3.136","3.12","3.126","3.109","3.075","3.005","2.966","2.982","3.011","3.049","3.085","3.108","3.135","3.17","3.216","3.271","3.317","3.359","3.359","3.339","3.301","3.253","3.204","3.148","3.116","3.066","3.054","3.037","3.046","3.022","3.034","3.012","2.987","2.966","2.935","2.864","2.781","2.706","2.662","2.643","2.591","2.531","2.493","2.451","2.43","2.426","2.4","2.37","2.432","2.4","2.411","2.393","2.304","2.335","2.386","2.35","2.241","2.168","2.067","1.882","1.601","1.585","1.482","1.5","1.504","",
"Armenia","ARM","Fertility rate, total (births per woman)","SP.DYN.TFRT.IN","4.786","4.67","4.521","4.345","4.15","3.988","3.829","3.731","3.622","3.488","3.328","3.286","3.198","3.081","2.984","2.921","2.844","2.739","2.617","2.53","2.48","2.48","2.503","2.558","2.603","2.644","2.662","2.664","2.675","2.705","2.708","2.643","2.499","2.286","2.084","2.067","2.06","1.9","1.81","1.534","1.3","1.2","1.2","1.3","1.4","1.3","1.3","1.4","1.4","1.5","1.5","1.5","1.6","1.6","1.7","1.6","1.6","1.6","1.6","1.6","1.7","1.7","1.7","1.9","1.7","",
"American Samoa","ASM","Fertility rate, total (births per woman)","SP.DYN.TFRT.IN","6.578","6.575","6.603","6.687","6.78","6.73","6.618","6.461","6.281","6.122","5.953","5.765","5.519","5.297","5.139","5.013","4.932","4.953","4.873","4.756","4.627","4.498","4.37","4.267","4.25","4.255","4.276","4.298","4.314","4.41","4.472","4.528","4.557","4.605","4.384","4.121","3.944","3.887","3.878","3.891","3.89","3.87","3.866","3.91","3.945","3.863","3.685","3.509","3.42","3.359","3.292","3.169","3.043","2.932","2.852","2.78","2.699","2.598","2.494","2.404","2.36","2.327","2.305","2.286","2.267","",
"Antigua and Barbuda","ATG","Fertility rate, total (births per woman)","SP.DYN.TFRT.IN","4.602","4.559","4.547","4.536","4.484","4.416","4.322","4.178","4.014","3.829","3.628","3.455","3.287","3.126","2.932","2.77","2.78","2.784","2.573","2.632","2.311","2.166","2.087","2.116","2.038","2.151","2.032","2.067","2.132","2.199","2.249","2.036","2.126","2.036","2.069","2.159","2.266","2.19","2.017","1.956","2.196","2.018","1.94","1.887","1.852","1.832","1.831","1.86","2.042","2.006","1.785","1.746","1.655","1.537","1.526","1.567","1.458","1.485","1.371","1.468","1.569","1.58","1.58","1.578","1.582","",
"Australia","AUS","Fertility rate, total (births per woman)","SP.DYN.TFRT.IN","3.453","3.54","3.442","3.332","3.146","2.977","2.881","2.848","2.888","2.886","2.859","2.961","2.744","2.491","2.397","2.148","2.06","2.007","1.949","1.907","1.891","1.935","1.929","1.924","1.84","1.923","1.868","1.845","1.831","1.838","1.902","1.849","1.888","1.859","1.842","1.822","1.796","1.778","1.762","1.755","1.756","1.739","1.756","1.748","1.768","1.807","1.908","1.959","1.984","1.971","1.928","1.926","1.92","1.855","1.826","1.814","1.752","1.741","1.74","1.657","1.581","1.7","1.63","1.499","1.481","",
"Austria","AUT","Fertility rate, total (births per woman)","SP.DYN.TFRT.IN","2.69","2.78","2.8","2.82","2.79","2.7","2.66","2.62","2.58","2.49","2.29","2.2","2.08","1.94","1.91","1.83","1.69","1.63","1.6","1.6","1.65","1.67","1.66","1.56","1.52","1.47","1.45","1.43","1.45","1.45","1.46","1.51","1.51","1.5","1.47","1.42","1.45","1.39","1.37","1.34","1.36","1.33","1.39","1.38","1.42","1.41","1.41","1.38","1.42","1.39","1.44","1.43","1.44","1.44","1.46","1.49","1.53","1.52","1.47","1.46","1.44","1.48","1.41","1.32","1.31","",
"Azerbaijan","AZE","Fertility rate, total (births per woman)","SP.DYN.TFRT.IN","5.878","5.937","5.961","5.945","5.888","5.792","5.663","5.377","5.222","5.065","4.913","4.769","4.615","4.451","4.33","4.176","4.018","3.869","3.73","3.605","3.497","3.41","3.343","3.293","3.259","2.91","2.9","2.9026","2.8","2.8","2.74","2.87","2.74","2.7","2.52","2.29","2.06","2.07","2","2.07","2","1.8","1.8","1.9","2.0535","2","1.97","1.97","1.9","1.82","1.92","1.96","2","1.98","1.97","1.94","1.9","1.75","1.73","1.81","1.7","1.52","1.67","1.55","1.43","",
"Burundi","BDI","Fertility rate, total (births per woman)","SP.DYN.TFRT.IN","7.003","7.023","7.038","7.067","7.09","7.113","7.135","7.156","7.18","7.215","7.214","7.213","7.21","7.215","7.222","7.244","7.248","7.245","7.259","7.307","7.353","7.329","7.314","7.298","7.295","7.294","7.32","7.38","7.383","7.387","7.365","7.336","7.301","7.272","7.23","7.184","7.123","7.04","6.958","6.897","6.872","6.849","6.819","6.785","6.746","6.708","6.659","6.588","6.515","6.409","6.26","6.108","5.991","5.889","5.794","5.695","5.587","5.481","5.38","5.271","5.177","5.078","4.98","4.878","4.789","",
"Belgium","BEL","Fertility rate, total (births per woman)","SP.DYN.TFRT.IN","2.54","2.63","2.59","2.68","2.71","2.61","2.52","2.41","2.31","2.27","2.25","2.21","2.09","1.95","1.83","1.74","1.73","1.71","1.69","1.69","1.68","1.66","1.61","1.57","1.54","1.51","1.54","1.54","1.57","1.58","1.62","1.66","1.65","1.61","1.56","1.56","1.59","1.6","1.6","1.62","1.67","1.67","1.65","1.67","1.72","1.76","1.8","1.82","1.85","1.84","1.86","1.81","1.8","1.76","1.74","1.7","1.68","1.65","1.62","1.6","1.55","1.6","1.53","1.47","1.44","",
"Benin","BEN","Fertility rate, total (births per woman)","SP.DYN.TFRT.IN","6.282","6.402","6.457","6.51","6.565","6.605","6.625","6.643","6.669","6.705","6.735","6.766","6.799","6.809","6.822","6.83","6.83","6.832","6.824","6.905","6.989","7.056","7.055","7.045","7.031","7.003","6.962","6.918","6.871","6.815","6.741","6.666","6.593","6.51","6.419","6.33","6.279","6.23","6.136","6.032","5.937","5.848","5.793","5.763","5.718","5.692","5.673","5.627","5.548","5.491","5.452","5.436","5.429","5.41","5.374","5.32","5.254","5.155","5.031","4.9","4.795","4.707","4.634","4.556","4.48","",
"Burkina Faso","BFA","Fertility rate, total (births per woman)","SP.DYN.TFRT.IN","6.248","6.286","6.322","6.356","6.419","6.471","6.527","6.585","6.645","6.664","6.685","6.698","6.719","6.77","6.842","6.913","6.952","7.046","7.148","7.194","7.222","7.256","7.253","7.251","7.245","7.242","7.218","7.168","7.109","7.047","7.009","6.973","6.936","6.889","6.843","6.814","6.779","6.724","6.661","6.586","6.519","6.431","6.339","6.28","6.216","6.182","6.17","6.11","6.05","5.992","5.936","5.869","5.793","5.697","5.595","5.478","5.331","5.17","4.921","4.681","4.44","4.361","4.275","4.186","4.11","",
"Bangladesh","BGD","Fertility rate, total (births per woman)","SP.DYN.TFRT.IN","6.742","6.78","6.806","6.798","6.785","6.771","6.766","6.79","6.791","6.806","6.839","6.831","6.816","6.8","6.778","6.728","6.66","6.583","6.509","6.421","6.326","6.237","6.118","5.906","5.732","5.539","5.302","5.075","4.849","4.695","4.506","4.261","4.027","3.832","3.737","3.588","3.505","3.502","3.427","3.357","3.279","3.203","3.126","3.029","2.94","2.846","2.755","2.666","2.577","2.484","2.38","2.309","2.263","2.247","2.228","2.227","2.227","2.205","2.193","2.18","2.175","2.173","2.179","2.163","2.138","",
"Bulgaria","BGR","Fertility rate, total (births per woman)","SP.DYN.TFRT.IN","2.31","2.29","2.24","2.21","2.19","2.09","2.03","2.02","2.27","2.27","2.17","2.1","2.03","2.15","2.29","2.23","2.24","2.21","2.15","2.16","2.05","2","2.01","2.01","2.01","1.97","2.02","1.96","1.97","1.9","1.82","1.66","1.55","1.46","1.37","1.23","1.23","1.09","1.11","1.23","1.26","1.21","1.23","1.26","1.33","1.37","1.44","1.49","1.56","1.66","1.57","1.51","1.5","1.54","1.62","1.64","1.67","1.71","1.73","1.79","1.77","1.8","1.78","1.81","1.72","",
"Bahrain","BHR","Fertility rate, total (births per woman)","SP.DYN.TFRT.IN","7.262","7.231","7.185","7.137","7.091","7.027","6.944","6.843","6.708","6.57","6.428","6.284","6.139","5.965","5.787","5.618","5.454","5.287","5.12","4.937","4.762","4.602","4.505","4.406","4.303","4.281","4.254","4.133","4.04","3.956","3.817","3.625","3.548","3.461","3.291","3.128","2.986","2.924","2.889","2.899","2.798","2.653","2.699","2.778","2.774","2.67","2.464","2.282","2.152","2.047","1.987","2.025","2.11","2.166","2.149","2.113","2.042","1.984","1.911","1.843","1.86","1.852","1.839","1.824","1.805","",
"Bahamas, The","BHS","Fertility rate, total (births per woman)","SP.DYN.TFRT.IN","5.093","5.156","5.125","5.062","4.969","4.884","4.788","4.689","4.556","4.38","4.212","4.058","3.886","3.726","3.572","3.424","3.297","3.167","3.052","2.937","2.842","2.771","2.708","2.652","2.591","2.546","2.529","2.52","2.519","2.523","2.52","2.51","2.71","2.61","2.472","2.419","2.353","2.293","2.232","2.134","2.06","2.02","1.984","1.971","1.98","2.008","2.019","2.035","1.999","2.011","1.837","1.791","1.761","1.738","1.687","1.574","1.495","1.424","1.404","1.397","1.386","1.382","1.379","1.373","1.374","",
"Bosnia and Herzegovina","BIH","Fertility rate, total (births per woman)","SP.DYN.TFRT.IN","3.963","3.888","3.805","3.7","3.6","3.53","3.394","3.219","3.076","2.954","2.791","2.749","2.672","2.539","2.454","2.389","2.314","2.197","2.081","1.993","1.98","2.024","2.052","2.049","2.015","1.96","1.909","1.879","1.849","1.792","1.786","1.782","1.758","1.729","1.698","1.669","1.652","1.686","1.561","1.366","1.282","1.23","1.231","1.219","1.221","1.203","1.18","1.19","1.21","1.267","1.26","1.209","1.252","1.278","1.262","1.322","1.36","1.419","1.504","1.509","1.515","1.49","1.481","1.486","1.492","",
"Belarus","BLR","Fertility rate, total (births per woman)","SP.DYN.TFRT.IN","2.67","2.59","2.5","2.4","2.31","2.27","2.29","2.26","2.22","2.26","2.31","2.31","2.28","2.25","2.21","2.17","2.12","2.08","2.06","2.05","2.03","2.02","2.05","2.11","2.11","2.09","2.09","2.03","2.031","2.026","1.913","1.805","1.764","1.623","1.533","1.406","1.335","1.25","1.3","1.31","1.317","1.286","1.24","1.232","1.233","1.252","1.335","1.429","1.488","1.509","1.494","1.515","1.62","1.668","1.696","1.724","1.733","1.541","1.448","1.382","1.369","1.371","1.326","1.208","1.217","",
"Belize","BLZ","Fertility rate, total (births per woman)","SP.DYN.TFRT.IN","6.5","6.48","6.46","6.44","6.42","6.4","6.379","6.358","6.337","6.316","6.299","6.288","6.284","6.285","6.287","6.278","6.25","6.195","6.109","5.992","5.849","5.684","5.497","5.309","5.115","4.997","4.937","4.883","4.868","4.864","4.802","4.595","4.429","4.206","3.973","3.876","3.755","3.737","3.752","3.726","3.633","3.526","3.43","3.335","3.252","3.173","3.021","2.885","2.78","2.659","2.552","2.531","2.51","2.498","2.474","2.433","2.396","2.368","2.343","2.142","2.04","1.837","1.949","2.007","2.021","",
"Bermuda","BMU","Fertility rate, total (births per woman)","SP.DYN.TFRT.IN","3.63","3.594","3.441","3.476","3.231","3.077","2.794","2.567","2.451","2.361","2.308","2.277","2.225","2.143","2.023","1.888","1.864","1.689","1.798","1.661","1.664","1.596","1.643","1.812","1.683","1.774","1.732","1.746","1.797","1.76","1.699","1.744","1.725","1.7","1.684","1.677","1.699","1.692","1.794","1.794","1.738","1.861","1.815","1.79","1.76","1.782","1.79","1.934","1.86","1.853","1.767","1.569","1.528","1.522","1.42","1.44","1.45","1.419","1.374","1.383","1.451","1.389","1.397","1.401","1.405","",
"Bolivia","BOL","Fertility rate, total (births per woman)","SP.DYN.TFRT.IN","6.273","6.257","6.246","6.232","6.21","6.182","6.158","6.133","6.101","6.058","6.004","5.947","5.885","5.847","5.796","5.748","5.739","5.673","5.61","5.542","5.474","5.408","5.346","5.289","5.242","5.153","5.115","5.063","5.025","4.965","4.9","4.846","4.713","4.592","4.494","4.409","4.336","4.219","4.149","4.09","3.991","3.89","3.802","3.721","3.633","3.558","3.533","3.447","3.364","3.287","3.213","3.143","3.076","3.01","2.947","2.886","2.829","2.777","2.73","2.688","2.651","2.618","2.584","2.547","2.523","",
"Brazil","BRA","Fertility rate, total (births per woman)","SP.DYN.TFRT.IN","6.051","6.022","5.984","5.93","5.818","5.677","5.516","5.336","5.165","5.041","4.934","4.838","4.735","4.638","4.502","4.415","4.339","4.267","4.195","4.12","4.037","3.943","3.838","3.723","3.6","3.48","3.361","3.232","3.112","3.007","2.896","2.805","2.71","2.66","2.603","2.567","2.511","2.468","2.418","2.335","2.247","2.162","2.081","2.006","1.973","1.942","1.896","1.854","1.815","1.799","1.786","1.777","1.766","1.761","1.775","1.777","1.727","1.74","1.744","1.705","1.653","1.638","1.629","1.619","1.614","",
"Barbados","BRB","Fertility rate, total (births per woman)","SP.DYN.TFRT.IN","4.706","4.153","4.3","4.304","4.214","4.176","4.144","3.599","3.574","3.342","3.079","3.199","3.153","2.865","2.652","2.447","2.241","2.201","1.839","1.862","1.777","1.846","1.859","1.856","1.752","1.769","1.694","1.611","1.58","1.638","1.842","1.838","1.804","1.769","1.733","1.704","1.673","1.645","1.62","1.779","1.933","1.955","1.862","1.856","1.797","1.738","1.702","1.755","1.756","1.77","1.785","1.758","1.731","1.729","1.727","1.726","1.724","1.724","1.72","1.715","1.708","1.709","1.712","1.708","1.708","",
"Brunei Darussalam","BRN","Fertility rate, total (births per woman)","SP.DYN.TFRT.IN","7.322","7.185","7.03","6.893","6.773","6.647","6.514","6.372","6.204","6.008","5.801","5.619","5.5","5.355","5.183","4.99","4.784","4.58","4.389","4.216","4.067","3.943","3.841","3.751","3.68","3.612","3.549","3.491","3.435","3.364","3.29","3.206","3.111","3.007","2.901","2.787","2.681","2.6","2.533","2.461","2.398","2.337","2.264","2.185","2.104","2.024","1.969","1.933","1.918","1.921","1.937","1.957","1.973","1.978","1.969","1.947","1.915","1.881","1.848","1.819","1.796","1.778","1.764","1.747","1.731","",
"Bhutan","BTN","Fertility rate, total (births per woman)","SP.DYN.TFRT.IN","6.704","6.698","6.692","6.687","6.682","6.679","6.674","6.669","6.664","6.658","6.65","6.643","6.639","6.633","6.618","6.62","6.616","6.605","6.584","6.553","6.511","6.46","6.402","6.336","6.262","6.176","6.103","5.999","5.88","5.757","5.604","5.451","5.267","5.072","4.866","4.624","4.369","4.088","3.853","3.607","3.378","3.188","3.012","2.865","2.781","2.726","2.66","2.589","2.481","2.364","2.252","2.155","2.068","2","1.923","1.835","1.738","1.621","1.517","1.448","1.502","1.488","1.478","1.462","1.449","",
"Botswana","BWA","Fertility rate, total (births per woman)","SP.DYN.TFRT.IN","6.595","6.564","6.536","6.578","6.613","6.604","6.606","6.598","6.582","6.559","6.55","6.544","6.563","6.587","6.614","6.613","6.599","6.543","6.479","6.395","6.292","6.163","5.97","5.785","5.625","5.482","5.332","5.104","4.878","4.666","4.509","4.365","4.255","4.152","4.021","3.792","3.573","3.431","3.362","3.313","3.294","3.248","3.175","3.106","3.063","3.082","3.114","3.127","3.131","3.133","3.135","3.103","3.07","3.045","3.027","3.008","2.99","2.969","2.941","2.906","2.861","2.827","2.785","2.732","2.703","",
"Central African Republic","CAF","Fertility rate, total (births per woman)","SP.DYN.TFRT.IN","5.948","5.958","5.97","5.985","6.005","6.028","6.057","6.076","6.101","6.063","6.027","5.993","5.959","5.925","5.899","5.877","5.936","5.986","6.039","6.09","6.13","6.167","6.16","6.151","6.138","6.119","6.106","6.12","6.098","6.073","6.049","6.03","5.964","5.926","5.919","5.943","5.963","5.924","5.889","5.875","5.851","5.807","5.785","5.799","5.784","5.812","5.84","5.867","5.902","5.936","5.963","6.009","6.047","6.075","6.099","6.126","6.126","6.127","6.108","6.09","6.059","6.052","6.023","6.012","5.954","",
"Canada","CAN","Fertility rate, total (births per woman)","SP.DYN.TFRT.IN","3.811","3.753","3.681","3.607","3.456","3.115","2.749","2.528","2.386","2.334","2.258","2.141","1.98","1.89","1.837","1.824","1.796","1.782","1.768","1.754","1.74","1.7","1.69","1.68","1.65","1.67","1.675","1.68","1.68","1.77","1.83","1.72","1.71","1.69","1.69","1.67","1.63","1.57","1.56","1.55","1.51","1.54","1.52","1.55","1.56","1.58","1.63","1.67","1.7","1.69","1.65","1.63","1.63","1.61","1.61","1.6","1.59","1.55","1.51","1.47","1.41","1.44","1.34","1.27","1.25","",
"Central Europe and the Baltics","CEB","Fertility rate, total (births per woman)","SP.DYN.TFRT.IN","2.49178453894492","2.39785654955442","2.30703378564719","2.31105453758811","2.25805299100354","2.2059292492467","2.12881236631245","2.47914307382557","2.45646376597215","2.35427147281504","2.28375631390379","2.25959276238533","2.23573996376048","2.24943064836784","2.36433701484148","2.33828750419754","2.32272817151662","2.28450038228502","2.24957781638885","2.25568817418042","2.1966569925957","2.15083974781709","2.139980297603","2.14266457172838","2.16364678216044","2.16186608194946","2.13787006990764","2.09737155169541","2.07819977517517","2.01820598375488","1.93049087711298","1.85424166322448","1.74984681538824","1.66998200520003","1.58951955016506","1.46845538491996","1.42923712401979","1.38166613931049","1.33855595147394","1.3079163778949","1.31777162376956","1.27547143482851","1.2533647469042","1.25106592539215","1.2764470903797","1.31266924216897","1.34198925571287","1.38121771530771","1.46350338600242","1.48761303763203","1.46183448121757","1.3933610504725","1.41601351724116","1.3924127729705","1.44768720742133","1.46783594171049","1.53034571436164","1.59101293219932","1.58380338479332","1.58112607943046","1.56935545634579","1.5700115985293","1.49491038712396","1.39667191135418","1.30912544338199","",
"Switzerland","CHE","Fertility rate, total (births per woman)","SP.DYN.TFRT.IN","2.44","2.52","2.58","2.65","2.66","2.59","2.5","2.39","2.29","2.19","2.1","2.04","1.91","1.81","1.73","1.61","1.55","1.53","1.51","1.52","1.55","1.55","1.56","1.52","1.53","1.52","1.53","1.52","1.57","1.56","1.58","1.58","1.58","1.51","1.49","1.48","1.5","1.48","1.47","1.48","1.5","1.38","1.39","1.39","1.42","1.42","1.44","1.46","1.48","1.5","1.52","1.52","1.52","1.52","1.54","1.54","1.54","1.52","1.52","1.48","1.46","1.52","1.39","1.33","1.29","",
"Channel Islands","CHI","Fertility rate, total (births per woman)","SP.DYN.TFRT.IN","2.34","2.41","2.52","2.63","2.66","2.57","2.42","2.28","2.21","2.13","2.01","1.95","1.76","1.66","1.58","1.51","1.44","1.47","1.46","1.47","1.45","1.42","1.39","1.44","1.4","1.4","1.43","1.46","1.48","1.49","1.51","1.47","1.47","1.42","1.47","1.45","1.49","1.51","1.51","1.51","1.49","1.48","1.47","1.51","1.5","1.46","1.47","1.53","1.56","1.57","1.58","1.59","1.58","1.56","1.54","1.5","1.46","1.41","1.37","1.35","1.33","1.36","1.37","1.37","1.37","",
"Chile","CHL","Fertility rate, total (births per woman)","SP.DYN.TFRT.IN","4.697","4.655","4.602","4.536","4.457","4.364","4.259","4.144","4.025","3.902","3.778","3.654","3.53","3.409","3.293","3.182","3.078","2.981","2.892","2.812","2.744","2.689","2.648","2.619","2.601","2.592","2.589","2.59","2.591","2.589","2.579","2.558","2.478","2.43","2.377","2.353","2.284","2.202","2.149","2.074","2.046","2.007","1.934","1.885","1.844","1.825","1.798","1.826","1.85","1.855","1.844","1.823","1.798","1.786","1.774","1.737","1.686","1.563","1.543","1.43","1.307","1.176","1.255","1.167","1.14","",
"China","CHN","Fertility rate, total (births per woman)","SP.DYN.TFRT.IN","4.451","3.863","6.085","7.513","6.672","6.605","6.307","5.806","6.508","6.175","6.085","5.523","5.112","4.726","4.17","3.571","3.235","2.844","2.716","2.745","2.739","2.792","2.972","2.559","2.607","2.633","2.721","2.76","2.539","2.52","2.514","1.934","1.776","1.691","1.628","1.588","1.554","1.527","1.522","1.53","1.628","1.563","1.566","1.57","1.605","1.624","1.644","1.666","1.701","1.714","1.687","1.668","1.798","1.714","1.769","1.67","1.772","1.795","1.539","1.496","1.236","1.117","1.034","0.999","1.013","",
"Cote d'Ivoire","CIV","Fertility rate, total (births per woman)","SP.DYN.TFRT.IN","7.691","7.72","7.75","7.781","7.811","7.841","7.868","7.893","7.912","7.927","7.936","7.941","7.942","7.939","7.929","7.91","7.877","7.828","7.669","7.625","7.586","7.539","7.488","7.417","7.352","7.273","7.187","7.09","6.969","6.85","6.719","6.585","6.426","6.27","6.128","6.038","5.954","5.902","5.854","5.805","5.773","5.704","5.641","5.572","5.527","5.499","5.448","5.403","5.357","5.332","5.292","5.244","5.19","5.135","5.071","4.97","4.873","4.757","4.596","4.523","4.461","4.411","4.349","4.283","4.23","",
"Cameroon","CMR","Fertility rate, total (births per woman)","SP.DYN.TFRT.IN","5.725","5.732","5.729","5.731","5.739","5.796","5.854","5.951","6.043","6.144","6.197","6.259","6.293","6.326","6.361","6.401","6.447","6.508","6.545","6.581","6.613","6.61","6.594","6.575","6.563","6.564","6.572","6.538","6.481","6.414","6.362","6.324","6.256","6.155","6.043","5.919","5.795","5.706","5.656","5.604","5.514","5.441","5.435","5.432","5.436","5.421","5.369","5.343","5.294","5.236","5.154","5.052","4.982","4.905","4.844","4.841","4.842","4.804","4.74","4.651","4.557","4.468","4.397","4.322","4.261","",
"Congo, Dem. Rep.","COD","Fertility rate, total (births per woman)","SP.DYN.TFRT.IN","6.105","6.124","6.141","6.158","6.188","6.21","6.242","6.267","6.286","6.304","6.329","6.344","6.369","6.385","6.404","6.419","6.437","6.45","6.463","6.479","6.495","6.519","6.54","6.564","6.586","6.612","6.634","6.651","6.656","6.65","6.649","6.645","6.639","6.641","6.643","6.676","6.672","6.69","6.7","6.692","6.702","6.663","6.606","6.549","6.53","6.526","6.547","6.559","6.58","6.591","6.587","6.582","6.559","6.527","6.483","6.437","6.392","6.349","6.302","6.253","6.206","6.156","6.106","6.051","5.981","",
"Congo, Rep.","COG","Fertility rate, total (births per woman)","SP.DYN.TFRT.IN","6.085","6.093","6.099","6.147","6.183","6.229","6.267","6.29","6.327","6.35","6.376","6.416","6.444","6.42","6.39","6.356","6.317","6.271","6.21","6.143","6.065","5.984","5.85","5.758","5.658","5.587","5.514","5.458","5.392","5.327","5.266","5.221","5.177","5.134","5.103","5.068","5.033","4.997","4.909","4.805","4.724","4.67","4.697","4.696","4.69","4.669","4.651","4.649","4.726","4.808","4.851","4.826","4.785","4.731","4.665","4.607","4.546","4.496","4.442","4.38","4.329","4.28","4.215","4.157","4.109","",
"Colombia","COL","Fertility rate, total (births per woman)","SP.DYN.TFRT.IN","6.735","6.712","6.663","6.584","6.475","6.333","6.159","5.957","5.737","5.506","5.276","5.057","4.857","4.68","4.527","4.398","4.285","4.163","3.998","3.888","3.798","3.706","3.618","3.501","3.35","3.225","3.147","3.087","3.039","3.012","2.995","2.982","2.983","2.978","2.937","2.85","2.768","2.743","2.717","2.637","2.574","2.522","2.489","2.45","2.384","2.309","2.241","2.195","2.155","2.096","2.01","1.938","1.899","1.86","1.822","1.771","1.719","1.717","1.715","1.71","1.694","1.68","1.663","1.645","1.634","",
"Comoros","COM","Fertility rate, total (births per woman)","SP.DYN.TFRT.IN","6.792","6.849","6.897","6.916","6.938","6.967","7.001","7.02","7.051","7.073","7.099","7.116","7.142","7.165","7.163","7.162","7.159","7.15","7.155","7.162","7.154","7.143","7.134","7.11","7.072","7.021","6.953","6.87","6.764","6.646","6.505","6.354","6.186","6.022","5.864","5.73","5.627","5.513","5.392","5.28","5.227","5.195","5.155","5.115","5.065","5.012","4.934","4.859","4.805","4.778","4.755","4.722","4.652","4.572","4.489","4.42","4.348","4.278","4.208","4.138","4.071","3.999","3.935","3.878","3.822","",
"Cabo Verde","CPV","Fertility rate, total (births per woman)","SP.DYN.TFRT.IN","6.885","6.922","6.953","6.976","6.989","6.993","6.99","6.982","6.97","6.954","6.935","6.913","6.887","6.855","6.818","6.771","6.714","6.645","6.564","6.473","6.375","6.273","6.17","6.068","5.97","5.921","5.81","5.681","5.552","5.452","5.36","5.262","5.123","4.953","4.723","4.494","4.257","4.052","3.898","3.727","3.545","3.366","3.192","3.033","2.9","2.726","2.555","2.409","2.298","2.246","2.329","2.329","2.153","2.067","2.031","1.968","1.966","1.93","1.804","1.698","1.591","1.554","1.533","1.522","1.511","",
"Costa Rica","CRI","Fertility rate, total (births per woman)","SP.DYN.TFRT.IN","6.712","6.651","6.543","6.389","6.193","5.96","5.697","5.416","5.028","4.835","4.585","4.362","4.158","3.991","3.893","3.804","3.747","3.701","3.662","3.651","3.583","3.556","3.54","3.525","3.519","3.511","3.454","3.384","3.314","3.238","3.167","3.075","3.001","2.928","2.857","2.779","2.681","2.589","2.527","2.481","2.413","2.312","2.162","2.084","2.028","2.038","1.937","1.954","1.98","1.953","1.827","1.877","1.851","1.779","1.8","1.797","1.746","1.714","1.706","1.6","1.448","1.353","1.335","1.33","1.318","",
"Caribbean small states","CSS","Fertility rate, total (births per woman)","SP.DYN.TFRT.IN","5.85023592610682","5.7863097441655","5.76346643526514","5.69391359145485","5.58664901101963","5.45815615583225","5.30150391761963","5.08500616746279","4.92155149126909","4.72948942058355","4.5640614327613","4.45438780626372","4.33156351542142","4.17478776104427","3.9955944801909","3.83958162524921","3.70574532032616","3.60914250721294","3.50000298182478","3.43467741335494","3.36833475735703","3.32911046406523","3.30555137277819","3.27399248414827","3.19246479464954","3.15352473513669","3.07491146625372","2.98846436626045","2.90166769592373","2.84743931545297","2.79027693496039","2.72599508297289","2.69224325298193","2.62627686670642","2.57484667360856","2.52831385271779","2.47629221092829","2.4432196949285","2.39071342332084","2.37857977361191","2.35137780439936","2.31066997900525","2.23982429264919","2.1852528394754","2.13970507724018","2.12845381394826","2.12013424579263","2.11877694697564","2.11485071339737","2.10828447010003","2.07173708976326","2.05288830372261","2.04752911622727","2.04020986752551","2.02565875580618","1.99918301132213","1.96956231728783","1.9372641969766","1.92045221448125","1.89179306364999","1.87036153838502","1.8396718940957","1.83848523008097","1.83168008600287","1.82976813968826","",
"Cuba","CUB","Fertility rate, total (births per woman)","SP.DYN.TFRT.IN","4.129","4.265","4.421","4.559","4.528","4.504","4.398","4.294","4.194","4.124","3.981","3.799","3.612","3.402","3.164","2.824","2.506","2.209","1.884","1.771","1.637","1.591","1.776","1.801","1.774","1.772","1.779","1.8","1.853","1.832","1.806","1.663","1.562","1.489","1.467","1.481","1.457","1.59","1.617","1.64","1.608","1.595","1.645","1.627","1.546","1.486","1.402","1.436","1.576","1.678","1.673","1.734","1.668","1.678","1.655","1.685","1.6","1.585","1.607","1.54","1.489","1.427","1.412","1.439","1.445","",
"Curacao","CUW","Fertility rate, total (births per woman)","SP.DYN.TFRT.IN","5.13","5.042","4.927","4.798","4.641","4.475","4.265","4.059","3.827","3.608","3.397","3.18","2.992","2.872","2.773","2.662","2.554","2.463","2.38","2.312","2.272","2.249","2.236","2.238","2.237","2.242","2.241","2.242","2.253","2.269","2.303","2.372","2.433","2.438","2.43","2.419","2.403","2.367","2.315","2.285","2.342","2.405","2.3","2.191","2.099","2.037","2.1","2","2.2","2.1","2.2","2.1","2.2","2.1","2","1.9","1.7","1.5","1.7","1.6","1.4","1.4","1.4","1.3","1.4","",
"Cayman Islands","CYM","Fertility rate, total (births per woman)","SP.DYN.TFRT.IN","4.713","4.781","4.793","4.686","4.411","4.159","4.078","4.045","3.992","3.522","4.662","3.465","4.887","3.562","2.958","2.715","2.529","2.413","2.366","2.368","2.405","2.384","2.008","1.832","1.79","1.752","1.691","1.582","1.63","1.755","1.783","1.846","1.726","1.669","1.66","1.674","1.691","1.701","1.702","1.708","1.707","1.697","1.681","1.672","1.671","1.665","1.665","1.681","1.703","1.723","1.694","1.637","1.531","1.445","1.334","1.269","1.231","1.222","1.277","1.508","1.554","1.551","1.541","1.531","1.525","",
"Cyprus","CYP","Fertility rate, total (births per woman)","SP.DYN.TFRT.IN","3.393","3.619","3.51","3.494","3.409","3.47","3.395","3.324","3.267","3.188","3.065","3.036","2.988","2.403","2.28","2.107","2.327","2.089","2.079","2.136","2.298","2.154","2.487","2.493","2.512","2.432","2.452","2.388","2.47","2.369","2.402","2.34","2.459","2.247","2.163","2.032","1.953","1.86","1.761","1.672","1.638","1.566","1.497","1.505","1.512","1.479","1.509","1.449","1.479","1.475","1.434","1.36","1.382","1.304","1.312","1.323","1.357","1.323","1.319","1.33","1.361","1.392","1.393","1.389","1.38","",
"Czechia","CZE","Fertility rate, total (births per woman)","SP.DYN.TFRT.IN","2.09","2.11","2.12","2.31","2.34","2.18","2.02","1.91","1.84","1.87","1.92","2","2.09","2.31","2.46","2.43","2.39","2.34","2.33","2.27","2.08","2","2","1.97","1.97","1.95","1.92","1.91","1.94","1.87","1.9","1.86","1.71","1.67","1.44","1.28","1.18","1.17","1.16","1.13","1.15","1.15","1.17","1.18","1.23","1.29","1.34","1.45","1.51","1.51","1.51","1.43","1.45","1.46","1.53","1.57","1.63","1.69","1.71","1.71","1.74","1.83","1.64","1.46","1.36","",
"Germany","DEU","Fertility rate, total (births per woman)","SP.DYN.TFRT.IN","2.37","2.45","2.44","2.51","2.54","2.5","2.53","2.48","2.38","2.21","2.03","1.92","1.71","1.54","1.51","1.45","1.45","1.4","1.38","1.38","1.44","1.43","1.41","1.33","1.29","1.37","1.43","1.43","1.46","1.42","1.45","1.33","1.29","1.28","1.24","1.25","1.3","1.35","1.36","1.36","1.38","1.35","1.34","1.34","1.36","1.34","1.33","1.37","1.38","1.36","1.39","1.39","1.41","1.42","1.47","1.5","1.6","1.57","1.57","1.54","1.53","1.58","1.455","1.39","1.36","",
"Djibouti","DJI","Fertility rate, total (births per woman)","SP.DYN.TFRT.IN","6.847","6.848","6.854","6.86","6.872","6.864","6.875","6.87","6.876","6.878","6.879","6.882","6.851","6.817","6.78","6.737","6.691","6.64","6.586","6.523","6.46","6.397","6.342","6.298","6.247","6.192","6.139","6.086","6.03","5.973","5.931","5.856","5.751","5.638","5.507","5.331","5.149","4.966","4.795","4.687","4.601","4.518","4.41","4.296","4.162","4.035","3.899","3.756","3.621","3.521","3.431","3.341","3.255","3.187","3.116","3.041","2.969","2.916","2.858","2.798","2.745","2.699","2.653","2.609","2.618","",
"Dominica","DMA","Fertility rate, total (births per woman)","SP.DYN.TFRT.IN","6.178","6.156","6.122","6.084","6.027","5.952","5.856","5.737","5.587","5.412","5.215","4.985","4.671","4.275","3.842","3.461","3.191","3.02","2.955","2.96","3.035","3.114","3.166","3.178","3.151","3.116","3.084","3.063","3.056","3.059","3.092","3.145","3.177","3.201","2.964","2.708","2.546","2.406","2.315","2.458","2.346","2.399","2.16","2.075","2.023","1.998","2.074","2.022","1.968","1.918","1.887","1.861","1.827","1.778","1.713","1.648","1.581","1.54","1.517","1.504","1.495","1.484","1.482","1.484","1.48","",
"Denmark","DNK","Fertility rate, total (births per woman)","SP.DYN.TFRT.IN","2.57","2.55","2.55","2.67","2.6","2.61","2.62","2.35","2.12","2","1.95","2.04","2.03","1.92","1.9","1.92","1.75","1.66","1.67","1.6","1.55","1.44","1.43","1.38","1.4","1.45","1.48","1.5","1.56","1.62","1.67","1.68","1.76","1.75","1.81","1.8","1.75","1.75","1.72","1.73","1.77","1.74","1.72","1.76","1.78","1.8","1.85","1.84","1.89","1.84","1.87","1.75","1.73","1.67","1.69","1.71","1.79","1.75","1.73","1.7","1.68","1.72","1.55","1.5","1.47","",
"Dominican Republic","DOM","Fertility rate, total (births per woman)","SP.DYN.TFRT.IN","7.555","7.487","7.404","7.303","7.186","7.053","6.949","6.755","6.548","6.366","6.184","6.009","5.841","5.667","5.44","5.235","5.046","4.842","4.644","4.473","4.302","4.149","4.014","3.947","3.822","3.686","3.603","3.528","3.5","3.475","3.411","3.349","3.287","3.226","3.163","3.101","3.04","2.922","2.835","2.846","2.869","2.827","2.764","2.703","2.641","2.574","2.508","2.51","2.546","2.574","2.556","2.527","2.497","2.474","2.451","2.43","2.41","2.398","2.397","2.366","2.329","2.294","2.267","2.243","2.222","",
"Algeria","DZA","Fertility rate, total (births per woman)","SP.DYN.TFRT.IN","7.503","7.564","7.607","7.649","7.672","7.711","7.71","7.712","7.711","7.709","7.704","7.671","7.634","7.592","7.545","7.485","7.405","7.312","7.211","7.119","6.994","6.845","6.675","6.496","6.283","6.035","5.645","5.298","5.023","4.761","4.509","4.366","4.274","4.076","3.914","3.487","3.139","2.886","2.691","2.62","2.59","2.519","2.429","2.451","2.5","2.562","2.628","2.704","2.785","2.825","2.875","2.899","2.996","2.997","3.084","3.091","3.091","3.09","3.019","2.997","2.94","2.87","2.817","2.766","2.723","",
"East Asia & Pacific (excluding high income)","EAP","Fertility rate, total (births per woman)","SP.DYN.TFRT.IN","4.83110181718473","4.37755549899838","6.01855126399584","7.05774484680061","6.44237102606128","6.38663039137525","6.16077792401454","5.79181914146062","6.29098438446004","6.03424111073792","5.9476045252183","5.51474525695755","5.19567741087837","4.88069511487259","4.42622678163375","3.96321575761353","3.68569866750667","3.36925698255625","3.24869961120539","3.2403015276764","3.20575487978323","3.21219642516331","3.31795736755402","2.99040694227051","2.99012490784225","2.96074344490655","2.97929902376099","2.97354174585678","2.79113587321177","2.75716688432265","2.73172329262826","2.30075145434288","2.1631063276742","2.08513769819031","2.02347592700793","1.97817529270266","1.93759258629366","1.89965881124218","1.87396113255707","1.86012063742824","1.91730006429306","1.86452654876186","1.8570246904893","1.85142686166263","1.86905650640618","1.87644275680172","1.89055580188736","1.90758413464005","1.92881250264633","1.93477952791717","1.91349993221803","1.90530229321258","1.99107765870115","1.9221824900928","1.95215689037872","1.87853330070305","1.92845332128009","1.92583111307555","1.74043475080494","1.70480430061126","1.52789689503569","1.4404934680796","1.38552648865081","1.36140449889156","1.36829193691809","",
"Early-demographic dividend","EAR","Fertility rate, total (births per woman)","SP.DYN.TFRT.IN","6.1536669226445","6.16668872661336","6.1761483396803","6.17952516431696","6.17664133094049","6.14852762636846","6.10967451899681","6.07156034491763","6.02422498695676","5.9711919511593","5.91828377905487","5.85755303284479","5.78287864872121","5.70809333742973","5.62751269873822","5.53317157247861","5.46486626873774","5.36983904471833","5.28843833146727","5.21752492346736","5.15926051703508","5.07837937050919","5.00374602735477","4.92909518921829","4.85216499402132","4.74552926759923","4.65814508835805","4.55387237304121","4.45133843034322","4.34844574645711","4.24500380356312","4.14767285929029","4.04087463298077","3.94692179414883","3.85788428839654","3.76582479874717","3.67727392583173","3.59890907324413","3.52117022719808","3.45184570442009","3.3912390510628","3.33078739753371","3.25305216479698","3.17868414584789","3.11500627722658","3.0577445556333","3.00610536836879","2.95367185736481","2.91176570123054","2.87307156290405","2.82072261952737","2.77693436477876","2.73636596542955","2.68692961890405","2.62682355328164","2.606063609279","2.57543828929898","2.51536902880117","2.48215945277498","2.42779561788204","2.37325097006909","2.34167487073807","2.3189517975754","2.29816654586579","2.28020089221422","",
"East Asia & Pacific","EAS","Fertility rate, total (births per woman)","SP.DYN.TFRT.IN","4.552018956377","4.15886057355196","5.52664149337645","6.38844597578321","5.86395908828366","5.81903943331369","5.56715731929579","5.32208660399267","5.73717146674616","5.52322867424715","5.45763094223015","5.0969417468987","4.81468234128564","4.54617826928571","4.14161342578447","3.72018111972918","3.46987253844866","3.19150913246053","3.08116103403719","3.08182116702355","3.0495518622526","3.05051268188116","3.14116074293095","2.85000702153672","2.84219181900126","2.81189279363787","2.8221145123497","2.81596977422875","2.65818562808847","2.62121065417664","2.60053980517291","2.22199667109091","2.10106663908457","2.02771962689827","1.97572387066931","1.93039834584814","1.89315545591712","1.85668620609859","1.82784812254818","1.81413030959731","1.87030131869665","1.81392801583052","1.80360842119829","1.79659548903585","1.81225270397003","1.81620168162304","1.83449759597526","1.85473440682623","1.87387155443301","1.87816877219437","1.86033578165821","1.85575287492533","1.93847005657334","1.87079702863895","1.89901337242406","1.83427086836941","1.87658988593015","1.87010279533446","1.69915751133178","1.662105630106","1.49674712292815","1.41680399643096","1.36274892222911","1.33559055994181","1.34088497482886","",
"Europe & Central Asia (excluding high income)","ECA","Fertility rate, total (births per woman)","SP.DYN.TFRT.IN","3.94182944873664","3.93068784200818","3.91627035962395","3.88902766092931","3.82917243746435","3.7754358418785","3.78177059902914","3.74794017107364","3.70158493852003","3.66879793614196","3.67111998532495","3.66525178449626","3.64230535354118","3.57231229348141","3.53036510452184","3.47771411291635","3.42185349324266","3.34416377140525","3.28756061804086","3.24496308912273","3.19796029316006","3.15266369215032","3.12774959760992","3.14061137691339","3.11885578730854","3.07019004526447","3.06827955373804","3.01242417898412","2.94233309088917","2.85069056714788","2.74773273220308","2.69437459933243","2.60726526636366","2.52025636273288","2.43106773646375","2.36790852205595","2.26413154200845","2.20215224389354","2.15188658473363","2.08070189736967","2.00474150351362","1.95682096363437","1.92607198972957","1.92721327064399","1.95922809070334","1.95166240174491","1.98577274774906","2.01844199305995","2.06586049973884","2.05914876383274","2.04838130370044","2.03687878091443","2.08613304557465","2.10560009634719","2.15899424495663","2.14347872262226","2.1245480206035","2.07755730873508","2.07164815334434","2.05853927210627","2.04948188927785","2.0541221932564","1.99842365385872","1.98425254275538","1.96181371551687","",
"Europe & Central Asia","ECS","Fertility rate, total (births per woman)","SP.DYN.TFRT.IN","2.83848368529264","2.83207926574286","2.81083794946942","2.80931620543911","2.80041411849248","2.74843557312999","2.72189747284275","2.72667143391915","2.67004911946736","2.61310963153686","2.56598360836375","2.55153281110075","2.49136129914704","2.42285706646759","2.40865360780192","2.35401265642158","2.31747440331331","2.2612638822947","2.22357674262737","2.20084675190752","2.17563068727892","2.13963702625444","2.14518035515243","2.13891784249318","2.11676482346068","2.10368714096043","2.11613561829941","2.10610489651948","2.07558849076164","2.01533087553928","1.96637283330227","1.90056211567784","1.82774490283179","1.75427002287587","1.71174940609854","1.66266037155812","1.62662735662408","1.60334909446128","1.58833655561538","1.55741598336316","1.55972097669511","1.54277622977566","1.5461514958065","1.56349486047452","1.59242846488562","1.58832212836368","1.6183726917497","1.66017814115426","1.71661872769343","1.71823082724026","1.72570974739647","1.7095186716843","1.74423724874011","1.73604903622765","1.77206211269916","1.77310285735","1.7792609843918","1.73655531425901","1.7164095058454","1.68818758958723","1.67075064355705","1.68384155571303","1.61697776919436","1.57800237204399","1.55340850837664","",
"Ecuador","ECU","Fertility rate, total (births per woman)","SP.DYN.TFRT.IN","6.721","6.7","6.676","6.646","6.61","6.564","6.507","6.436","6.351","6.252","6.138","6.011","5.873","5.727","5.577","5.426","5.276","5.13","4.989","4.855","4.73","4.612","4.501","4.395","4.305","4.145","4","3.87","3.787","3.736","3.68","3.633","3.575","3.491","3.42","3.381","3.351","3.288","3.228","3.166","3.102","3.037","2.972","2.911","2.853","2.8","2.753","2.704","2.688","2.678","2.615","2.605","2.509","2.362","2.274","2.209","2.122","2.128","2.111","2.035","1.967","1.909","1.861","1.823","1.806","",
"Egypt, Arab Rep.","EGY","Fertility rate, total (births per woman)","SP.DYN.TFRT.IN","6.793","6.758","6.709","6.648","6.541","6.387","6.308","6.252","6.193","6.12","6.059","5.99","5.929","5.843","5.784","5.749","5.727","5.678","5.629","5.569","5.494","5.368","5.329","5.308","5.207","5.116","4.998","4.911","4.833","4.676","4.512","4.315","4.149","3.993","3.865","3.764","3.7","3.682","3.681","3.599","3.505","3.46","3.412","3.352","3.283","3.254","3.223","3.237","3.238","3.259","3.296","3.311","3.4","3.49","3.49","3.5","3.35","3.31","3.02","2.87","2.85","2.75","2.75","2.75","2.735","",
"Euro area","EMU","Fertility rate, total (births per woman)","SP.DYN.TFRT.IN","2.59122244303921","2.62004392532619","2.62339634741126","2.65876269064486","2.70911907356148","2.65735769860925","2.63825710007052","2.59388941208311","2.53425737300083","2.47300024426382","2.37756338828184","2.3311998543233","2.22645709662931","2.13003373757932","2.10227102421107","2.02701392971968","1.98890299047899","1.91623450607105","1.86161346524876","1.81273118719661","1.78407172523577","1.73559130880483","1.70968802738685","1.65311760418271","1.61736345024579","1.60485451713489","1.5946837022479","1.57044243472631","1.57719858025595","1.54120561593689","1.54346075541676","1.49415737894026","1.47065204099481","1.43725934958027","1.3986907138893","1.38254428761125","1.39625419238045","1.41280180745379","1.41087609787939","1.42592793528338","1.46495831392222","1.45128452779998","1.45395081025134","1.46839876894829","1.49199159261066","1.49576379443308","1.52129254728042","1.53726214927422","1.57771642509046","1.56387655841203","1.57501071714333","1.55508558583431","1.55072914409533","1.52964173135847","1.55349832929428","1.55155183956971","1.57202366958561","1.54882549087469","1.53029831462397","1.50869527476383","1.48241672006156","1.51073884610119","1.44660768405439","1.38484353050167","1.3534453467622","",
"Eritrea","ERI","Fertility rate, total (births per woman)","SP.DYN.TFRT.IN","6.483","6.474","6.496","6.481","6.487","6.494","6.497","6.504","6.503","6.503","6.541","6.541","6.538","6.548","6.567","6.586","6.603","6.608","6.607","6.621","6.614","6.622","6.634","6.646","6.623","6.587","6.555","6.52","6.467","6.413","6.338","6.242","6.156","6.069","6.005","5.939","5.841","5.743","5.633","5.516","5.397","5.306","5.233","5.143","5.036","4.934","4.881","4.812","4.737","4.656","4.571","4.486","4.407","4.335","4.273","4.217","4.164","4.112","4.056","3.997","3.933","3.867","3.786","3.713","3.68","",
"Spain","ESP","Fertility rate, total (births per woman)","SP.DYN.TFRT.IN","2.86","2.77","2.8","2.88","3.01","2.94","2.91","2.94","2.87","2.86","2.84","2.9","2.87","2.84","2.88","2.77","2.77","2.65","2.54","2.37","2.22","2.04","1.94","1.8","1.73","1.64","1.56","1.49","1.45","1.4","1.36","1.33","1.31","1.26","1.19","1.16","1.14","1.15","1.13","1.17","1.22","1.23","1.25","1.3","1.31","1.33","1.36","1.38","1.45","1.38","1.37","1.34","1.32","1.27","1.32","1.33","1.33","1.31","1.26","1.23","1.18","1.18","1.16","1.12","1.1","",
"Estonia","EST","Fertility rate, total (births per woman)","SP.DYN.TFRT.IN","1.98","1.98","1.95","1.89","1.94","1.88","1.87","1.9","2.03","2.13","2.17","2.19","2.13","2.06","2.07","2.04","2.07","2.06","2.02","2","2.02","2.07","2.07","2.16","2.17","2.13","2.18","2.27","2.27","2.22","2.05","1.8","1.71","1.49","1.42","1.38","1.37","1.32","1.28","1.3","1.36","1.32","1.36","1.37","1.47","1.52","1.58","1.69","1.72","1.7","1.72","1.61","1.56","1.52","1.54","1.58","1.6","1.59","1.67","1.66","1.58","1.61","1.41","1.31","1.18","",
"Ethiopia","ETH","Fertility rate, total (births per woman)","SP.DYN.TFRT.IN","6.514","6.533","6.561","6.586","6.612","6.63","6.661","6.684","6.7","6.719","6.782","6.838","6.895","6.962","7.018","7.079","7.129","7.189","7.229","7.248","7.287","7.313","7.337","7.351","7.356","7.338","7.318","7.293","7.262","7.229","7.196","7.161","7.125","7.088","7.051","6.998","6.928","6.869","6.792","6.721","6.654","6.579","6.499","6.4","6.301","6.194","6.047","5.887","5.695","5.488","5.282","5.08","4.887","4.708","4.605","4.529","4.473","4.401","4.371","4.347","4.274","4.177","4.082","3.989","3.909","",
"European Union","EUU","Fertility rate, total (births per woman)","SP.DYN.TFRT.IN","2.57148406298234","2.57127117139189","2.55482184429641","2.58790101222227","2.61602359254131","2.56288433357445","2.5290730551769","2.58684682161097","2.52373931220099","2.44429422036683","2.35310353605946","2.31232561159444","2.22577061085602","2.15121217250223","2.1583055980113","2.0943481561713","2.05668031073776","1.99026878483879","1.93973162441373","1.90358956455868","1.86985136397673","1.8191442782873","1.79530089701993","1.74981352501638","1.72948024443597","1.72306773399727","1.71015963890362","1.68481652827393","1.68758639688002","1.65132732815289","1.63540106735697","1.58421221520796","1.54549261505656","1.50294229778096","1.45810584322542","1.41557612024209","1.41348799206282","1.41591693630542","1.40566053953101","1.40794645144903","1.44135977576762","1.42305392851186","1.421192523437","1.43252409175518","1.45605849043865","1.46660715604414","1.49455545268576","1.5151566756709","1.56501549943226","1.55740674486307","1.5634616186116","1.52959407141605","1.53161547008715","1.50825013871459","1.53815734404476","1.54031619030692","1.57060182280831","1.56466473200747","1.54734162624575","1.52767031959044","1.50409489252504","1.5243237978758","1.45486807707711","1.3837480486422","1.34087000671597","",
"Finland","FIN","Fertility rate, total (births per woman)","SP.DYN.TFRT.IN","2.72","2.72","2.68","2.68","2.59","2.48","2.41","2.32","2.14","1.93","1.83","1.68","1.58","1.49","1.61","1.68","1.7","1.68","1.64","1.64","1.63","1.64","1.71","1.74","1.69","1.64","1.6","1.59","1.69","1.71","1.78","1.79","1.85","1.81","1.85","1.81","1.78","1.75","1.7","1.73","1.73","1.73","1.72","1.76","1.8","1.8","1.84","1.83","1.85","1.86","1.87","1.83","1.8","1.75","1.71","1.65","1.57","1.49","1.41","1.35","1.37","1.46","1.32","1.26","1.25","",
"Fiji","FJI","Fertility rate, total (births per woman)","SP.DYN.TFRT.IN","6.364","6.284","6.198","6.088","5.96","5.763","5.546","5.333","5.113","4.905","4.708","4.51","4.316","4.158","4.068","4.104","4.123","4.108","4.098","4.078","4.038","3.991","3.941","3.877","3.796","3.663","3.535","3.478","3.432","3.398","3.386","3.365","3.331","3.293","3.258","3.251","3.248","3.188","3.118","3.051","2.992","2.973","2.968","2.957","2.941","2.917","2.905","2.872","2.819","2.76","2.696","2.631","2.612","2.604","2.591","2.567","2.518","2.461","2.419","2.385","2.357","2.332","2.305","2.281","2.27","",
"France","FRA","Fertility rate, total (births per woman)","SP.DYN.TFRT.IN","2.85","2.87","2.89","2.89","2.87","2.84","2.8","2.75","2.69","2.62","2.55","2.47","2.38","2.28","2.18","2.09","2.01","1.94","1.89","1.87","1.85","1.85","1.86","1.86","1.86","1.86","1.85","1.83","1.81","1.79","1.77","1.75","1.74","1.73","1.73","1.74","1.75","1.77","1.78","1.81","1.89","1.9","1.88","1.89","1.92","1.94","2","1.98","2.01","2","2.03","2.01","2.01","1.99","2","1.96","1.92","1.89","1.87","1.86","1.82","1.83","1.78","1.66","1.61","",
"Faroe Islands","FRO","Fertility rate, total (births per woman)","SP.DYN.TFRT.IN","3.854","3.757","3.835","3.896","3.975","4.086","4.044","3.978","3.856","3.564","3.418","3.215","3.256","3.22","3.065","2.902","2.738","2.684","2.597","2.696","2.463","2.467","2.348","2.161","2.167","2.3053","2.4244","2.3514","2.5583","2.7128","2.8093","2.6341","2.5236","2.5136","2.39","2.4177","2.5692","2.4921","2.3163","2.3082","2.5604","2.297","2.5436","2.5267","2.5775","2.6115","2.4764","2.5395","2.5294","2.3435","2.5033","2.2832","2.5311","2.5099","2.5485","2.411","2.6078","2.4684","2.5015","2.4187","2.3301","2.3109","2.0788","1.8676","1.9129","",
"Micronesia, Fed. Sts.","FSM","Fertility rate, total (births per woman)","SP.DYN.TFRT.IN","6.742","6.74","6.729","6.713","6.737","6.743","6.781","6.81","6.84","6.877","6.928","6.938","6.961","6.971","6.928","6.879","6.818","6.742","6.65","6.545","6.423","6.291","6.164","6.032","5.888","5.749","5.612","5.466","5.323","5.183","5.049","4.92","4.802","4.678","4.575","4.494","4.427","4.355","4.301","4.27","4.217","4.084","3.934","3.785","3.681","3.595","3.514","3.439","3.368","3.313","3.271","3.223","3.18","3.133","3.091","3.049","3.001","2.957","2.922","2.883","2.852","2.818","2.785","2.748","2.743","",
"Gabon","GAB","Fertility rate, total (births per woman)","SP.DYN.TFRT.IN","4.422","4.504","4.587","4.649","4.713","4.785","4.861","4.919","4.984","5.049","5.097","5.163","5.237","5.287","5.327","5.391","5.457","5.516","5.568","5.608","5.664","5.726","5.74","5.759","5.733","5.713","5.688","5.667","5.623","5.55","5.459","5.373","5.289","5.186","5.044","4.884","4.742","4.657","4.576","4.502","4.469","4.417","4.36","4.299","4.252","4.21","4.17","4.142","4.118","4.138","4.153","4.151","4.086","4.019","3.953","3.921","3.921","3.913","3.908","3.884","3.831","3.776","3.712","3.647","3.592","",
"United Kingdom","GBR","Fertility rate, total (births per woman)","SP.DYN.TFRT.IN","2.69","2.78","2.86","2.88","2.93","2.86","2.78","2.68","2.6","2.51","2.44","2.41","2.2","2.04","1.92","1.81","1.74","1.69","1.75","1.86","1.9","1.82","1.78","1.77","1.77","1.79","1.78","1.81","1.82","1.79","1.83","1.82","1.79","1.76","1.74","1.71","1.73","1.72","1.71","1.68","1.64","1.63","1.63","1.7","1.75","1.76","1.82","1.86","1.91","1.89","1.92","1.91","1.92","1.83","1.81","1.8","1.79","1.74","1.68","1.632","1.571","1.583","1.56","1.56","1.551","",
"Georgia","GEO","Fertility rate, total (births per woman)","SP.DYN.TFRT.IN","2.942","2.943","2.937","2.949","2.891","2.774","2.728","2.743","2.689","2.687","2.695","2.707","2.674","2.617","2.565","2.552","2.51","2.441","2.417","2.382","2.347","2.33","2.312","2.339","2.378","2.399","2.38","2.319","2.318","2.322","2.306","2.208","2.045","1.912","1.835","1.807","1.759","1.728","1.703","1.643","1.609","1.579","1.571","1.552","1.566","1.583","1.617","1.697","1.832","1.993","1.973","1.915","1.929","1.993","2.18","2.214","2.228","2.136","2.093","2.021","1.976","1.98","1.82","1.81","1.802","",
"Ghana","GHA","Fertility rate, total (births per woman)","SP.DYN.TFRT.IN","6.89","6.912","6.942","6.936","6.902","6.88","6.862","6.893","6.892","6.954","6.952","6.946","6.916","6.872","6.822","6.762","6.703","6.637","6.564","6.513","6.474","6.415","6.312","6.227","6.153","6.119","6.084","6.022","5.922","5.818","5.737","5.63","5.517","5.414","5.254","5.106","4.959","4.884","4.829","4.822","4.827","4.768","4.687","4.597","4.504","4.496","4.399","4.288","4.217","4.179","4.181","4.177","4.154","4.114","4.029","3.982","3.873","3.715","3.65","3.593","3.541","3.492","3.434","3.397","3.344","",
"Gibraltar","GIB","Fertility rate, total (births per woman)","SP.DYN.TFRT.IN","3.102","3.26","3.528","4.061","4.26","3.989","3.604","3.183","2.98","2.949","2.948","2.944","2.788","2.671","2.596","2.527","2.479","2.468","2.486","2.523","2.567","2.534","2.491","2.436","2.398","2.371","2.356","2.35","2.345","2.353","2.39","2.431","2.443","2.42","2.38","2.334","2.251","2.233","2.204","2.189","2.185","2.104","1.683","1.634","1.689","1.754","1.802","1.852","1.903","1.926","1.954","1.974","1.999","2.099","2.084","2.074","1.94","1.93","1.921","1.912","1.907","1.899","1.895","1.888","1.885","",
"Guinea","GIN","Fertility rate, total (births per woman)","SP.DYN.TFRT.IN","6.112","6.126","6.14","6.153","6.166","6.178","6.19","6.202","6.214","6.228","6.243","6.262","6.283","6.308","6.336","6.367","6.4","6.434","6.44","6.45","6.459","6.459","6.487","6.487","6.512","6.527","6.548","6.571","6.561","6.548","6.515","6.484","6.453","6.409","6.358","6.288","6.205","6.123","6.051","5.985","5.918","5.834","5.781","5.744","5.733","5.727","5.704","5.664","5.596","5.528","5.435","5.337","5.232","5.151","5.07","5.002","4.915","4.793","4.669","4.576","4.489","4.399","4.303","4.217","4.131","",
"Gambia, The","GMB","Fertility rate, total (births per woman)","SP.DYN.TFRT.IN","6.246","6.228","6.213","6.202","6.195","6.192","6.183","6.206","6.221","6.246","6.257","6.33","6.366","6.405","6.415","6.428","6.434","6.433","6.421","6.411","6.414","6.399","6.396","6.393","6.385","6.357","6.344","6.3","6.258","6.254","6.246","6.191","6.111","6.034","6.035","5.994","5.925","5.851","5.818","5.772","5.716","5.67","5.656","5.656","5.683","5.708","5.736","5.685","5.625","5.574","5.558","5.542","5.519","5.392","5.197","5.003","4.809","4.614","4.42","4.33","4.248","4.165","4.078","4.006","3.907","",
"Guinea-Bissau","GNB","Fertility rate, total (births per woman)","SP.DYN.TFRT.IN","5.921","5.931","5.941","5.951","5.961","5.971","5.982","5.994","6.008","6.024","6.041","6.06","6.078","6.098","6.12","6.15","6.192","6.249","6.32","6.401","6.487","6.569","6.64","6.694","6.727","6.739","6.734","6.717","6.693","6.663","6.501","6.474","6.435","6.369","6.299","6.223","6.141","6.06","5.97","5.871","5.786","5.688","5.634","5.577","5.5","5.46","5.406","5.365","5.266","5.176","5.111","5.067","5.003","4.93","4.79","4.661","4.519","4.347","4.241","4.153","4.075","3.998","3.911","3.836","3.757","",
"Equatorial Guinea","GNQ","Fertility rate, total (births per woman)","SP.DYN.TFRT.IN","5.653","5.661","5.673","5.69","5.711","5.734","5.756","5.776","5.791","5.802","5.808","5.808","5.805","5.8","5.795","5.791","5.791","5.795","5.804","5.817","5.835","5.856","5.88","5.903","5.926","5.946","5.962","5.974","5.982","5.986","5.987","5.985","5.984","5.981","5.978","5.971","5.96","5.941","5.914","5.878","5.834","5.785","5.731","5.675","5.618","5.559","5.498","5.433","5.363","5.288","5.209","5.126","5.04","4.952","4.863","4.774","4.686","4.599","4.513","4.429","4.346","4.266","4.17","4.081","4.116","",
"Greece","GRC","Fertility rate, total (births per woman)","SP.DYN.TFRT.IN","2.23","2.13","2.16","2.14","2.24","2.25","2.32","2.45","2.42","2.36","2.4","2.32","2.32","2.27","2.38","2.33","2.35","2.27","2.28","2.26","2.23","2.09","2.03","1.94","1.83","1.67","1.6","1.5","1.5","1.4","1.39","1.37","1.36","1.32","1.33","1.28","1.26","1.27","1.24","1.23","1.25","1.25","1.28","1.29","1.31","1.34","1.4","1.41","1.5","1.5","1.48","1.4","1.34","1.29","1.3","1.33","1.38","1.35","1.35","1.34","1.39","1.43","1.32","1.26","1.24","",
"Grenada","GRD","Fertility rate, total (births per woman)","SP.DYN.TFRT.IN","6.743","6.627","6.442","6.196","5.906","5.597","5.3","5.04","4.835","4.69","4.46","4.307","4.175","4.046","3.92","3.754","3.597","3.457","3.351","3.344","3.298","2.989","3.154","3.306","3.224","3.478","3.584","3.581","3.193","3.233","3.058","3.106","2.97","2.805","2.794","2.822","2.848","2.803","2.494","2.392","2.441","2.421","2.378","2.332","2.285","2.242","2.195","2.154","2.116","2.078","2.038","2.006","1.967","1.913","1.799","1.715","1.616","1.438","1.53","1.542","1.532","1.517","1.502","1.487","1.472","",
"Greenland","GRL","Fertility rate, total (births per woman)","SP.DYN.TFRT.IN","6.686","6.781","6.785","6.757","6.654","6.419","6.031","5.545","4.928","4.209","3.541","3.202","3.012","2.739","2.45","2.345","2.255","2.349","2.197","2.187","2.435","2.332","2.236","2.054","2.107","2.241","2.044","2.083","2.317","2.299","2.444","2.421","2.607","2.578","2.524","2.545","2.521","2.78","2.491","2.475","2.406","2.506","2.613","2.328","2.442","2.326","2.28","2.223","2.249","2.344","2.184","2.097","2.006","2.069","1.987","2.116","2.066","2.125","2.024","2.115","2.109","1.82","1.818","1.769","1.706","",
"Guatemala","GTM","Fertility rate, total (births per woman)","SP.DYN.TFRT.IN","6.999","6.979","6.934","6.899","6.871","6.839","6.802","6.755","6.699","6.646","6.6","6.546","6.511","6.487","6.458","6.41","6.368","6.319","6.261","6.216","6.171","6.121","6.057","5.976","5.855","5.729","5.663","5.639","5.621","5.559","5.48","5.377","5.314","5.254","5.191","5.105","5.008","4.906","4.8","4.687","4.583","4.502","4.371","4.25","4.134","3.974","3.845","3.716","3.571","3.465","3.375","3.292","3.219","3.151","3.088","3.029","2.973","2.857","2.743","2.593","2.47","2.388","2.343","2.311","2.287","",
"Guam","GUM","Fertility rate, total (births per woman)","SP.DYN.TFRT.IN","5.969","5.948","5.899","5.571","5.393","5.137","5.072","4.646","4.346","4.44","4.343","4.202","4.046","3.89","3.764","3.658","3.534","3.363","3.105","3.033","3.039","2.969","2.912","3.029","2.855","2.905","2.934","2.966","2.986","3.001","3.015","3.028","3.042","3.054","3.044","3.04","3.033","3.023","3.008","2.969","2.915","2.817","2.582","2.657","2.772","2.638","2.807","2.905","2.905","2.891","2.973","2.876","3.117","2.883","2.946","2.933","3.171","3.088","2.995","2.938","2.895","2.856","2.819","2.781","2.748","",
"Guyana","GUY","Fertility rate, total (births per woman)","SP.DYN.TFRT.IN","6.331","6.339","6.333","6.307","6.232","6.135","6.021","5.888","5.751","5.581","5.411","5.257","5.077","4.866","4.638","4.45","4.28","4.116","3.967","3.86","3.77","3.719","3.678","3.637","3.541","3.47","3.381","3.305","3.228","3.186","3.181","3.183","3.188","3.199","3.226","3.238","3.23","3.221","3.182","3.125","3.057","2.958","2.844","2.75","2.681","2.648","2.659","2.681","2.697","2.694","2.684","2.694","2.701","2.711","2.695","2.667","2.634","2.593","2.553","2.521","2.491","2.462","2.437","2.412","2.395","",
"High income","HIC","Fertility rate, total (births per woman)","SP.DYN.TFRT.IN","2.93983456833684","2.92046907655382","2.86850357694474","2.83673291313408","2.80566493935466","2.71681819195996","2.57554703910192","2.60873831603609","2.53562511083479","2.49025841688376","2.45754655934471","2.403885461157","2.28478110683245","2.20778342282229","2.16735796189668","2.08672286310926","2.04091077497553","2.00860196764999","1.96838218318086","1.97321877588077","1.9607632020362","1.92429153256815","1.92845358077417","1.90172004481723","1.87443387148514","1.87026282782288","1.86413714433668","1.8678066740415","1.87173798731708","1.85018248098452","1.84824652687193","1.80441023463776","1.76326743711659","1.71144983516293","1.69562421343615","1.65516435270946","1.64036080412508","1.62418051923345","1.61580517966289","1.60364720367342","1.63521671901312","1.60621399002886","1.599494119","1.61034594759402","1.6212773251211","1.61393153348743","1.65019538896522","1.68650723942948","1.70498834594888","1.68733074494625","1.67608978526926","1.66260401723778","1.68336981598848","1.65644752578496","1.67501244046937","1.67662883566503","1.67311808004132","1.62940708468984","1.59904714812958","1.5589015745898","1.51443457726335","1.52208413418833","1.47492660726585","1.43489677982464","1.42497638838309","",
"Hong Kong SAR, China","HKG","Fertility rate, total (births per woman)","SP.DYN.TFRT.IN","5.085","5.169","5.177","5.152","5.085","4.923","4.464","4.123","3.783","3.599","3.386","3.459","3.315","3.177","2.967","2.666","2.48","2.376","2.272","2.12","2.047","1.933","1.86","1.722","1.559","1.491","1.367","1.311","1.4","1.296","1.272","1.281","1.347","1.342","1.355","1.295","1.191","1.127","1.016","0.981","1.032","0.931","0.941","0.901","0.922","0.959","0.984","1.028","1.064","1.055","1.127","1.204","1.285","1.125","1.235","1.196","1.205","1.128","1.08","1.064","0.883","0.772","0.701","0.751","0.841","",
"Honduras","HND","Fertility rate, total (births per woman)","SP.DYN.TFRT.IN","7.458","7.448","7.443","7.441","7.443","7.442","7.41","7.359","7.295","7.228","7.172","7.113","7.058","6.985","6.913","6.866","6.814","6.732","6.634","6.531","6.418","6.301","6.179","6.059","5.935","5.816","5.7","5.581","5.468","5.354","5.271","5.191","5.113","5.028","4.935","4.835","4.713","4.59","4.473","4.366","4.289","4.153","4","3.844","3.71","3.577","3.449","3.351","3.26","3.173","3.078","2.998","2.927","2.855","2.793","2.746","2.704","2.663","2.645","2.611","2.577","2.548","2.522","2.5","2.476","",
"Heavily indebted poor countries (HIPC)","HPC","Fertility rate, total (births per woman)","SP.DYN.TFRT.IN","6.64868091231156","6.66549292107063","6.68731814322377","6.70819006022745","6.7274809107166","6.7469237645696","6.77268864166515","6.7974387709918","6.81740850488273","6.83501213781895","6.85526712127607","6.87378934769587","6.88813456344983","6.89810451667015","6.91017939676124","6.91632415964732","6.92037966417167","6.92333083386974","6.91887446499366","6.91109478790329","6.90137608734857","6.8812460675956","6.85559246612987","6.82865858410255","6.79953464376111","6.76796591144189","6.73600640106148","6.70017865485069","6.65840335006939","6.61337811600547","6.56798640024293","6.52164522944446","6.47650234772576","6.43047359779561","6.3770135727562","6.32792381734759","6.27614330535368","6.2341120112263","6.18825894567335","6.13851577997795","6.08408223844032","6.01839638351252","5.95747285377129","5.90048007183814","5.85019477139169","5.80120957288784","5.73936215215103","5.6681582580263","5.60157921715864","5.53622220961369","5.46370816620654","5.37956060699321","5.29803570706507","5.21610354037329","5.13503485575756","5.05974685729467","4.99025635036601","4.91510474664161","4.84019521162151","4.76755579198106","4.69282767861828","4.61810687115618","4.54654565139968","4.47760931802155","4.40964811260255","",
"Croatia","HRV","Fertility rate, total (births per woman)","SP.DYN.TFRT.IN","2.239","2.219","2.192","2.145","2.142","2.224","2.227","2.102","2.027","1.951","1.882","1.974","2.007","2.013","1.983","1.951","1.936","1.947","1.955","1.947","1.931","1.926","1.9","1.88","1.87","1.82","1.76","1.64","1.79","1.63","1.63","1.53","1.48","1.52","1.47","1.58","1.67","1.69","1.45","1.38","1.39","1.46","1.42","1.41","1.43","1.5","1.47","1.48","1.47","1.5","1.46","1.41","1.52","1.46","1.46","1.41","1.43","1.42","1.47","1.47","1.48","1.62","1.53","1.46","1.46","",
"Haiti","HTI","Fertility rate, total (births per woman)","SP.DYN.TFRT.IN","6.178","6.179","6.175","6.173","6.164","6.129","6.093","6.051","6.009","5.957","5.911","5.877","5.849","5.811","5.781","5.748","5.71","5.674","5.642","5.594","5.557","5.533","5.526","5.513","5.505","5.495","5.479","5.471","5.472","5.444","5.414","5.317","5.208","5.099","4.991","4.884","4.777","4.669","4.561","4.452","4.39","4.248","4.125","4.047","3.943","3.835","3.761","3.687","3.621","3.565","3.497","3.431","3.321","3.221","3.164","3.11","3.054","2.985","2.924","2.862","2.804","2.748","2.699","2.656","2.625","",
"Hungary","HUN","Fertility rate, total (births per woman)","SP.DYN.TFRT.IN","2.02","1.94","1.79","1.82","1.82","1.82","1.89","2.01","2.06","2.04","1.98","1.93","1.93","1.93","2.27","2.35","2.23","2.15","2.06","2.01","1.91","1.88","1.8","1.75","1.75","1.85","1.84","1.82","1.81","1.82","1.87","1.87","1.77","1.68","1.64","1.57","1.46","1.37","1.32","1.28","1.32","1.31","1.3","1.27","1.28","1.31","1.34","1.32","1.35","1.32","1.25","1.23","1.34","1.36","1.45","1.46","1.55","1.56","1.57","1.58","1.61","1.63","1.57","1.55","1.41","",
"IBRD only","IBD","Fertility rate, total (births per woman)","SP.DYN.TFRT.IN","4.96376496065839","4.76035280865593","5.51006816456136","5.97915706768226","5.68188267642417","5.6306717358001","5.50177626140858","5.3185769637732","5.51982231049228","5.36694587708867","5.30153149994851","5.07760747186436","4.89545426307131","4.71830345915494","4.48038001498743","4.22316101899096","4.07333183250893","3.88636198836221","3.7872822500754","3.75134316976067","3.71211481228168","3.68436303044374","3.71284060136329","3.53418824310795","3.50491072017774","3.4529950069015","3.44316827472877","3.4032865626689","3.26959424125468","3.20535044966198","3.14301214811517","2.88495598542947","2.76797616730671","2.68386939109179","2.61589095857714","2.55204959351904","2.4938102334254","2.44223354430076","2.40305067775411","2.3659913299641","2.37429108795755","2.32751809168946","2.29512284359469","2.26645286014176","2.25798241316032","2.23842034148353","2.22297119521154","2.21215246260748","2.21436756794014","2.20879190176549","2.18129172233643","2.1625441912965","2.19435364188766","2.14693656542141","2.13677152240968","2.09966906889064","2.11008918101404","2.07380386463913","1.97849347116974","1.93033557941541","1.82434933384285","1.77293577739936","1.7360484586157","1.71695529254296","1.7140664225305","",
"IDA & IBRD total","IBT","Fertility rate, total (births per woman)","SP.DYN.TFRT.IN","5.24414738775745","5.08171863939848","5.705339626652","6.09384153083272","5.85113644586113","5.8100399415932","5.70471521505859","5.55506962842702","5.72037331661485","5.59442600360068","5.5413252261178","5.35698913619038","5.20604036996541","5.05790602939965","4.86104073257186","4.64858771801744","4.52381164584354","4.36760104023102","4.28429620248384","4.25178159996617","4.21558146614619","4.18671986194559","4.20300599322553","4.04737996249074","4.01344260385227","3.95926219259162","3.93874741878571","3.89343972994187","3.77134442859312","3.70906268898999","3.64808749700749","3.42690268757859","3.31999666130678","3.2409375080419","3.17649061755597","3.11443739916148","3.05472297281246","3.00342350895027","2.96200390757979","2.92737708342132","2.92800692971415","2.88239391709287","2.84828444594709","2.81779006588947","2.80216477508471","2.78045056843573","2.76569053141792","2.75469501422215","2.75412648907061","2.74547507697377","2.71677280741036","2.6931828109664","2.70931206127196","2.66709748098952","2.65487997004157","2.62193014501327","2.62337996720981","2.59116468799207","2.51547761941004","2.47522571167135","2.39262662484282","2.3536405824296","2.32428407879578","2.30769844385431","2.29986633914999","",
"IDA total","IDA","Fertility rate, total (births per woman)","SP.DYN.TFRT.IN","6.59326447286409","6.607958367449","6.62482998516019","6.63054400189917","6.63915260569955","6.64336653927239","6.64808014425096","6.65701548603741","6.6569374586397","6.65831235773985","6.66639153932102","6.67122081532885","6.66942558137076","6.65786754643076","6.64686891214852","6.63243040764249","6.61100239606295","6.58946194176691","6.57978535810499","6.56094421017026","6.53245002179748","6.4939544711671","6.44773314578327","6.39122038113637","6.33277636006229","6.26201734509782","6.18367911683857","6.1016365998522","6.0180165917037","5.94897634039591","5.87568457238052","5.79514747587304","5.70762476439778","5.62419383535399","5.54875597528927","5.46948483673045","5.38061165016209","5.30821850404138","5.23315686059567","5.18148985228495","5.12355495958193","5.05516502653573","4.98675496678605","4.92084450884378","4.84994202741586","4.7916124204359","4.7480897116113","4.70004618615389","4.6539722656609","4.60229892191592","4.53856638979884","4.46944508581877","4.40484209644692","4.35044215293458","4.30091090321163","4.25009074811376","4.19173767230725","4.13940181869486","4.08713796414971","4.03271488594196","3.97796486220669","3.93487643224588","3.88830300560101","3.84199268487146","3.78848195005015","",
"IDA blend","IDB","Fertility rate, total (births per woman)","SP.DYN.TFRT.IN","6.64284008053129","6.6552468100513","6.67088078223743","6.66893197849251","6.68083047957673","6.68973370728734","6.69229781749584","6.69560014158541","6.69407670739822","6.69930336406827","6.7086818197288","6.73067972654794","6.74489859370542","6.75705385853369","6.77021579763946","6.78164659203856","6.77413799051221","6.76868769631839","6.75143537745542","6.71325831718206","6.67192719949488","6.6321515589012","6.5925872815283","6.54826820587207","6.49466262800632","6.4338391581642","6.38214635690927","6.3169895037278","6.25148615267296","6.19017703719669","6.12738457165969","6.06536100057243","5.98169970612131","5.88964112431633","5.79954216594475","5.71533407958458","5.62186959054476","5.52149249332774","5.42597036532387","5.39096234418901","5.34185583852571","5.26094445396664","5.1783190330599","5.10930198484563","5.01279081108595","4.95461118139386","4.93870079020795","4.91737092931541","4.89890182146653","4.85818069447705","4.79809212619671","4.72216946157877","4.6340378211409","4.56049734113323","4.502077481935","4.42949529173026","4.33403379404732","4.26901886821274","4.19320589255923","4.1181258293125","4.04750419996975","4.0110912729871","3.95818893362032","3.90689986940718","3.84144000700748","",
"Indonesia","IDN","Fertility rate, total (births per woman)","SP.DYN.TFRT.IN","5.505","5.522","5.534","5.551","5.568","5.593","5.593","5.583","5.568","5.553","5.488","5.397","5.315","5.246","5.089","5.032","4.921","4.807","4.732","4.625","4.495","4.356","4.247","4.109","3.956","3.725","3.53","3.42","3.353","3.247","3.114","3.058","2.95","2.9","2.851","2.809","2.782","2.742","2.66","2.568","2.503","2.466","2.436","2.41","2.415","2.452","2.457","2.476","2.44","2.442","2.462","2.515","2.514","2.441","2.393","2.346","2.311","2.253","2.219","2.205","2.189","2.166","2.149","2.127","2.115","",
"IDA only","IDX","Fertility rate, total (births per woman)","SP.DYN.TFRT.IN","6.570830187272","6.58654339860522","6.6039758253657","6.61316555463226","6.6202948160256","6.62239255818079","6.62807289225032","6.63954910407997","6.64011178166653","6.63971237038734","6.64714849606587","6.64409493574515","6.63489569819378","6.61233723017116","6.59005098700408","6.56335333250993","6.53503809967258","6.50543809093468","6.49885389056641","6.48867666324633","6.46522488111977","6.42617830018404","6.37610144035639","6.31340363431347","6.25252270743879","6.17665234368972","6.0847939535684","5.99403191176262","5.90097217175341","5.82762219394087","5.74837991328311","5.65780757898367","5.5683229049056","5.48943666987957","5.42145959411624","5.34456802089655","5.25754260061225","5.19889093688364","5.13384734591552","5.07317809907741","5.01016264224346","4.94770287474218","4.88640416110175","4.8218807967436","4.76410988315842","4.70541824660607","4.64705628367845","4.5844359580444","4.52312054998848","4.4651363128505","4.39914842939186","4.33365727698078","4.28190834169479","4.23795421011443","4.19346214305566","4.15462173297116","4.11641146080703","4.0710935432491","4.03144246831176","3.98803836267761","3.94168646654184","3.89515165178282","3.85188953635255","3.8082007790831","3.76091745047495","",
"Isle of Man","IMN","Fertility rate, total (births per woman)","SP.DYN.TFRT.IN","2.682","2.688","2.634","2.624","2.627","2.539","2.462","2.447","2.447","2.512","2.566","2.512","2.454","2.364","2.263","2.16","2.083","2.023","1.988","1.96","1.954","1.941","1.915","1.888","1.865","1.88","1.892","1.909","1.921","1.926","1.959","1.978","1.974","1.946","1.915","1.923","1.931","1.926","1.901","1.858","1.866","1.87","1.863","1.84","1.826","1.863","1.905","1.927","1.941","1.937","1.928","1.903","1.864","1.824","1.79","1.748","1.713","1.674","1.636","1.606","1.585","1.569","1.556","1.548","1.544","",
"India","IND","Fertility rate, total (births per woman)","SP.DYN.TFRT.IN","5.921","5.937","5.953","5.969","5.979","5.941","5.881","5.825","5.76","5.684","5.624","5.565","5.482","5.402","5.325","5.195","5.13","5.007","4.888","4.808","4.775","4.698","4.62","4.565","4.516","4.432","4.399","4.311","4.222","4.132","4.045","3.959","3.877","3.799","3.723","3.651","3.582","3.514","3.446","3.383","3.35","3.303","3.217","3.122","3.046","2.958","2.867","2.775","2.711","2.674","2.598","2.532","2.47","2.399","2.293","2.289","2.284","2.193","2.184","2.12","2.047","2.014","1.994","1.975","1.962","",
"Not classified","INX","Fertility rate, total (births per woman)","SP.DYN.TFRT.IN","","","","","","","","","","","","","","","","","","","","","","","","","","","","","","","","","","","","","","","","","","","","","","","","","","","","","","","","","","","","","","","","","","",
"Ireland","IRL","Fertility rate, total (births per woman)","SP.DYN.TFRT.IN","3.78","3.78","3.92","4.01","4.07","4.04","3.94","3.84","3.77","3.83","3.85","3.93","3.84","3.71","3.59","3.37","3.29","3.24","3.21","3.21","3.21","3.05","2.94","2.74","2.58","2.48","2.44","2.32","2.17","2.08","2.11","2.08","1.99","1.9","1.85","1.84","1.88","1.93","1.94","1.9","1.89","1.94","1.97","1.96","1.93","1.86","1.91","2.01","2.06","2.06","2.05","2.03","1.98","1.93","1.89","1.85","1.81","1.76","1.74","1.69","1.6","1.72","1.51","1.5","1.47","",
"Iran, Islamic Rep.","IRN","Fertility rate, total (births per woman)","SP.DYN.TFRT.IN","7.519","7.459","7.401","7.317","7.237","7.222","7.214","7.19","7.119","7.007","6.798","6.549","6.257","6.061","5.968","5.947","6.066","6.179","6.344","6.549","6.63","6.618","6.586","6.528","6.433","6.242","6.011","5.719","5.434","5.172","4.934","4.568","4.099","3.674","3.244","2.852","2.542","2.323","2.19","2.089","1.999","1.918","1.836","1.801","1.78","1.756","1.755","1.748","1.743","1.74","1.749","1.792","1.851","1.913","1.975","2.017","2.054","2.023","1.919","1.766","1.7","1.709","1.704","1.695","1.684","",
"Iraq","IRQ","Fertility rate, total (births per woman)","SP.DYN.TFRT.IN","5.3","5.8","6.991","7.005","7.01","7.02","7.022","7.029","7.056","7.083","7.071","7.055","7.024","6.986","6.952","6.913","6.856","6.795","6.726","6.662","6.593","6.526","6.46","6.387","6.321","6.246","6.182","6.114","6.052","5.988","5.929","5.833","5.718","5.609","5.488","5.36","5.249","5.194","5.112","5.035","4.92","4.799","4.668","4.581","4.527","4.446","4.459","4.404","4.373","4.378","4.457","4.588","4.544","4.441","4.31","4.08","3.843","3.64","3.547","3.48","3.419","3.358","3.294","3.249","3.221","",
"Iceland","ISL","Fertility rate, total (births per woman)","SP.DYN.TFRT.IN","4.29","3.88","3.98","3.99","3.88","3.73","3.59","3.28","3.06","2.99","2.81","2.92","3.09","2.94","2.66","2.65","2.52","2.31","2.35","2.49","2.48","2.33","2.27","2.24","2.08","1.93","1.92","2.06","2.26","2.19","2.3","2.18","2.21","2.22","2.14","2.08","2.12","2.04","2.05","1.99","2.08","1.95","1.93","1.99","2.04","2.05","2.08","2.09","2.15","2.23","2.2","2.02","2.04","1.93","1.93","1.8","1.74","1.71","1.71","1.74","1.72","1.82","1.589","1.55","1.56","",
"Israel","ISR","Fertility rate, total (births per woman)","SP.DYN.TFRT.IN","3.866","3.858","3.85","3.838","3.826","3.814","3.802","3.79","3.786","3.782","3.778","3.774","3.77","3.698","3.626","3.554","3.482","3.41","3.354","3.298","3.242","3.186","3.13","3.106","3.082","3.058","3.034","3.01","2.948","2.886","2.824","2.762","2.7","2.8","2.9","2.9","2.9","2.94","2.98","2.965","2.95","2.92","2.89","2.95","2.9","2.84","2.88","2.9","2.96","2.96","3.03","2.98","3.05","3.03","3.08","3.09","3.11","3.11","3.09","3.01","2.9","3","2.89","2.85","2.87","",
"Italy","ITA","Fertility rate, total (births per woman)","SP.DYN.TFRT.IN","2.4","2.44","2.46","2.51","2.66","2.6","2.58","2.5","2.46","2.47","2.38","2.4","2.35","2.3","2.28","2.17","2.04","1.93","1.84","1.73","1.64","1.58","1.56","1.51","1.46","1.42","1.35","1.33","1.36","1.33","1.33","1.3","1.3","1.25","1.21","1.19","1.2","1.22","1.22","1.23","1.26","1.25","1.27","1.29","1.34","1.33","1.37","1.39","1.44","1.44","1.44","1.42","1.42","1.39","1.38","1.36","1.36","1.34","1.31","1.27","1.24","1.25","1.24","1.21","1.18","",
"Jamaica","JAM","Fertility rate, total (births per woman)","SP.DYN.TFRT.IN","5.538","5.597","5.635","5.731","5.79","5.719","5.692","5.668","5.576","5.468","5.349","5.212","5.06","4.995","4.665","4.436","4.213","4.004","3.838","3.719","3.588","3.51","3.458","3.411","3.324","3.212","3.106","3.024","2.982","2.93","2.955","2.997","3.026","2.987","2.93","2.851","2.77","2.677","2.574","2.465","2.345","2.296","2.271","2.244","2.198","2.148","2.089","2.023","1.953","1.879","1.799","1.717","1.648","1.591","1.544","1.508","1.464","1.428","1.4","1.39","1.383","1.378","1.372","1.358","1.351","",
"Jordan","JOR","Fertility rate, total (births per woman)","SP.DYN.TFRT.IN","7.599","7.699","7.785","7.854","7.913","7.932","7.992","8.059","8.135","8.192","8.181","8.15","8.117","8.062","7.997","7.925","7.832","7.723","7.594","7.448","7.287","7.121","6.959","6.812","6.671","6.534","6.387","6.196","6.011","5.798","5.544","5.33","5.137","4.972","4.819","4.676","4.508","4.318","4.112","3.971","3.864","3.803","3.805","3.816","3.729","3.653","3.711","3.797","3.876","3.841","3.78","3.69","3.568","3.449","3.302","3.141","3.072","2.994","2.923","2.855","2.791","2.735","2.679","2.639","2.604","",
"Japan","JPN","Fertility rate, total (births per woman)","SP.DYN.TFRT.IN","2","1.96","1.98","2","2.05","2.14","1.58","2.23","2.13","2.13","2.13","2.16","2.14","2.14","2.05","1.91","1.85","1.8","1.79","1.77","1.75","1.74","1.77","1.8","1.81","1.76","1.72","1.69","1.66","1.57","1.54","1.53","1.5","1.46","1.5","1.42","1.43","1.39","1.38","1.34","1.36","1.33","1.32","1.29","1.29","1.26","1.32","1.34","1.37","1.37","1.39","1.39","1.41","1.43","1.42","1.45","1.44","1.43","1.42","1.36","1.33","1.3","1.26","1.2","1.15","",
"Kazakhstan","KAZ","Fertility rate, total (births per woman)","SP.DYN.TFRT.IN","4.495","4.424","4.357","4.264","4.071","3.881","3.819","3.769","3.629","3.509","3.505","3.534","3.553","3.508","3.453","3.398","3.332","3.257","3.156","3.137","3.092","3.052","3.02","3.068","3.146","3.208","3.189","3.122","3.001","2.866","2.745","2.677","2.584","2.483","2.378","2.253","2.084","1.97","1.938","1.902","1.898","1.906","1.956","2.075","2.201","2.274","2.38","2.49","2.616","2.58","2.61","2.605","2.64","2.67","2.76","2.755","2.795","2.745","2.845","2.89","3.13","3.32","3.05","3.012","2.984","",
"Kenya","KEN","Fertility rate, total (births per woman)","SP.DYN.TFRT.IN","7.651","7.715","7.769","7.817","7.869","7.923","7.955","7.953","7.948","7.947","7.943","7.922","7.894","7.86","7.822","7.795","7.767","7.729","7.666","7.598","7.531","7.454","7.345","7.218","7.083","6.96","6.84","6.686","6.515","6.332","6.135","5.94","5.74","5.569","5.438","5.372","5.307","5.268","5.244","5.177","5.136","5.094","5.027","4.937","4.861","4.801","4.754","4.718","4.66","4.567","4.446","4.284","4.116","3.955","3.843","3.766","3.689","3.609","3.536","3.433","3.364","3.312","3.262","3.208","3.167","",
"Kyrgyz Republic","KGZ","Fertility rate, total (births per woman)","SP.DYN.TFRT.IN","5.309","5.364","5.421","5.479","5.433","5.375","5.321","5.255","5.182","5.183","5.203","5.181","5.137","5.024","4.891","4.764","4.676","4.593","4.526","4.377","4.225","4.188","4.198","4.165","4.198","4.203","4.221","4.163","4.031","3.875","3.63","3.58","3.52","3.2","2.9","3.1","2.8","2.6","2.7","2.6","2.4","2.4","2.4","2.5","2.6","2.5","2.7","2.7","2.8","2.9","3.1","3.1","3.2","3.1","3.2","3.2","3.1","3","3.3","3.3","3.1","2.89","2.8","2.7","2.6","",
"Cambodia","KHM","Fertility rate, total (births per woman)","SP.DYN.TFRT.IN","6.313","6.302","6.301","6.292","6.288","6.267","6.237","6.201","6.165","6.124","6.071","6.007","5.943","5.559","4.797","4.103","3.409","2.716","3.338","4.556","5.774","6.042","6.193","6.296","6.338","6.313","6.226","6.097","5.944","5.681","5.642","5.588","5.486","5.433","5.281","5.076","4.867","4.395","4.13","3.933","3.794","3.687","3.57","3.429","3.307","3.238","3.175","3.13","3.048","2.971","2.859","2.782","2.751","2.742","2.734","2.729","2.725","2.719","2.724","2.725","2.699","2.664","2.616","2.579","2.548","",
"Kiribati","KIR","Fertility rate, total (births per woman)","SP.DYN.TFRT.IN","6.441","6.477","6.415","6.35","6.289","6.262","6.225","6.112","5.984","5.848","5.706","5.554","5.374","5.199","5.094","5.019","4.964","4.957","4.969","4.965","4.964","4.961","4.952","4.914","4.91","4.911","4.871","4.806","4.733","4.693","4.668","4.642","4.568","4.487","4.442","4.419","4.425","4.368","4.29","4.185","4.071","3.957","3.814","3.702","3.734","3.76","3.815","3.865","3.899","3.905","3.898","3.878","3.768","3.643","3.521","3.438","3.375","3.339","3.318","3.29","3.254","3.219","3.182","3.147","3.124","",
"St. Kitts and Nevis","KNA","Fertility rate, total (births per woman)","SP.DYN.TFRT.IN","6.541","6.272","6.061","6.121","6.084","6.008","5.783","5.46","5.165","4.967","4.728","4.506","4.161","3.966","3.806","3.675","3.589","3.478","3.286","3.23","3.261","3.296","3.175","3.098","2.884","2.82","2.683","2.622","2.622","2.689","2.725","2.597","2.433","2.375","2.31","2.304","2.26","2.3","2.31","2.256","2.126","2.082","2.038","2.004","1.964","1.931","1.902","1.871","1.833","1.8","1.762","1.74","1.713","1.682","1.665","1.643","1.633","1.61","1.587","1.568","1.55","1.531","1.512","1.505","1.526","",
"Korea, Rep.","KOR","Fertility rate, total (births per woman)","SP.DYN.TFRT.IN","5.994","5.803","5.562","5.334","5.068","4.887","4.782","4.615","4.51","4.447","4.53","4.54","4.12","4.07","3.77","3.43","3","2.99","2.64","2.9","2.82","2.57","2.39","2.06","1.74","1.66","1.58","1.53","1.55","1.56","1.57","1.71","1.76","1.654","1.656","1.634","1.574","1.537","1.464","1.425","1.48","1.309","1.178","1.191","1.164","1.085","1.132","1.259","1.192","1.149","1.226","1.244","1.297","1.187","1.205","1.239","1.172","1.052","0.977","0.918","0.837","0.808","0.778","0.721","0.748","",
"Kuwait","KWT","Fertility rate, total (births per woman)","SP.DYN.TFRT.IN","7.223","7.248","7.254","7.275","7.286","7.314","7.34","7.326","7.278","7.181","7.025","6.839","6.637","6.43","6.233","6.059","5.896","5.712","5.521","5.333","5.184","5.021","4.848","4.658","4.452","4.218","4.003","3.827","3.702","3.593","3.487","3.398","3.353","3.313","3.272","3.248","3.223","3.135","3.039","2.952","2.887","2.839","2.795","2.771","2.762","2.731","2.589","2.412","2.266","2.155","2.044","1.956","1.99","1.968","2.06","2.03","2.061","2.16","2.118","2.082","2.033","2.148","1.546","1.524","1.56","",
"Latin America & Caribbean (excluding high income)","LAC","Fertility rate, total (births per woman)","SP.DYN.TFRT.IN","5.97271899331834","5.96526983791836","5.95709898442673","5.93553465543244","5.88045391432576","5.79884156496829","5.70336484541628","5.59922825801228","5.49380321462243","5.39838193720655","5.30252242572601","5.20592423119209","5.10223828786877","4.99884831808957","4.87779142318386","4.7685880968884","4.66793195235306","4.56909380458966","4.46601854724441","4.35699288213868","4.24672523280159","4.1463529430482","4.05223518159466","3.95138264461306","3.84733177820528","3.74640303956388","3.65305910036864","3.54921461363936","3.45525318108558","3.37323230719212","3.29541646360648","3.21976245077846","3.14402524554353","3.08478986921221","3.02100033405787","2.95858356125579","2.88881291527077","2.83117155686555","2.7741181855777","2.70737722199664","2.63762117167228","2.56975223323721","2.50927269830331","2.44870432835319","2.40543174101601","2.36470067463186","2.31899201605485","2.27785708105853","2.24946371734628","2.22296529185597","2.19510385557288","2.17532834898955","2.14407325644016","2.12254304382893","2.10453419130194","2.073206872506","2.0203959369113","1.99982866453159","1.98242036995389","1.94013713547924","1.88328723572849","1.86190946512761","1.83683710959786","1.82170358786028","1.81258696338799","",
"Lao PDR","LAO","Fertility rate, total (births per woman)","SP.DYN.TFRT.IN","6.292","6.31","6.313","6.318","6.313","6.316","6.307","6.306","6.298","6.301","6.31","6.295","6.284","6.281","6.289","6.287","6.289","6.293","6.298","6.314","6.332","6.35","6.369","6.376","6.37","6.328","6.255","6.205","6.158","6.102","6.057","5.986","5.9","5.798","5.598","5.355","5.148","4.961","4.792","4.639","4.429","4.29","4.132","4.024","3.898","3.685","3.559","3.438","3.331","3.229","3.137","3.049","2.953","2.872","2.802","2.796","2.744","2.691","2.633","2.589","2.535","2.494","2.455","2.421","2.397","",
"Lebanon","LBN","Fertility rate, total (births per woman)","SP.DYN.TFRT.IN","5.877","5.891","5.902","5.905","5.851","5.768","5.677","5.569","5.448","5.316","5.188","5.05","4.912","4.79","4.654","4.521","4.394","4.279","4.176","4.077","4.011","3.953","3.855","3.734","3.658","3.533","3.466","3.42","3.392","3.363","3.268","3.162","3.052","2.937","2.823","2.725","2.698","2.667","2.648","2.631","2.6","2.576","2.523","2.457","2.378","2.291","2.244","2.201","2.172","2.191","2.256","2.32","2.345","2.361","2.375","2.382","2.39","2.372","2.347","2.327","2.308","2.283","2.263","2.239","2.227","",
"Liberia","LBR","Fertility rate, total (births per woman)","SP.DYN.TFRT.IN","6.391","6.446","6.504","6.556","6.585","6.617","6.628","6.65","6.657","6.644","6.578","6.542","6.599","6.651","6.691","6.744","6.793","6.841","6.884","6.919","6.872","6.834","6.788","6.76","6.728","6.693","6.638","6.572","6.507","6.434","6.37","6.323","6.277","6.246","6.21","6.173","6.129","6.079","6.017","5.953","5.875","5.774","5.653","5.547","5.506","5.519","5.53","5.462","5.328","5.174","5.058","4.97","4.881","4.749","4.622","4.523","4.461","4.396","4.336","4.257","4.174","4.089","4.016","3.95","3.864","",
"Libya","LBY","Fertility rate, total (births per woman)","SP.DYN.TFRT.IN","7.509","7.556","7.61","7.685","7.752","7.823","7.891","7.932","7.974","8.011","8.048","8.096","8.073","8.047","8.02","7.977","7.932","7.872","7.789","7.68","7.543","7.371","7.162","6.91","6.622","6.328","6.022","5.718","5.41","5.091","4.776","4.461","4.162","3.883","3.649","3.442","3.256","3.132","3.043","2.972","2.906","2.866","2.831","2.797","2.773","2.765","2.699","2.648","2.599","2.556","2.603","2.646","2.68","2.716","2.754","2.711","2.673","2.626","2.581","2.539","2.507","2.462","2.402","2.355","2.298","",
"St. Lucia","LCA","Fertility rate, total (births per woman)","SP.DYN.TFRT.IN","6.767","6.835","6.818","6.721","6.758","6.688","6.607","6.508","6.387","6.249","6.101","5.953","5.813","5.686","5.571","5.358","5.161","4.966","4.825","4.583","4.412","4.276","4.169","4.082","4.018","3.97","3.801","3.613","3.435","3.314","3.238","3.19","3.11","2.999","3.028","3.026","2.712","2.743","2.403","2.501","2.207","2.125","2.032","1.939","1.863","1.807","1.765","1.7","1.7","1.735","1.673","1.5","1.5","1.5","1.485","1.473","1.461","1.448","1.436","1.424","1.411","1.399","1.387","1.379","1.385","",
"Latin America & Caribbean","LCN","Fertility rate, total (births per woman)","SP.DYN.TFRT.IN","5.86928989560833","5.85790066538361","5.84711321175065","5.82617902975298","5.76646914975825","5.6852276563667","5.5884958779241","5.48242939711392","5.37568188514187","5.28016644972607","5.18421280645098","5.0888963409094","4.98427914238296","4.8812131264486","4.76341527426996","4.65608481882113","4.55876653025938","4.46277606872744","4.36265418283056","4.25733441418835","4.15116683299825","4.05486716705831","3.96524124760971","3.86913011286621","3.7705280177527","3.67629165923195","3.58858275681957","3.49082169119499","3.40229742708928","3.32572208267085","3.25200121318004","3.17899149947232","3.10502220855846","3.04737913400792","2.98532233515391","2.92500245572653","2.85409605427237","2.79637863695787","2.74035048666449","2.67578612952241","2.60902991651964","2.54222979263084","2.48121253853417","2.42142506827502","2.37917519310069","2.34035064164282","2.29532888990533","2.25735285699401","2.23167123797086","2.2066595265301","2.17888507325984","2.15996794046018","2.12951008238359","2.10800936827715","2.09061835099534","2.05950841692013","2.00688079738414","1.98217325038003","1.96388556455325","1.91833263036506","1.85875827927085","1.83369054632292","1.81210662375359","1.79509415879954","1.78557435495839","",
"Least developed countries: UN classification","LDC","Fertility rate, total (births per woman)","SP.DYN.TFRT.IN","6.59812665605264","6.62006345484779","6.64146627531149","6.65468788981068","6.66778113886466","6.67771102548314","6.69090991599287","6.70712078411261","6.71587203388373","6.72242578663941","6.73673932391954","6.74103297037596","6.73921926383332","6.72586291748616","6.71282239908259","6.69081483478694","6.66647467076705","6.64186943158595","6.63944460555583","6.63547721809419","6.62190248815687","6.59109437590618","6.55678916979847","6.50107064831072","6.44165092477545","6.36587154627918","6.27497183899236","6.18564441766558","6.09584645950026","6.02684583719625","5.95080624471159","5.86252083040306","5.77802155578152","5.70362834030781","5.64174039999092","5.56689173095015","5.49258535543842","5.43923139179217","5.37330320920784","5.30999521487313","5.24458052062557","5.17840355145414","5.11596995947457","5.05035222218116","4.99046162126159","4.9292390921157","4.86718773523442","4.80229332238785","4.73800240592664","4.67492850389409","4.60128674172344","4.52860111438592","4.46919785866449","4.41646106497764","4.36552691554673","4.32168259410509","4.28311169474681","4.23863246941022","4.19429284373892","4.14860123810594","4.1009908354428","4.05299598462052","4.00757222184042","3.96112424917373","3.91090237141104","",
"Low income","LIC","Fertility rate, total (births per woman)","SP.DYN.TFRT.IN","6.43199979179291","6.40968571981692","6.4432318926516","6.48387124782326","6.49637133817021","6.51526107352868","6.56008849142316","6.62299525479013","6.62810884031364","6.64373728929013","6.66650984109874","6.6758513671164","6.71004466548215","6.66987530604738","6.66426564832289","6.67125677430467","6.66577147812346","6.67610533718973","6.69113844457196","6.7039934136752","6.70417903805187","6.70250055016828","6.68259176149901","6.66322450419855","6.64422233796119","6.62523193338405","6.60571001369139","6.57946673269955","6.54671411513415","6.51336402674781","6.48318663284961","6.45089168486015","6.42137008319986","6.39184592128246","6.36047984609222","6.32680991570805","6.2685080950976","6.22760200568734","6.18519318556285","6.13926329894986","6.08927610659155","6.02987983979063","5.96765943280778","5.90522486493865","5.84880056228236","5.78854562761536","5.72699315452571","5.65392549163727","5.58723907179459","5.51655354849076","5.43100141732385","5.33857067241804","5.25819322056583","5.18423782876554","5.12108722158903","5.06156689472219","5.00055222550695","4.93974130374665","4.8779638019878","4.81320552957201","4.74393919000877","4.67247318639843","4.60370830926759","4.53491554555654","4.46383636906266","",
"Liechtenstein","LIE","Fertility rate, total (births per woman)","SP.DYN.TFRT.IN","2.779","2.778","2.798","2.851","2.919","2.963","2.779","2.477","2.217","2.135","2.093","2.033","1.983","1.936","1.904","1.897","1.909","1.92","1.9","1.673","1.696","1.688","1.606","1.529","1.508","1.495","1.479","1.496","1.496","1.501","1.501","1.5","1.477","1.454","1.442","1.435","1.516","1.569","1.586","1.63","1.57","1.52","1.47","1.36","1.44","1.49","1.43","1.42","1.43","1.71","1.4","1.69","1.51","1.45","1.59","1.4","1.61","1.44","1.58","1.48","1.46","1.53","1.47","1.45","1.37","",
"Sri Lanka","LKA","Fertility rate, total (births per woman)","SP.DYN.TFRT.IN","5.352","5.24","5.177","5.118","5.057","4.934","4.828","4.787","4.658","4.499","4.387","4.266","4.156","4.001","3.855","3.816","3.783","3.741","3.81","3.822","3.725","3.649","3.32","3.114","3.006","2.895","2.743","2.644","2.565","2.578","2.541","2.514","2.487","2.438","2.405","2.353","2.285","2.215","2.136","2.142","2.213","2.283","2.31","2.301","2.271","2.263","2.292","2.295","2.232","2.179","2.134","2.144","2.173","2.178","2.134","2.09","2.062","2.044","2.033","2.022","2.007","1.995","1.984","1.974","1.952","",
"Lower middle income","LMC","Fertility rate, total (births per woman)","SP.DYN.TFRT.IN","6.20161837618963","6.21836557155715","6.23433614996318","6.24215127678509","6.24505678993318","6.2174904264235","6.17859964238621","6.14438051754152","6.10102514639482","6.05281539929531","6.01509217326296","5.97647759634317","5.9213705883153","5.8636724603534","5.80842487435323","5.72042143209816","5.66576103045267","5.57640713475812","5.49463705771051","5.43316456334219","5.39697689655006","5.33180517068467","5.26636713469098","5.20482020922029","5.14137211656089","5.05265170453781","4.98897104988461","4.89399155298869","4.79910475975622","4.70803102118345","4.61963384956875","4.52537207703051","4.42816443859776","4.3349418969258","4.25038733276766","4.16802029964582","4.08945134734704","4.01935100463102","3.94798555417552","3.88746856502078","3.84091793675515","3.78539929566282","3.70818605631886","3.62880927422849","3.55561334266579","3.4856609194131","3.42312205907336","3.36092523788426","3.31458828004324","3.27981664038966","3.22172015997334","3.16546607539697","3.11328966326269","3.05990683450816","2.98702179966159","2.96689965139889","2.93557565130627","2.86660097910914","2.83163568851323","2.77348406506652","2.71681986260557","2.68586993283349","2.66360467606375","2.64147925137803","2.61828078301417","",
"Low & middle income","LMY","Fertility rate, total (births per woman)","SP.DYN.TFRT.IN","5.50086903750178","5.32486030379359","6.01310961706817","6.44133555256665","6.18058642575765","6.13726480903827","6.02490332561426","5.85020645208451","6.02941829102539","5.89499798004855","5.83648332073292","5.63158520108622","5.46556807450738","5.2988783105715","5.07812862763184","4.84601195728296","4.70655500783197","4.53524631605954","4.44249420448699","4.4031406927935","4.36076571254437","4.32637298165185","4.3344414645566","4.1622378482219","4.12445884143009","4.06468384460396","4.03652956431305","3.98400014801102","3.85685345071192","3.79401989866624","3.73575438380851","3.50870015830648","3.40297318455105","3.32612817585112","3.25870955261677","3.19761274521267","3.13667110833512","3.08453061375989","3.04045037349834","3.00610645850084","3.00390473252466","2.95486573007225","2.91682449692498","2.8829693736023","2.86423859710275","2.84096668790463","2.82381710174622","2.80750005696422","2.80244694819699","2.79074892719024","2.75958492045206","2.73472379534533","2.74750531663815","2.70329855119878","2.68849691803633","2.65333574998965","2.65412068752","2.62319141928886","2.54597740927616","2.50621692104039","2.42139462693079","2.38138507325308","2.35291654300483","2.33674419294898","2.3289808274605","",
"Lesotho","LSO","Fertility rate, total (births per woman)","SP.DYN.TFRT.IN","5.784","5.785","5.787","5.776","5.765","5.772","5.756","5.745","5.725","5.704","5.698","5.696","5.694","5.688","5.753","5.825","5.871","5.848","5.823","5.789","5.746","5.694","5.632","5.56","5.478","5.401","5.317","5.222","5.104","4.964","4.813","4.681","4.541","4.365","4.21","4.125","4.058","3.982","3.815","3.67","3.605","3.63","3.682","3.619","3.508","3.428","3.414","3.442","3.392","3.309","3.25","3.343","3.296","3.283","3.239","3.217","3.18","3.105","3.016","2.924","2.846","2.769","2.716","2.694","2.664","",
"Late-demographic dividend","LTE","Fertility rate, total (births per woman)","SP.DYN.TFRT.IN","4.37563343473696","3.9956223556304","5.28894284909649","6.10855562254805","5.58847747349865","5.52155377043073","5.32344908774124","5.04102355437441","5.42574037570493","5.20314087268166","5.13224251042026","4.79034212036841","4.53620262908961","4.28030015699989","3.92059054247947","3.53856551075262","3.31567003339691","3.05732758799255","2.95270078734387","2.95000302174204","2.92449289402577","2.93876698197449","3.03878613373019","2.76780715634888","2.76931693471843","2.75644641853604","2.79150807368511","2.79232108957679","2.62195813888099","2.5839007985547","2.54996016312967","2.15513493930988","2.01902599522572","1.93096187876647","1.86979697468654","1.81535439220564","1.76590664452794","1.72631004980651","1.70576179324584","1.68664455057034","1.73923096965661","1.68691314726879","1.68047820202294","1.67801560941288","1.69694749162792","1.69650821775942","1.70521610506857","1.72559590180346","1.75364403334795","1.76120613125096","1.74154413297884","1.7278444665002","1.81568916274948","1.76087460678168","1.80369952932348","1.74181792108644","1.79032427587527","1.79210884553839","1.62886710640177","1.59442648548205","1.43183708398957","1.35456143894792","1.29478138713046","1.26864948775251","1.27231640042738","",
"Lithuania","LTU","Fertility rate, total (births per woman)","SP.DYN.TFRT.IN","2.56","2.53","2.45","2.35","2.28","2.23","2.22","2.23","2.24","2.3","2.4","2.41","2.34","2.22","2.21","2.18","2.18","2.14","2.08","2.05","1.99","1.98","1.97","2.1","2.07","2.08","2.12","2.11","2.02","1.98","2.03","2.01","1.97","1.74","1.57","1.55","1.49","1.47","1.46","1.46","1.39","1.29","1.23","1.26","1.27","1.29","1.33","1.36","1.45","1.5","1.5","1.55","1.6","1.59","1.57","1.63","1.63","1.57","1.53","1.43","1.36","1.36","1.27","1.18","1.11","",
"Luxembourg","LUX","Fertility rate, total (births per woman)","SP.DYN.TFRT.IN","2.29","","2.37","","2.34","2.42","2.34","2.24","2.12","2.02","1.97","1.95","1.75","1.58","1.58","1.55","1.48","1.5","1.48","1.48","1.5","1.55","1.49","1.43","1.42","1.38","1.43","1.4","1.51","1.52","1.6","1.6","1.64","1.7","1.72","1.7","1.77","1.71","1.68","1.74","1.76","1.66","1.63","1.62","1.66","1.63","1.65","1.61","1.61","1.59","1.63","1.52","1.57","1.55","1.5","1.47","1.41","1.39","1.38","1.34","1.36","1.38","1.31","1.25","1.25","",
"Latvia","LVA","Fertility rate, total (births per woman)","SP.DYN.TFRT.IN","1.94","1.94","1.91","1.85","1.79","1.74","1.76","1.8","1.83","1.88","1.96","2","2","1.98","1.97","1.96","1.93","1.89","1.87","1.87","1.86","1.88","1.97","2.07","2.09","2.08","2.12","2.15","2.11","2.05","2.02","1.86","1.73","1.51","1.39","1.25","1.16","1.11","1.09","1.16","1.25","1.22","1.26","1.32","1.29","1.39","1.46","1.54","1.58","1.46","1.36","1.33","1.44","1.52","1.65","1.7","1.74","1.69","1.6","1.61","1.55","1.57","1.47","1.36","1.24","",
"Macao SAR, China","MAC","Fertility rate, total (births per woman)","SP.DYN.TFRT.IN","4.957","4.674","4.393","4.227","3.943","3.619","3.317","3.014","2.608","2.307","2.083","1.994","1.94","1.843","1.731","1.554","1.43","1.391","1.425","1.58","1.731","1.849","1.992","2.098","2.145","2.235","2.189","2.06","1.863","1.81","1.709","1.615","1.547","1.471","1.431","1.367","1.288","1.205","1.113","1.025","0.933","0.818","0.813","0.837","0.855","0.912","0.954","1.008","0.979","1.004","1.07","1.15","1.357","1.15","1.224","1.142","1.138","1.021","0.915","0.899","0.841","0.756","0.68","0.586","0.582","",
"St. Martin (French part)","MAF","Fertility rate, total (births per woman)","SP.DYN.TFRT.IN","6.389","6.395","6.373","6.36","6.354","6.345","6.323","6.302","6.262","6.186","6.089","5.97","5.839","5.638","5.388","5.1","4.839","4.576","4.319","4.111","3.884","3.64","3.362","3.149","3.033","2.952","2.895","2.855","2.824","2.788","2.745","2.708","2.68","2.665","2.669","2.688","2.71","2.746","2.795","2.839","2.876","2.897","2.896","2.872","2.827","2.779","2.711","2.633","2.55","2.464","2.4","2.424","2.773","2.719","2.707","2.665","2.643","2.657","2.725","2.791","2.829","2.804","2.763","2.718","2.673","",
"Morocco","MAR","Fertility rate, total (births per woman)","SP.DYN.TFRT.IN","6.887","6.969","7.046","7.012","6.97","6.932","6.889","6.845","6.786","6.726","6.682","6.616","6.545","6.481","6.397","6.299","6.175","6.036","5.91","5.849","5.784","5.71","5.604","5.41","5.199","4.988","4.772","4.583","4.394","4.217","4.06","3.947","3.757","3.548","3.413","3.295","3.229","3.147","3.037","2.882","2.774","2.686","2.617","2.606","2.611","2.613","2.611","2.618","2.612","2.624","2.629","2.595","2.543","2.478","2.425","2.406","2.396","2.375","2.354","2.342","2.32","2.288","2.256","2.23","2.208","",
"Monaco","MCO","Fertility rate, total (births per woman)","SP.DYN.TFRT.IN","2.812","2.783","2.756","2.727","2.69","2.66","2.625","2.591","2.566","2.536","2.5","2.47","2.44","2.408","2.377","2.351","2.326","2.306","2.284","2.264","2.244","2.224","2.203","2.184","2.165","2.141","2.106","2.062","2.011","1.934","1.848","1.786","1.755","1.749","1.756","1.783","1.824","1.884","1.954","2.007","2.082","2.176","2.006","1.914","1.994","2.006","2.101","2.206","2.384","2.397","2.385","2.22","2.294","2.313","2.485","2.503","2.578","2.418","2.485","2.403","2.38","2.122","2.114","2.11","2.102","",
"Moldova","MDA","Fertility rate, total (births per woman)","SP.DYN.TFRT.IN","3.315","3.228","3.043","2.891","2.71","2.685","2.651","2.617","2.592","2.566","2.565","2.563","2.564","2.566","2.564","2.522","2.472","2.424","2.387","2.384","2.381","2.402","2.449","2.578","2.669","2.674","2.738","2.776","2.628","2.463","2.392","2.278","2.217","2.112","1.993","1.825","1.709","1.79","1.65","1.556","1.496","1.471","1.448","1.479","1.543","1.528","1.537","1.575","1.638","1.719","1.703","1.65","1.661","1.622","1.82","1.87","1.89","1.81","1.81","1.78","1.77","1.751","1.694","1.731","1.726","",
"Madagascar","MDG","Fertility rate, total (births per woman)","SP.DYN.TFRT.IN","7.343","7.299","7.256","7.212","7.188","7.171","7.156","7.144","7.131","7.118","7.096","7.068","7.042","7.011","6.993","6.971","6.954","6.927","6.904","6.872","6.838","6.774","6.699","6.626","6.547","6.456","6.343","6.242","6.178","6.149","6.14","6.118","6.082","6.062","6.042","6.036","6.031","6.023","5.992","5.839","5.665","5.528","5.412","5.329","5.264","5.195","5.133","5.083","5.043","5.003","4.896","4.737","4.613","4.527","4.421","4.335","4.285","4.259","4.246","4.221","4.17","4.104","4.036","3.972","3.912","",
"Maldives","MDV","Fertility rate, total (births per woman)","SP.DYN.TFRT.IN","6.713","6.792","6.887","6.941","7.003","7.07","7.145","7.227","7.279","7.327","7.391","7.384","7.374","7.399","7.377","7.321","7.292","7.266","7.229","7.233","7.226","7.191","7.146","7.092","7.025","6.939","6.846","6.731","6.583","6.386","6.13","5.796","5.435","5.063","4.688","4.292","3.859","3.477","3.171","2.899","2.691","2.532","2.425","2.342","2.262","2.199","2.204","2.293","2.371","2.39","2.349","2.307","2.254","2.174","2.089","2.004","1.903","1.798","1.71","1.64","1.613","1.599","1.583","1.575","1.56","",
"Middle East, North Africa, Afghanistan & Pakistan","MEA","Fertility rate, total (births per woman)","SP.DYN.TFRT.IN","6.94826640195092","6.96875002549603","7.01817813588353","6.99843464160891","6.96907744572822","6.93812912731797","6.9202447080572","6.90211800165666","6.87586782177814","6.84023748918043","6.79108519868015","6.73201154877179","6.66641660109879","6.60911906658928","6.57146435826421","6.54610279692197","6.53719629290543","6.51739817371074","6.49802821594846","6.49102179546382","6.45434567192073","6.39057076110944","6.33034843540435","6.26413955456868","6.17869345991629","6.07464236988343","5.94915916674306","5.81680320244568","5.68782610172542","5.54802204321721","5.41879839675048","5.26102343635967","5.0911533544334","4.93021141090709","4.77490719421969","4.596419719181","4.43429034696536","4.30860036436787","4.19855610384828","4.11443713697081","4.01482607048311","3.90085522373292","3.79395138243059","3.72630163365794","3.63070073112687","3.57811114316293","3.56377930573561","3.54500927423124","3.52422252680883","3.50913344979088","3.49627868102769","3.47744099649193","3.47103841927052","3.45458378198777","3.43769825413249","3.40467709971311","3.34433522982973","3.31820651237254","3.23367617917511","3.16206943875318","3.11688086418962","3.07299085938902","3.03344296601144","3.00810110726487","2.97597018598226","",
"Mexico","MEX","Fertility rate, total (births per woman)","SP.DYN.TFRT.IN","6.763","6.777","6.8","6.817","6.833","6.819","6.79","6.753","6.707","6.626","6.529","6.419","6.281","6.121","5.947","5.739","5.543","5.361","5.202","4.964","4.739","4.574","4.425","4.296","4.184","4.087","3.971","3.803","3.64","3.532","3.444","3.363","3.285","3.211","3.132","3.044","2.964","2.886","2.815","2.763","2.714","2.671","2.633","2.579","2.536","2.495","2.456","2.421","2.391","2.364","2.34","2.317","2.294","2.269","2.211","2.137","2.086","2.041","2.03","2.02","1.99","1.97","1.94","1.91","1.892","",
"Marshall Islands","MHL","Fertility rate, total (births per woman)","SP.DYN.TFRT.IN","8.077","8.115","8.122","8.123","8.143","8.156","8.199","8.169","8.143","8.112","8.075","8.036","7.995","7.952","7.899","7.832","7.757","7.67","7.58","7.473","7.37","7.269","7.179","7.083","6.988","6.866","6.731","6.568","6.384","6.183","5.97","5.757","5.546","5.382","5.232","5.091","5.021","4.959","4.868","4.783","4.695","4.583","4.488","4.418","4.34","4.276","4.197","4.09","3.967","3.83","3.673","3.527","3.382","3.247","3.18","3.131","3.091","3.064","3.038","3.012","2.989","2.964","2.936","2.919","2.864","",
"Middle income","MIC","Fertility rate, total (births per woman)","SP.DYN.TFRT.IN","5.43438358945589","5.24659788583293","5.98186679644841","6.43823163490897","6.15745494625767","6.10956524594623","5.98583063086504","5.79412152393875","5.98622421251866","5.84125678414818","5.77725244071002","5.55748589958412","5.37776848727841","5.2025113656318","4.96658220321182","4.71736257806966","4.56813196407656","4.38415599980926","4.28421989935102","4.24153601074552","4.19739962492666","4.1623924199394","4.17293492505069","3.99013284434297","3.95104976026819","3.88839959307722","3.85964386313185","3.80513157990835","3.67122690189617","3.60597278327789","3.54543572780411","3.30412021502389","3.1914233615282","3.10925952028972","3.037439362949","2.97282106626419","2.91071179775077","2.85709394073165","2.81155370042001","2.77602581950463","2.77542593520512","2.72495523519381","2.68564956893289","2.65053601951535","2.63139768034736","2.60749791085604","2.58971129169206","2.5732766508616","2.56880037836948","2.5577435930723","2.52686339727836","2.50354304996341","2.5203286761446","2.47456155116053","2.45995452894726","2.42245316265027","2.42391884220825","2.39029375367272","2.30528428131855","2.26136124257505","2.1681220437839","2.12509036265843","2.09468065706992","2.07783594445476","2.07123959541259","",
"North Macedonia","MKD","Fertility rate, total (births per woman)","SP.DYN.TFRT.IN","3.826","3.615","3.503","3.616","3.56","3.516","3.432","3.332","3.219","3.101","3.012","2.927","2.865","2.719","2.698","2.692","2.623","2.49","2.416","2.401","2.363","2.293","2.286","2.25","2.24","2.252","2.253","2.315","2.324","2.25","2.269","2.31","2.281","2.26","2.232","2.13","2.059","1.916","1.89","1.77","1.863","1.729","1.786","1.745","1.524","1.5","1.46","1.46","1.47","1.5","1.6","1.46","1.5","1.5","1.5","1.49","1.5","1.43","1.42","1.34","1.31","1.6","1.6","1.5","1.4","",
"Mali","MLI","Fertility rate, total (births per woman)","SP.DYN.TFRT.IN","7.019","7.031","7.038","7.046","7.055","7.081","7.111","7.136","7.159","7.175","7.181","7.203","7.219","7.223","7.228","7.253","7.272","7.299","7.319","7.348","7.365","7.365","7.32","7.276","7.256","7.261","7.311","7.312","7.324","7.331","7.311","7.28","7.237","7.18","7.119","7.052","7.01","6.971","6.936","6.911","6.886","6.852","6.819","6.783","6.741","6.708","6.677","6.647","6.624","6.592","6.579","6.545","6.523","6.491","6.441","6.385","6.319","6.251","6.118","5.892","5.85","5.779","5.692","5.614","5.51","",
"Malta","MLT","Fertility rate, total (births per woman)","SP.DYN.TFRT.IN","3.62","3.27","3.24","2.9","2.79","2.52","2.33","2.24","2.12","2.02","2.03","2.06","2.01","1.65","1.64","2.27","2.21","2.14","2.05","2.1","1.99","1.87","1.9","1.92","1.95","1.95","1.93","1.97","2.06","2.1","2.02","1.99","2.07","1.96","1.84","1.77","1.99","1.93","1.84","1.73","1.68","1.48","1.45","1.48","1.4","1.38","1.36","1.35","1.43","1.42","1.36","1.45","1.42","1.36","1.38","1.37","1.37","1.26","1.23","1.14","1.14","1.13","1.08","1.06","1.01","",
"Myanmar","MMR","Fertility rate, total (births per woman)","SP.DYN.TFRT.IN","5.901","5.9","5.904","5.905","5.907","5.912","5.876","5.842","5.797","5.747","5.682","5.615","5.527","5.435","5.341","5.249","5.159","5.069","4.985","4.897","4.789","4.688","4.662","4.633","4.517","4.316","4.081","3.861","3.67","3.593","3.504","3.432","3.354","3.281","3.204","3.127","3.058","2.985","2.912","2.851","2.813","2.793","2.765","2.68","2.588","2.515","2.471","2.447","2.404","2.369","2.335","2.306","2.276","2.264","2.252","2.266","2.27","2.252","2.228","2.206","2.179","2.158","2.131","2.115","2.098","",
"Middle East, North Africa, Afghanistan & Pakistan (excluding high income)","MNA","Fertility rate, total (births per woman)","SP.DYN.TFRT.IN","6.98920934561558","7.01138731304419","7.06367689348168","7.04398523958933","7.01396352530694","6.98298978711875","6.96478623017655","6.94697621907675","6.92019826888453","6.88396561905607","6.83363638756391","6.77310892950621","6.7053273011662","6.64914643820049","6.61225276870865","6.58676597045661","6.57939571136647","6.56061527808659","6.54208188900593","6.53680999551613","6.50131487633698","6.4372880866228","6.37756585529525","6.31181739373735","6.22571829032749","6.12138665338542","5.99437112849732","5.86095660731806","5.73215617303728","5.59166350669767","5.45989807226346","5.3006982006967","5.12980162518385","4.96525939653562","4.80567707895635","4.62503840917937","4.46042195357475","4.33412527967481","4.22281381517427","4.14044222495555","4.04137890905639","3.93057640432268","3.8271235820188","3.76354726128922","3.67100530727594","3.62182195458792","3.6100312048631","3.59441353508586","3.58130406581268","3.57177972392374","3.56282894271289","3.54610406035721","3.54106246026335","3.53015929601993","3.51235230424941","3.48219949137543","3.41866135030369","3.38993507836557","3.2999810388616","3.23197870200249","3.19426320279169","3.1492781508572","3.11585080940198","3.08429933241737","3.04961747732347","",
"Montenegro","MNE","Fertility rate, total (births per woman)","SP.DYN.TFRT.IN","3.532","3.487","3.443","3.382","3.279","3.186","3.093","2.912","2.795","2.791","2.687","2.673","2.611","2.512","2.434","2.381","2.352","2.307","2.247","2.197","2.217","2.193","2.186","2.166","2.136","2.129","2.091","2.07","2.006","1.938","1.945","2.015","2.013","1.955","1.936","1.958","1.922","1.886","1.893","1.884","1.903","1.855","1.813","1.804","1.734","1.69","1.73","1.8","1.89","1.98","1.7","1.65","1.72","1.73","1.75","1.7","1.8","1.8","1.8","1.8","1.75","1.75","1.8","1.74","1.8","",
"Mongolia","MNG","Fertility rate, total (births per woman)","SP.DYN.TFRT.IN","6.817","6.963","7.098","7.238","7.329","7.377","7.409","7.389","7.371","7.337","7.314","7.297","7.279","7.24","7.173","7.066","6.931","6.79","6.62","6.424","6.211","5.982","5.801","5.628","5.451","5.262","5.029","4.829","4.647","4.42","4.5","4","3.5","2.5","2.7","2.77","2.5","2.4","2.3","2.3","2.2","2.2","2.1","2","2","2","2.1","2.3","2.6","2.8","2.4","2.6","2.7","3","3.1","3","3","2.8","2.9","3","2.9","2.8","2.7","2.7","2.5","",
"Northern Mariana Islands","MNP","Fertility rate, total (births per woman)","SP.DYN.TFRT.IN","5.958","5.912","5.848","5.793","5.716","5.658","5.589","5.701","7.741","7.623","7.439","7.134","6.776","6.398","6.02","5.625","5.234","4.829","4.434","4.047","3.647","3.258","2.896","2.581","2.323","2.145","2.174","2.343","2.157","2.015","2.338","2.823","3.066","3.226","2.978","3.077","2.588","2.245","1.685","1.614","1.64","1.736","1.678","1.893","2.066","2.256","2.613","2.786","2.815","2.736","2.982","3.208","3.328","3.535","3.372","3.134","2.923","2.762","2.643","2.559","2.494","2.441","2.388","2.348","2.324","",
"Mozambique","MOZ","Fertility rate, total (births per woman)","SP.DYN.TFRT.IN","6.312","6.366","6.424","6.474","6.513","6.544","6.577","6.607","6.646","6.672","6.699","6.701","6.701","6.698","6.671","6.659","6.641","6.617","6.592","6.564","6.53","6.48","6.43","6.434","6.438","6.43","6.413","6.393","6.367","6.348","6.319","6.276","6.218","6.153","6.082","6.019","5.973","5.933","5.905","5.875","5.83","5.755","5.667","5.6","5.551","5.5","5.452","5.466","5.598","5.681","5.66","5.599","5.518","5.43","5.304","5.245","5.188","5.128","5.07","5.016","4.959","4.905","4.84","4.763","4.69","",
"Mauritania","MRT","Fertility rate, total (births per woman)","SP.DYN.TFRT.IN","6.149","6.199","6.244","6.312","6.37","6.444","6.516","6.568","6.603","6.643","6.677","6.696","6.706","6.718","6.73","6.713","6.727","6.736","6.727","6.702","6.671","6.635","6.588","6.541","6.483","6.423","6.343","6.271","6.213","6.195","6.175","6.157","6.126","6.093","6.058","5.962","5.861","5.743","5.623","5.524","5.456","5.407","5.373","5.364","5.374","5.376","5.404","5.426","5.436","5.406","5.384","5.38","5.352","5.317","5.261","5.211","5.157","5.106","5.044","4.984","4.912","4.848","4.77","4.697","4.625","",
"Mauritius","MUS","Fertility rate, total (births per woman)","SP.DYN.TFRT.IN","5.897","5.982","5.877","6.18","5.956","5.508","5.46","4.626","4.596","3.965","3.82","3.508","3.407","3.071","3.453","3.197","3.129","3.071","3.011","2.914","2.803","2.666","2.534","2.396","2.16","2.02","1.99","2.05","2.14","2.23","2.32","2.3","2.37","2.21","2.25","2.14","2.12","2.04","1.97","2.05","1.99","1.91","1.94","1.87","1.92","1.88","1.77","1.74","1.67","1.59","1.57","1.55","1.56","1.45","1.44","1.37","1.41","1.46","1.42","1.41","1.46","1.42","1.33","1.4","1.44","",
"Malawi","MWI","Fertility rate, total (births per woman)","SP.DYN.TFRT.IN","7.042","7.067","7.095","7.127","7.114","7.126","7.174","7.213","7.262","7.274","7.295","7.311","7.326","7.338","7.344","7.359","7.387","7.408","7.434","7.465","7.518","7.493","7.451","7.361","7.265","7.17","7.069","6.97","6.876","6.803","6.74","6.681","6.63","6.573","6.488","6.392","6.285","6.231","6.205","6.124","6.002","5.943","5.903","5.875","5.864","5.848","5.802","5.724","5.609","5.453","5.263","5.083","4.902","4.759","4.569","4.384","4.216","4.113","4.021","3.952","3.877","3.791","3.72","3.648","3.59","",
"Malaysia","MYS","Fertility rate, total (births per woman)","SP.DYN.TFRT.IN","6.412","6.367","6.296","6.191","6.03","5.836","5.635","5.433","5.291","5.159","5.035","4.924","4.822","4.727","4.619","4.501","4.398","4.282","4.179","4.091","4.035","4.002","3.967","3.928","3.885","3.804","3.699","3.565","3.502","3.313","3.304","3.339","3.373","3.364","3.346","3.317","3.297","3.227","3.12","3.068","2.942","2.807","2.658","2.601","2.493","2.391","2.308","2.252","2.262","2.223","2.144","2.153","2.117","2.07","2.058","2.008","1.942","1.893","1.838","1.777","1.68","1.555","1.55","1.55","1.543","",
"North America","NAC","Fertility rate, total (births per woman)","SP.DYN.TFRT.IN","3.66813374560788","3.63201562109414","3.48089756292059","3.34515625898632","3.21426362953675","2.9315842104351","2.72360870168464","2.55520218544864","2.45666564485671","2.44445110698431","2.458880480005","2.2539154241962","2.00714130327638","1.88012802121368","1.83523683103097","1.77893712306794","1.74374906104459","1.78918658052099","1.76080080719687","1.80261317020283","1.82954712372149","1.80075567125157","1.81368498975695","1.78708490511878","1.7908093348366","1.82658666082488","1.82123855593193","1.85271622980068","1.90835624301518","1.98906710243302","2.05518103599582","2.02732259209113","2.01153078620432","1.98574388953226","1.96962896425723","1.94657086051667","1.9407821446047","1.93029633691809","1.9546128046502","1.96138322623082","2.00104445286266","1.98111559022242","1.97003758809819","1.9973357672637","2.00195357868507","2.00891827912543","2.05978280204498","2.074587380697","2.03436462442012","1.97033818233665","1.90241045540461","1.86754587684267","1.85497020907638","1.83232546339748","1.83688870286129","1.81894736304592","1.79727819078773","1.74371916045505","1.70714584622083","1.68176811100914","1.61762838954821","1.64085346339155","1.62341394358005","1.5795114200617","1.58553507990607","",
"Namibia","NAM","Fertility rate, total (births per woman)","SP.DYN.TFRT.IN","6.243","6.293","6.35","6.408","6.428","6.445","6.472","6.485","6.502","6.508","6.52","6.521","6.533","6.54","6.552","6.533","6.494","6.441","6.384","6.314","6.238","6.159","6.078","5.995","5.94","5.877","5.793","5.699","5.609","5.517","5.398","5.29","5.107","4.905","4.676","4.417","4.201","4.166","4.176","4.138","3.991","3.827","3.693","3.58","3.545","3.571","3.601","3.608","3.616","3.633","3.657","3.658","3.676","3.653","3.635","3.604","3.574","3.511","3.462","3.404","3.349","3.303","3.248","3.212","3.211","",
"New Caledonia","NCL","Fertility rate, total (births per woman)","SP.DYN.TFRT.IN","5.436","5.465","5.388","5.343","5.368","5.311","5.248","5.15","5.058","5.008","5.07","5.051","5.047","4.932","4.686","4.456","4.231","4.054","3.875","3.749","3.659","3.586","3.484","3.353","3.164","3.046","3.079","3.081","3.083","3.057","3.1","3.072","2.948","2.823","2.715","2.652","2.654","2.646","2.547","2.484","2.509","2.422","2.347","2.268","2.243","2.227","2.241","2.215","2.204","2.194","2.187","2.2","2.202","2.167","2.118","2.079","2.078","2.043","2.041","2.05","2.022","2.012","1.998","1.98","1.964","",
"Niger","NER","Fertility rate, total (births per woman)","SP.DYN.TFRT.IN","7.53","7.512","7.501","7.489","7.48","7.466","7.481","7.49","7.497","7.506","7.514","7.518","7.523","7.529","7.539","7.539","7.563","7.595","7.662","7.722","7.782","7.822","7.862","7.902","7.921","7.932","7.904","7.871","7.841","7.818","7.806","7.798","7.795","7.79","7.786","7.776","7.78","7.802","7.84","7.84","7.829","7.81","7.797","7.789","7.777","7.769","7.744","7.726","7.702","7.679","7.64","7.592","7.527","7.445","7.342","7.215","7.043","6.874","6.706","6.537","6.369","6.2","6.135","6.061","5.935","",
"Nigeria","NGA","Fertility rate, total (births per woman)","SP.DYN.TFRT.IN","6.364","6.353","6.356","6.349","6.362","6.367","6.386","6.401","6.42","6.438","6.466","6.532","6.579","6.633","6.703","6.773","6.806","6.862","6.921","6.887","6.847","6.82","6.799","6.775","6.701","6.616","6.557","6.504","6.498","6.494","6.459","6.426","6.391","6.354","6.319","6.273","6.217","6.138","6.069","6.082","6.124","6.128","6.116","6.1","6.09","6.063","6.053","6.027","6.024","5.993","5.948","5.893","5.797","5.694","5.622","5.503","5.343","5.182","5.021","4.861","4.7","4.636","4.552","4.482","4.382","",
"Nicaragua","NIC","Fertility rate, total (births per woman)","SP.DYN.TFRT.IN","7.159","7.112","7.1","7.081","7.064","7.033","6.99","6.94","6.885","6.825","6.773","6.714","6.653","6.586","6.521","6.445","6.366","6.28","6.164","6.069","5.959","5.84","5.737","5.611","5.488","5.359","5.217","5.073","4.931","4.762","4.596","4.432","4.267","4.102","3.937","3.775","3.62","3.473","3.339","3.218","3.12","2.996","2.887","2.827","2.784","2.765","2.733","2.697","2.66","2.626","2.596","2.558","2.527","2.492","2.463","2.434","2.407","2.378","2.347","2.321","2.299","2.265","2.24","2.218","2.206","",
"Netherlands","NLD","Fertility rate, total (births per woman)","SP.DYN.TFRT.IN","3.12","3.22","3.18","3.19","3.17","3.04","2.9","2.81","2.72","2.75","2.57","2.36","2.15","1.9","1.77","1.66","1.63","1.58","1.58","1.56","1.6","1.56","1.5","1.47","1.49","1.51","1.55","1.56","1.55","1.55","1.62","1.61","1.59","1.57","1.57","1.53","1.53","1.56","1.63","1.65","1.72","1.71","1.73","1.75","1.72","1.71","1.72","1.72","1.77","1.79","1.79","1.76","1.72","1.68","1.71","1.66","1.66","1.62","1.59","1.57","1.54","1.62","1.49","1.43","1.43","",
"Norway","NOR","Fertility rate, total (births per woman)","SP.DYN.TFRT.IN","2.85","2.94","2.91","2.93","2.98","2.94","2.9","2.81","2.75","2.7","2.5","2.49","2.38","2.23","2.13","1.98","1.86","1.75","1.77","1.75","1.72","1.7","1.71","1.66","1.66","1.68","1.71","1.74","1.84","1.89","1.93","1.92","1.88","1.86","1.87","1.87","1.89","1.86","1.81","1.85","1.85","1.78","1.75","1.8","1.83","1.84","1.9","1.9","1.96","1.98","1.95","1.88","1.85","1.78","1.75","1.72","1.71","1.62","1.56","1.53","1.48","1.55","1.41","1.4","1.45","",
"Nepal","NPL","Fertility rate, total (births per woman)","SP.DYN.TFRT.IN","6.069","6.093","6.082","6.056","6.043","6.007","5.98","5.954","5.944","5.893","5.869","5.845","5.801","5.701","5.75","5.733","5.717","5.688","5.676","5.644","5.603","5.576","5.549","5.536","5.509","5.457","5.4","5.348","5.307","5.258","5.211","5.151","5.074","5.042","4.964","4.869","4.668","4.442","4.275","4.13","3.984","3.793","3.604","3.439","3.279","3.115","2.967","2.857","2.737","2.63","2.541","2.462","2.42","2.36","2.319","2.273","2.226","2.173","2.12","2.08","2.051","2.025","2.002","1.984","1.961","",
"Naoero","NRU","Fertility rate, total (births per woman)","SP.DYN.TFRT.IN","5.337","5.376","5.423","5.441","5.473","5.476","5.412","5.294","5.139","4.942","4.74","4.541","4.355","4.192","4.067","3.972","3.899","3.858","3.843","3.847","3.878","3.935","3.993","4.056","4.108","4.144","4.149","4.143","4.114","4.068","4.02","3.991","3.952","3.887","3.837","3.808","3.775","3.738","3.683","3.636","3.543","3.461","3.4","3.388","3.378","3.377","3.4","3.504","3.665","3.847","4.019","4.117","4.115","4.098","4.085","4.075","4.027","3.879","3.683","3.531","3.466","3.425","3.379","3.331","3.29","",
"New Zealand","NZL","Fertility rate, total (births per woman)","SP.DYN.TFRT.IN","4.24","4.31","4.19","4.05","3.8","3.54","3.41","3.35","3.34","3.28","3.17","3.18","3","2.76","2.58","2.37","2.27","2.21","2.07","2.12","2.03","2.01","1.95","1.92","1.93","1.93","1.96","2.03","2.1","2.12","2.18","2.09","2.06","2.04","1.98","1.98","1.96","1.96","1.89","1.97","1.98","1.97","1.89","1.93","1.98","1.97","2.01","2.18","2.19","2.13","2.17","2.09","2.1","2.01","1.92","1.99","1.87","1.81","1.71","1.72","1.62","1.65","1.67","1.57","1.57","",
"OECD members","OED","Fertility rate, total (births per woman)","SP.DYN.TFRT.IN","3.29166295110634","3.29402698110936","3.25798848327678","3.24049738179773","3.22414424921038","3.13394734453346","2.98158605876005","2.99629359355646","2.91725068434988","2.87748595113743","2.84209798002931","2.77600904814107","2.63921208443236","2.55091136899146","2.49021013596253","2.39708301306012","2.33094581227784","2.29224918369633","2.24327126183776","2.23831295346555","2.21569108575995","2.1654293820472","2.1463006685449","2.10218258413935","2.06685066946888","2.05683203658878","2.02983829885507","2.01221010842114","2.01439023876189","2.00429799546611","2.01068908264717","1.98660819799179","1.96230165600952","1.92788878896953","1.90586739279464","1.86678622675595","1.85445902962881","1.84061039237384","1.83385661284465","1.82151158689551","1.83459775158699","1.80289177371102","1.78192463550939","1.78502980323359","1.78984663868265","1.78381673612008","1.81362469163865","1.82970853791825","1.83387500814556","1.80424351640786","1.7911408975842","1.76778605469718","1.77018851627096","1.74599532546803","1.75288051976034","1.74079217609516","1.72758934224375","1.69386261779845","1.66603190210395","1.6314271148878","1.58203437325954","1.58670766961191","1.54692491605884","1.49322582670193","1.47751261883453","",
"Oman","OMN","Fertility rate, total (births per woman)","SP.DYN.TFRT.IN","7.277","7.287","7.318","7.334","7.37","7.391","7.412","7.437","7.462","7.489","7.523","7.558","7.588","7.625","7.672","7.711","7.743","7.781","7.818","7.85","7.887","7.904","7.837","7.748","7.642","7.512","7.352","7.175","6.953","6.717","6.456","6.197","5.919","5.638","5.359","5.067","4.79","4.524","4.274","4.064","3.852","3.662","3.51","3.371","3.2","3.029","2.879","2.761","2.762","2.829","2.973","2.955","2.928","2.954","2.97","2.965","2.949","2.923","2.81","2.696","2.638","2.588","2.449","2.525","2.508","",
"Other small states","OSS","Fertility rate, total (births per woman)","SP.DYN.TFRT.IN","4.43553319926391","4.44231830252624","4.41616769116931","4.41312019150741","4.37588020986634","4.29245629927384","4.26246217577661","4.13496236671409","4.13848464302128","4.07673900918692","4.04582781244828","4.0179841246719","3.98188798026398","3.83047216403652","3.85788799764731","3.83089799283177","3.84499769346951","3.80577844531965","3.79541435028169","3.8004249100833","3.81850996493011","3.8163209455894","3.82519148214846","3.82322447971302","3.78721508534243","3.74623187036365","3.73884459605047","3.74454820807941","3.75290210269595","3.72478010436665","3.69560131554265","3.62255640517387","3.58664201169041","3.44912460438731","3.37323117787559","3.27655452975608","3.21764719518544","3.13161648579753","3.06378256198961","2.99152108219451","2.92483162722691","2.86914988750942","2.84792307313871","2.81507532453356","2.79320088978675","2.75075169301356","2.7102878305936","2.68571770492518","2.66460894391143","2.62743564380249","2.57070137121236","2.51548420470119","2.4760971205039","2.41290393519565","2.37748483573675","2.32480125606495","2.2971690514612","2.25077965889989","2.20951794456377","2.16887799331057","2.14456415435879","2.12553722727087","2.06944285024068","2.03998731840646","2.01596667994834","",
"Pakistan","PAK","Fertility rate, total (births per woman)","SP.DYN.TFRT.IN","6.8","6.8","6.8","6.8","6.8","6.8","6.8","6.8","6.8","6.8","6.801","6.802","6.805","6.808","6.811","6.812","6.808","6.799","6.783","6.761","6.734","6.704","6.674","6.644","6.615","6.585","6.554","6.518","6.476","6.425","6.364","6.291","6.207","6.112","6.008","5.894","5.771","5.642","5.507","5.462","5.352","5.182","5.012","4.894","4.685","4.595","4.589","4.554","4.515","4.465","4.398","4.305","4.204","4.125","4.055","3.988","3.902","3.9","3.855","3.81","3.765","3.72","3.662","3.605","3.547","",
"Panama","PAN","Fertility rate, total (births per woman)","SP.DYN.TFRT.IN","5.829","5.865","5.872","5.865","5.808","5.728","5.649","5.534","5.411","5.287","5.175","5.054","4.908","4.741","4.576","4.414","4.264","4.118","3.984","3.884","3.796","3.723","3.659","3.601","3.519","3.427","3.339","3.251","3.173","3.121","3.072","2.999","2.95","2.909","2.877","2.852","2.83","2.81","2.789","2.767","2.744","2.72","2.698","2.679","2.68","2.643","2.62","2.612","2.608","2.593","2.587","2.604","2.591","2.569","2.552","2.53","2.502","2.462","2.402","2.288","2.184","2.152","2.139","2.119","2.106","",
"Peru","PER","Fertility rate, total (births per woman)","SP.DYN.TFRT.IN","6.941","6.923","6.895","6.858","6.81","6.75","6.68","6.6","6.513","6.418","6.316","6.207","6.091","5.968","5.841","5.709","5.575","5.44","5.305","5.171","5.041","4.915","4.795","4.68","4.568","4.46","4.354","4.247","4.138","4.026","3.912","3.794","3.673","3.552","3.432","3.315","3.203","3.099","3.002","2.917","2.845","2.744","2.693","2.661","2.673","2.643","2.619","2.583","2.528","2.48","2.421","2.413","2.356","2.317","2.271","2.229","2.189","2.152","2.118","2.086","2.056","2.029","2.004","1.98","1.965","",
"Philippines","PHL","Fertility rate, total (births per woman)","SP.DYN.TFRT.IN","6.996","6.994","6.98","6.952","6.886","6.799","6.691","6.572","6.448","6.333","6.218","6.083","5.937","5.787","5.693","5.596","5.505","5.442","5.393","5.255","5.108","4.973","4.917","4.867","4.77","4.664","4.563","4.509","4.449","4.365","4.322","4.273","4.161","4.098","4.079","4.067","4.004","3.943","3.884","3.825","3.754","3.719","3.651","3.591","3.524","3.448","3.466","3.403","3.401","3.376","3.315","3.236","3.143","3.042","2.894","2.829","2.679","2.525","2.378","2.215","2.075","1.95","1.929","1.916","1.894","",
"Palau","PLW","Fertility rate, total (births per woman)","SP.DYN.TFRT.IN","7.189","7.173","7.145","7.117","7.076","7.014","6.932","6.836","6.714","6.576","6.387","6.164","5.896","5.592","5.258","4.903","4.526","4.09","3.74","3.486","3.351","3.276","3.22","3.143","3.08","3.01","2.976","2.933","2.905","2.917","2.881","2.742","2.71","2.727","2.661","2.553","2.39","2.187","2.006","1.906","1.819","1.87","1.923","1.962","1.989","2.017","1.996","1.968","1.947","1.935","1.937","1.965","2.006","2.054","2.032","2.002","2.055","2.019","1.97","1.984","1.972","1.95","1.927","1.907","1.883","",
"Papua New Guinea","PNG","Fertility rate, total (births per woman)","SP.DYN.TFRT.IN","6.018","6.074","6.135","6.153","6.191","6.203","6.232","6.242","6.252","6.258","6.25","6.229","6.197","6.16","6.114","6.065","6.018","5.957","5.879","5.785","5.705","5.645","5.587","5.563","5.514","5.47","5.415","5.359","5.302","5.243","5.18","5.109","5.033","4.962","4.87","4.78","4.728","4.679","4.632","4.587","4.525","4.469","4.419","4.362","4.283","4.22","4.148","4.076","4.015","3.941","3.883","3.816","3.746","3.684","3.625","3.558","3.495","3.432","3.382","3.322","3.274","3.215","3.165","3.099","3.072","",
"Poland","POL","Fertility rate, total (births per woman)","SP.DYN.TFRT.IN","2.98","2.83","2.72","2.7","2.57","2.52","2.34","2.33","2.24","2.2","2.2","2.25","2.24","2.26","2.26","2.27","2.3","2.23","2.21","2.28","2.28","2.24","2.34","2.42","2.37","2.33","2.22","2.15","2.13","2.08","2.06","2.07","1.95","1.87","1.81","1.62","1.59","1.51","1.44","1.37","1.37","1.31","1.25","1.22","1.23","1.24","1.27","1.31","1.39","1.4","1.41","1.33","1.33","1.29","1.32","1.32","1.39","1.48","1.46","1.44","1.39","1.33","1.29","1.2","1.14","",
"Pre-demographic dividend","PRE","Fertility rate, total (births per woman)","SP.DYN.TFRT.IN","6.56662801163333","6.60055972693787","6.66554903176534","6.68490822841446","6.70898697730248","6.73233418841554","6.76221515508385","6.78815796443845","6.8138127304098","6.83519343587466","6.85654376074631","6.88547303710296","6.90528412724253","6.9212918531526","6.94415307838951","6.96172743626597","6.96801755020554","6.97897642320411","6.98585370225635","6.97066032283576","6.95045021197231","6.92575423277872","6.8966380864681","6.86555877742312","6.82129820073565","6.77460335533047","6.73420504572399","6.69100594054199","6.65368222001922","6.61464889357143","6.56709818363035","6.51811142496034","6.46816246255964","6.41785817841486","6.36514803439681","6.31880472327215","6.27041626457674","6.22507654193345","6.17920230871861","6.14419079592998","6.10938568681575","6.06113435324574","6.01254448990637","5.96807022513496","5.93329623830601","5.8930903290518","5.85896240059216","5.81489319470305","5.78001838282773","5.73845477829302","5.68765836081891","5.62419526497303","5.54482220716802","5.45936452020446","5.3745875721949","5.27758547837422","5.17638728784659","5.07622222213331","4.97278203806297","4.87031052139648","4.77423459378646","4.70263586915934","4.6286765840402","4.55956571208229","4.48545615858786","",
"Puerto Rico (US)","PRI","Fertility rate, total (births per woman)","SP.DYN.TFRT.IN","4.796","4.51","4.359","4.525","4.108","4.044","3.817","3.569","3.381","3.315","3.243","3.291","3.058","2.93","2.882","2.772","2.863","2.923","2.9","2.846","2.815","2.711","2.613","2.456","2.353","2.351","2.355","2.328","2.307","2.386","2.378","2.302","2.29","2.307","2.278","2.248","1.94","1.9","1.9","2","2.0485","1.9346","1.8317","1.7624","1.7822","1.7702","1.7123","1.6505","1.6516","1.6528","1.6235","1.5965","1.5425","1.47","1.432","1.3365","1.2425","1.101","1.035","0.982","0.922","0.907","0.914","0.92","0.92","",
"Korea, Dem. People's Rep.","PRK","Fertility rate, total (births per woman)","SP.DYN.TFRT.IN","3.568","3.261","3.412","3.626","3.547","3.556","3.709","4.05","3.872","3.86","3.848","3.739","3.889","3.353","3.142","3.047","2.836","2.771","2.793","2.849","2.841","2.921","2.854","2.777","2.708","2.646","2.594","2.529","2.468","2.412","2.388","2.351","2.287","2.218","2.183","2.146","2.093","2.027","1.991","1.966","1.941","1.94","1.919","1.909","1.899","1.872","1.936","1.943","1.97","1.905","1.89","1.883","1.882","1.877","1.874","1.863","1.856","1.848","1.834","1.825","1.821","1.806","1.797","1.78","1.784","",
"Portugal","PRT","Fertility rate, total (births per woman)","SP.DYN.TFRT.IN","3.16","3.21","3.23","3.12","3.21","3.15","3.16","3.16","3.12","3.12","3.01","3","2.86","2.77","2.7","2.75","2.82","2.69","2.45","2.31","2.25","2.13","2.07","1.95","1.9","1.72","1.66","1.62","1.61","1.57","1.56","1.56","1.54","1.52","1.45","1.41","1.44","1.47","1.47","1.5","1.55","1.45","1.46","1.44","1.4","1.41","1.37","1.35","1.39","1.34","1.39","1.35","1.28","1.21","1.24","1.31","1.37","1.38","1.42","1.44","1.42","1.35","1.43","1.45","1.41","",
"Paraguay","PRY","Fertility rate, total (births per woman)","SP.DYN.TFRT.IN","6.5","6.489","6.472","6.447","6.421","6.345","6.231","6.097","5.972","5.837","5.718","5.591","5.458","5.351","5.272","5.177","5.117","5.078","5.036","5.062","5.102","5.153","5.126","5.087","5.037","4.974","4.929","4.847","4.774","4.681","4.565","4.481","4.402","4.282","4.196","4.108","4.014","3.911","3.798","3.67","3.508","3.361","3.233","3.123","3.053","2.973","2.889","2.823","2.792","2.757","2.695","2.667","2.658","2.636","2.646","2.645","2.624","2.591","2.561","2.525","2.497","2.469","2.444","2.422","2.416","",
"West Bank and Gaza","PSE","Fertility rate, total (births per woman)","SP.DYN.TFRT.IN","","","","","","","","","","","","","","","","","","","","","","","","","","","","","","","6.809","6.751","6.65","6.501","6.334","6.161","5.988","5.817","5.693","5.583","5.457","5.342","5.216","5.062","4.971","4.867","4.739","4.627","4.509","4.44","4.434","4.305","4.154","4.049","3.995","3.977","3.887","3.771","3.674","3.591","3.511","3.442","3.375","3.311","3.25","",
"Pacific island small states","PSS","Fertility rate, total (births per woman)","SP.DYN.TFRT.IN","6.73252609084681","6.68692128878523","6.6309512157966","6.56011023452287","6.48655735163829","6.37294933436513","6.25356171815875","6.13191629600786","6.0013774379391","5.88179501305971","5.75774198305635","5.62580491610765","5.49075937567605","5.37386832349666","5.29230450344522","5.27330656860281","5.24568436561601","5.19841334686475","5.15568258118052","5.10626892152422","5.04994891007165","4.99439421063257","4.93990849745445","4.87836243059184","4.80830063966044","4.70694958024276","4.607044442129","4.53354416250919","4.46780919248984","4.40934287958665","4.36207209943173","4.31127844965516","4.25954187033857","4.21340625097476","4.16950131434112","4.13821481391389","4.09927768167576","4.02698846443694","3.95406182461895","3.88111353640641","3.81671595073823","3.77032425634367","3.72782313604195","3.68834695321623","3.65298369000911","3.620763176744","3.60508810121026","3.58890472455203","3.56930676629901","3.54391950880304","3.51570587097517","3.48820562877606","3.47172473933368","3.45654427789758","3.44819359331922","3.41085700200253","3.35982740867531","3.29401840298443","3.2372619244172","3.17968996269514","3.1447759920452","3.10974098279504","3.06729870639623","3.02800394339178","3.00590037111189","",
"Post-demographic dividend","PST","Fertility rate, total (births per woman)","SP.DYN.TFRT.IN","2.90442808882196","2.89913330836884","2.85868750998634","2.83396459231029","2.81292153515288","2.71519645053927","2.56529050732116","2.58088773510042","2.50353514456318","2.46607953720604","2.43590113001576","2.37263596195446","2.23465110023601","2.14412983918634","2.09130536346732","1.99967534949052","1.93674477332401","1.90320318841547","1.8565118042829","1.86239640401873","1.85162766864119","1.80682020985859","1.79855404036468","1.76680323023348","1.74013455194628","1.73770173077924","1.72607851153094","1.72046748079298","1.74027507110101","1.73303543191527","1.75107145787354","1.72476315621837","1.70294656872951","1.66313837131592","1.64181281287822","1.60941269327432","1.60338102612505","1.59424123197257","1.59084682406829","1.58592177338232","1.61569056232377","1.5889209744441","1.58132965799612","1.5982496478935","1.61251200971927","1.61201140715546","1.65744164035342","1.68545174832742","1.6981163842684","1.67245587489248","1.66079042885459","1.64471429950164","1.65174368416002","1.62535077671773","1.63311029685644","1.62863672974611","1.62231566802328","1.58028096100032","1.550289674881","1.51916802759849","1.47464307413073","1.48902982121868","1.4415122069188","1.3972378902435","1.38617793642855","",
"French Polynesia","PYF","Fertility rate, total (births per woman)","SP.DYN.TFRT.IN","5.931","5.946","5.968","5.975","5.98","6","5.981","5.951","5.9","5.818","5.628","5.446","5.272","5.091","4.906","4.713","4.512","4.366","4.045","3.941","3.935","3.934","3.797","3.743","3.834","3.862","3.714","3.622","3.748","3.49","3.434","3.259","3.15","3.084","2.942","2.781","2.716","2.59","2.49","2.581","2.596","2.523","2.425","2.26","2.198","2.181","2.217","2.122","2.195","2.148","2.165","2.061","2.026","1.937","1.957","1.872","1.763","1.669","1.645","1.567","1.57","1.532","1.515","1.501","1.491","",
"Qatar","QAT","Fertility rate, total (births per woman)","SP.DYN.TFRT.IN","6.531","6.526","6.53","6.527","6.525","6.527","6.521","6.462","6.392","6.311","6.228","6.145","6.073","6.008","5.935","5.861","5.782","5.691","5.577","5.461","5.329","5.196","5.044","4.898","4.756","4.642","4.565","4.539","4.515","4.412","4.23","3.988","3.852","3.765","3.665","3.557","3.444","3.327","3.211","3.117","3.073","3.08","3.011","2.925","2.794","2.635","2.509","2.438","2.369","2.254","2.137","2.07","2.04","2.032","2.03","1.976","1.856","1.834","1.756","1.731","1.675","1.605","1.739","1.729","1.717","",
"Romania","ROU","Fertility rate, total (births per woman)","SP.DYN.TFRT.IN","2.34","2.17","2.04","2.01","1.96","1.91","1.9","3.66","3.63","3.19","2.89","2.67","2.55","2.44","2.71","2.59","2.54","2.57","2.52","2.49","2.43","2.36","2.17","2.06","2.26","2.31","2.39","2.38","2.3","2.22","1.83","1.59","1.51","1.43","1.4","1.33","1.3","1.32","1.32","1.3","1.31","1.27","1.27","1.3","1.33","1.4","1.42","1.45","1.6","1.66","1.59","1.47","1.52","1.46","1.56","1.62","1.69","1.78","1.76","1.77","1.8","1.81","1.71","1.54","1.39","",
"Russian Federation","RUS","Fertility rate, total (births per woman)","SP.DYN.TFRT.IN","2.52","2.45","2.36","2.27","2.18","2.13","2.1","2.04","1.99","1.97","1.99","2.03","2.04","2.01","2","1.98","1.97","1.95","1.92","1.9","1.89","1.91","2.04","2.11","2.06","2.05","2.15","2.22","2.12","2.01","1.892","1.732","1.552","1.385","1.4","1.337","1.27","1.218","1.232","1.157","1.195","1.223","1.286","1.319","1.344","1.294","1.305","1.416","1.502","1.542","1.567","1.582","1.691","1.707","1.75","1.777","1.762","1.621","1.579","1.504","1.505","1.505","1.416","1.41","1.418","",
"Rwanda","RWA","Fertility rate, total (births per woman)","SP.DYN.TFRT.IN","8.283","8.279","8.271","8.269","8.266","8.249","8.23","8.211","8.187","8.176","8.145","8.092","8.089","8.092","8.102","8.096","8.122","8.138","8.157","8.13","8.115","8.102","8.064","8.001","7.913","7.786","7.612","7.426","7.234","7.029","6.803","6.622","6.539","6.479","6.415","6.345","6.289","6.235","6.171","6.059","5.967","5.893","5.816","5.737","5.64","5.5","5.335","5.141","4.922","4.707","4.522","4.332","4.201","4.136","4.117","4.108","4.106","4.084","4.047","3.985","3.913","3.841","3.778","3.698","3.645","",
"South Asia","SAS","Fertility rate, total (births per woman)","SP.DYN.TFRT.IN","5.99643314493816","6.01292550013622","6.02832846438143","6.0398677590804","6.04572178301191","6.008650221683","5.95428427460588","5.90764870193796","5.84957895939763","5.78200152561332","5.73113650750894","5.67694375572139","5.60130386870779","5.52599428260385","5.45583178561272","5.33807896974918","5.27444137494508","5.15974663561678","5.05130631651815","4.97314912067142","4.93210389308236","4.85508043055275","4.76963779583485","4.69716379179166","4.63543091770381","4.54089790157858","4.48421257180628","4.38245113866164","4.28044288663875","4.18658328511583","4.09079809478255","3.98965383518945","3.89236745569418","3.80300535566384","3.72552810756277","3.64485252790157","3.57154357867819","3.50744412442615","3.43651880803499","3.37233736803084","3.33395356090725","3.28308388400588","3.19828354094027","3.10343433102198","3.02541628348848","2.93687989722614","2.84697285381899","2.75669654521409","2.68905082515755","2.64443180727681","2.56574779030977","2.50022514366302","2.44177823996936","2.37827206529081","2.28396274115946","2.27891070577889","2.2733060135155","2.19158171903298","2.18134059924297","2.12407623256393","2.06019382226457","2.03102990361988","2.01401171309975","1.99556441998933","1.98099187797599","",
"Saudi Arabia","SAU","Fertility rate, total (births per woman)","SP.DYN.TFRT.IN","7.626","7.634","7.636","7.654","7.672","7.658","7.655","7.658","7.627","7.597","7.583","7.556","7.539","7.484","7.426","7.37","7.33","7.295","7.263","7.227","7.145","7.067","6.979","6.875","6.776","6.649","6.517","6.343","6.15","5.975","5.804","5.644","5.489","5.326","5.161","4.986","4.812","4.656","4.524","4.354","4.206","3.964","3.709","3.465","3.264","3.161","3.176","3.185","3.074","2.95","2.81","2.8","2.78","2.67","2.68","2.63","2.65","2.67","2.67","2.49","2.27","2.17","2.14","2.28","2.308","",
"Sudan","SDN","Fertility rate, total (births per woman)","SP.DYN.TFRT.IN","6.663","6.656","6.704","6.758","6.804","6.84","6.879","6.909","6.946","6.967","6.986","7.019","6.983","6.939","6.909","6.866","6.823","6.775","6.72","6.651","6.592","6.528","6.473","6.413","6.343","6.279","6.225","6.175","6.132","6.106","6.074","6.05","6.019","5.97","5.912","5.856","5.792","5.717","5.646","5.622","5.596","5.562","5.531","5.489","5.455","5.397","5.332","5.27","5.212","5.173","5.141","5.087","5.031","4.965","4.912","4.898","4.829","4.761","4.681","4.617","4.542","4.457","4.384","4.323","4.264","",
"Senegal","SEN","Fertility rate, total (births per woman)","SP.DYN.TFRT.IN","6.996","7.038","7.079","7.12","7.157","7.19","7.217","7.237","7.251","7.259","7.262","7.261","7.258","7.255","7.252","7.252","7.258","7.268","7.279","7.29","7.292","7.279","7.245","7.189","7.111","7.013","6.902","6.785","6.577","6.479","6.396","6.267","6.149","6.049","5.915","5.819","5.723","5.639","5.581","5.573","5.498","5.397","5.301","5.246","5.192","5.133","5.064","5.018","5.024","5.025","5.055","5.099","5.129","5.049","4.884","4.751","4.648","4.489","4.294","4.1","4.003","3.936","3.864","3.818","3.765","",
"Singapore","SGP","Fertility rate, total (births per woman)","SP.DYN.TFRT.IN","5.76","5.41","5.21","5.16","4.97","4.66","4.46","3.91","3.53","3.22","3.07","3.02","3.04","2.79","2.35","2.07","2.11","1.82","1.79","1.79","1.82","1.78","1.74","1.61","1.62","1.61","1.43","1.62","1.96","1.75","1.83","1.73","1.72","1.74","1.71","1.67","1.66","1.61","1.48","1.47","1.6","1.41","1.37","1.27","1.26","1.26","1.28","1.29","1.28","1.22","1.15","1.2","1.29","1.19","1.25","1.24","1.2","1.16","1.14","1.14","1.1","1.12","1.04","0.97","0.97","",
"Solomon Islands","SLB","Fertility rate, total (births per woman)","SP.DYN.TFRT.IN","7.065","7.052","7.042","7.034","7.047","7.017","6.997","6.974","6.948","6.974","6.983","6.985","6.992","7.001","7.01","6.988","6.954","6.915","6.871","6.822","6.768","6.709","6.64","6.569","6.489","6.375","6.259","6.115","5.99","5.867","5.74","5.62","5.509","5.453","5.398","5.335","5.221","5.093","4.977","4.861","4.757","4.673","4.602","4.539","4.466","4.411","4.39","4.372","4.358","4.349","4.341","4.335","4.332","4.325","4.36","4.291","4.2","4.06","3.93","3.8","3.749","3.694","3.62","3.557","3.513","",
"Sierra Leone","SLE","Fertility rate, total (births per woman)","SP.DYN.TFRT.IN","6.175","6.205","6.222","6.261","6.294","6.311","6.345","6.383","6.385","6.393","6.411","6.429","6.447","6.473","6.534","6.546","6.553","6.568","6.591","6.582","6.562","6.554","6.563","6.573","6.592","6.592","6.597","6.609","6.588","6.571","6.567","6.553","6.555","6.569","6.557","6.555","6.552","6.531","6.495","6.423","6.355","6.305","6.23","6.087","5.919","5.807","5.737","5.643","5.563","5.448","5.327","5.209","5.064","4.873","4.703","4.548","4.466","4.389","4.294","4.192","4.08","3.978","3.876","3.791","3.703","",
"El Salvador","SLV","Fertility rate, total (births per woman)","SP.DYN.TFRT.IN","6.618","6.644","6.675","6.69","6.684","6.636","6.565","6.487","6.386","6.278","6.178","6.13","6.032","5.929","5.822","5.705","5.59","5.473","5.357","5.234","5.107","4.986","4.826","4.65","4.478","4.316","4.194","4.175","4.103","4.033","3.964","3.889","3.802","3.691","3.613","3.568","3.482","3.377","3.342","3.217","3.076","2.93","2.775","2.636","2.516","2.44","2.395","2.354","2.291","2.261","2.239","2.224","2.187","2.154","2.126","2.067","1.965","1.896","1.849","1.838","1.819","1.803","1.785","1.775","1.768","",
"San Marino","SMR","Fertility rate, total (births per woman)","SP.DYN.TFRT.IN","2.428","2.684","2.434","2.401","2.368","2.334","2.326","2.305","2.299","2.312","2.316","2.326","2.286","2.227","2.134","2.053","1.947","1.868","1.771","1.634","1.525","1.412","1.304","1.248","1.198","1.17","1.147","1.135","1.14","1.145","1.162","1.167","1.15","1.123","1.138","1.166","1.212","1.243","1.263","1.288","1.404","1.519","1.432","1.296","1.298","1.198","1.242","1.257","1.521","1.358","1.459","1.456","1.289","1.483","1.259","1.196","1.127","1.054","1.077","1.096","1.113","1.125","1.136","1.149","1.158","",
"Somalia, Fed. Rep.","SOM","Fertility rate, total (births per woman)","SP.DYN.TFRT.IN","7.25","7.252","7.255","7.258","7.261","7.261","7.257","7.248","7.231","7.209","7.182","7.151","7.118","7.086","7.057","7.033","7.016","7.004","7.13","7.161","7.178","7.227","7.252","7.277","7.3","7.327","7.349","7.373","7.398","7.424","7.44","7.47","7.5","7.526","7.544","7.581","7.621","7.662","7.656","7.657","7.645","7.636","7.626","7.603","7.568","7.527","7.49","7.457","7.415","7.376","7.322","7.268","7.211","7.14","7.061","6.975","6.878","6.766","6.662","6.56","6.453","6.353","6.255","6.132","6.013","",
"Serbia","SRB","Fertility rate, total (births per woman)","SP.DYN.TFRT.IN","2.155","2.133","2.109","2.084","2.067","2.057","2.041","2.02","2.005","1.986","1.973","1.96","1.952","1.94","1.93","1.923","1.913","1.901","1.889","1.875","1.863","1.852","1.842","1.832","1.814","1.8","1.778","1.749","1.72","1.685","1.649","1.612","1.573","1.544","1.505","1.468","1.436","1.398","1.37","1.354","1.48","1.58","1.57","1.59","1.57","1.45","1.43","1.38","1.4","1.44","1.4","1.4","1.45","1.43","1.46","1.46","1.46","1.49","1.49","1.52","1.48","1.52","1.59","1.62","1.64","",
"Sub-Saharan Africa (excluding high income)","SSA","Fertility rate, total (births per woman)","SP.DYN.TFRT.IN","6.57196988453693","6.58591713503094","6.60409783575115","6.61978261961868","6.63618402650471","6.65052554469483","6.67751749971552","6.69407375098027","6.70878142450951","6.72023031061136","6.73554354198972","6.75661749405465","6.77150565858717","6.78300179160798","6.79699869484101","6.80663108998355","6.80581983567291","6.80776731245072","6.80864164191975","6.7930789174447","6.77378279307062","6.74853402374707","6.72140585403261","6.68606668488229","6.63859751497892","6.58752608505693","6.53953158552555","6.49096529712625","6.43469403580069","6.37406862953036","6.30169396522801","6.24362445642586","6.18266938975","6.12598444914198","6.06542836347105","6.00538810696115","5.93635568854403","5.86701889106876","5.8152364657414","5.77785446012645","5.73856057955036","5.69698628385059","5.65227984460684","5.61392051013749","5.58723992234398","5.55927643926956","5.52235933040796","5.47661821358078","5.44618915132223","5.38628310659721","5.32527948292266","5.254948928251","5.17832302263918","5.09736193130083","5.02399740321662","4.94344847931885","4.85995106134799","4.78052357143279","4.69691267361068","4.61354383302131","4.5299474909701","4.46466199317787","4.39683111818105","4.33275535683473","4.26440302699369","",
"South Sudan","SSD","Fertility rate, total (births per woman)","SP.DYN.TFRT.IN","7.161","7.178","7.195","7.196","7.22","7.222","7.254","7.257","7.264","7.281","7.286","7.296","7.311","7.311","7.314","7.326","7.331","7.325","7.329","7.32","7.328","7.332","7.343","7.342","7.346","7.357","7.378","7.386","7.376","7.374","7.377","7.377","7.37","7.36","7.346","7.337","7.321","7.199","7.078","6.937","6.803","6.654","6.515","6.353","6.19","6.022","5.853","5.704","5.569","5.446","5.318","5.193","5.061","4.939","4.818","4.695","4.579","4.483","4.37","4.26","4.16","4.047","3.964","3.864","3.785","",
"Sub-Saharan Africa","SSF","Fertility rate, total (births per woman)","SP.DYN.TFRT.IN","6.57174875625894","6.58571397663199","6.60390931197981","6.61960965449243","6.63602558528786","6.65037079830196","6.67742759702903","6.69394549154145","6.70860817214828","6.7200361226397","6.73532183446952","6.75645250897434","6.77125420377663","6.78269110823842","6.7967343383612","6.80630889159999","6.80539114000628","6.80728173287718","6.80818345335902","6.79258172397586","6.7733094448211","6.74804535299669","6.72084300489025","6.68553337409733","6.63808223802231","6.58700374526551","6.53902267912537","6.49043104120881","6.43415860530344","6.3735331775564","6.30116799131693","6.24312233043994","6.18216073969074","6.12549071485841","6.06494261706828","6.00488093479581","5.93585230570683","5.86649867780983","5.81471538432206","5.77733978302772","5.73806284105071","5.69649079369501","5.651794490577","5.61346001677165","5.58679066293546","5.55886459039657","5.52194469862556","5.47623519277637","5.44582414929526","5.38594110751952","5.3249188067387","5.25463649244861","5.17803015507136","5.09707350209557","5.02372228422288","4.9431932902334","4.85971762249433","4.78030554220341","4.69670936148689","4.61335183994473","4.52975965752977","4.46449950383708","4.39663166218222","4.33256591809805","4.26419372272935","",
"Small states","SST","Fertility rate, total (births per woman)","SP.DYN.TFRT.IN","5.04865766924653","5.03552907582376","5.01009234007915","4.98391911037869","4.92530495955916","4.82802742986413","4.7555031639122","4.60550269524895","4.55001710049727","4.44721007001788","4.37005595239641","4.30925214651874","4.23924938770938","4.09088509587017","4.04985715649814","3.98859891326763","3.95773790107696","3.90278679936425","3.86255603053693","3.843059029561","3.83058669809155","3.8136283267269","3.80782486272886","3.792366089428","3.74141500977054","3.69547865502722","3.65884390189411","3.63096284157512","3.60554374927883","3.56789282222232","3.53052336823988","3.46400893271946","3.42700755064521","3.31970069180441","3.25463711851323","3.17971560650481","3.12582680837849","3.05681584144018","2.99377495180415","2.93832626785539","2.88338396405506","2.83397156846564","2.79808658297244","2.75973626277179","2.73096021826351","2.70114835906174","2.67308581805192","2.65643240427313","2.64077949261718","2.61377707791796","2.56669877465077","2.52517925437292","2.49827762292214","2.45604144259637","2.43022184669341","2.38694558549376","2.35678843544394","2.31229338410542","2.27543779613053","2.23588073637083","2.21182765051718","2.18897309360233","2.14851609629362","2.12416179232397","2.10677723466158","",
"Sao Tome and Principe","STP","Fertility rate, total (births per woman)","SP.DYN.TFRT.IN","6.242","6.263","6.284","6.306","6.327","6.349","6.371","6.394","6.419","6.444","6.468","6.49","6.51","6.525","6.534","6.534","6.524","6.504","6.473","6.434","6.386","6.333","6.276","6.217","6.158","6.101","6.046","5.992","5.938","5.884","5.828","5.769","5.704","5.635","5.562","5.554","5.474","5.396","5.304","5.228","5.157","5.097","5.062","5.013","4.962","4.939","4.933","4.957","4.906","4.838","4.769","4.718","4.664","4.584","4.485","4.354","4.203","4.069","3.977","3.9","3.827","3.759","3.695","3.644","3.596","",
"Suriname","SUR","Fertility rate, total (births per woman)","SP.DYN.TFRT.IN","6.59","6.583","6.572","6.508","6.426","6.321","6.198","6.038","5.863","5.696","5.529","5.356","5.176","5.007","4.811","4.629","4.445","4.256","4.08","3.925","3.791","3.752","3.821","3.865","3.796","3.711","3.61","3.53","3.461","3.387","3.225","3.094","3.013","2.943","2.899","2.897","2.92","2.952","2.986","3.016","3.046","3.057","2.956","2.839","2.738","2.712","2.727","2.735","2.727","2.712","2.688","2.667","2.669","2.651","2.62","2.57","2.5","2.431","2.381","2.347","2.314","2.295","2.274","2.249","2.231","",
"Slovak Republic","SVK","Fertility rate, total (births per woman)","SP.DYN.TFRT.IN","3.04","2.96","2.83","2.92","2.89","2.78","2.66","2.48","2.39","2.43","2.41","2.43","2.49","2.56","2.61","2.55","2.55","2.49","2.47","2.45","2.32","2.29","2.28","2.28","2.26","2.26","2.2","2.14","2.13","2.07","2.09","2.05","1.93","1.87","1.67","1.52","1.47","1.43","1.37","1.33","1.3","1.2","1.19","1.2","1.25","1.27","1.25","1.27","1.34","1.44","1.43","1.45","1.34","1.34","1.37","1.4","1.48","1.52","1.54","1.57","1.59","1.63","1.57","1.49","1.46","",
"Slovenia","SVN","Fertility rate, total (births per woman)","SP.DYN.TFRT.IN","2.185","2.27","2.276","2.269","2.305","2.432","2.465","2.37","2.253","2.174","2.109","2.157","2.165","2.204","2.125","2.175","2.201","2.166","2.196","2.215","2.11","1.961","1.93","1.81","1.74","1.71","1.67","1.65","1.63","1.52","1.46","1.42","1.33","1.33","1.32","1.29","1.28","1.25","1.23","1.21","1.26","1.21","1.21","1.2","1.25","1.26","1.31","1.38","1.53","1.53","1.57","1.56","1.58","1.55","1.58","1.57","1.58","1.62","1.6","1.61","1.59","1.64","1.55","1.51","1.52","",
"Sweden","SWE","Fertility rate, total (births per woman)","SP.DYN.TFRT.IN","2.17","2.21","2.25","2.33","2.47","2.39","2.37","2.28","2.07","1.93","1.92","1.96","1.91","1.87","1.87","1.77","1.68","1.64","1.6","1.66","1.68","1.63","1.62","1.61","1.66","1.74","1.8","1.84","1.96","2.01","2.13","2.11","2.09","1.99","1.88","1.73","1.6","1.52","1.5","1.5","1.54","1.57","1.65","1.71","1.75","1.77","1.85","1.88","1.91","1.94","1.98","1.9","1.91","1.89","1.88","1.85","1.85","1.78","1.76","1.71","1.67","1.67","1.53","1.45","1.43","",
"Eswatini","SWZ","Fertility rate, total (births per woman)","SP.DYN.TFRT.IN","6.752","6.774","6.794","6.804","6.789","6.794","6.802","6.766","6.761","6.761","6.749","6.739","6.722","6.715","6.71","6.707","6.701","6.676","6.647","6.607","6.574","6.539","6.491","6.432","6.36","6.282","6.106","5.902","5.693","5.479","5.295","5.132","4.981","4.815","4.662","4.523","4.378","4.235","4.125","4.089","4.03","3.944","3.854","3.796","3.76","3.704","3.632","3.58","3.567","3.504","3.375","3.317","3.266","3.237","3.181","3.122","3.068","3.018","2.971","2.925","2.888","2.841","2.801","2.753","2.718","",
"Sint Maarten (Dutch part)","SXM","Fertility rate, total (births per woman)","SP.DYN.TFRT.IN","4.767","4.678","4.572","4.467","4.354","4.233","4.084","3.941","3.784","3.634","3.48","3.346","3.234","3.111","3.009","2.921","2.833","2.752","2.683","2.629","2.593","2.546","2.486","2.398","2.289","2.181","2.102","2.031","1.962","1.902","1.848","1.847","1.882","1.942","2.054","2.143","2.184","2.173","2.142","2.066","1.982","1.892","1.809","1.742","1.702","1.708","1.758","1.572","1.728","1.713","1.848","1.99","1.959","1.894","1.817","1.732","1.642","1.571","1.522","1.481","1.467","1.456","1.453","1.447","1.44","",
"Seychelles","SYC","Fertility rate, total (births per woman)","SP.DYN.TFRT.IN","5.313","5.422","5.513","5.606","5.694","5.716","6.126","5.895","5.614","5.479","5.307","5.689","5.155","4.784","5.099","4.752","4.086","3.754","3.919","3.66","3.79","3.665","3.131","3.218","3.24","3.091","3.074","2.922","2.789","2.671","2.607","2.692","2.526","2.582","2.597","2.361","2.311","2.1","2.04","2.04","2.08","1.98","2.04","2.06","2.01","2.2","2.11","2.24","2.33","2.38","2.13","2.3","2.32","2.21","2.19","2.26","2.33","2.34","2.34","2.31","2.2","2.38","2.2","2.18","1.85","",
"Syrian Arab Republic","SYR","Fertility rate, total (births per woman)","SP.DYN.TFRT.IN","7.505","7.502","7.51","7.511","7.525","7.532","7.552","7.556","7.569","7.586","7.621","7.6","7.573","7.548","7.52","7.486","7.448","7.418","7.345","7.247","7.119","6.974","6.811","6.692","6.586","6.484","6.365","6.201","5.999","5.777","5.561","5.342","5.141","4.994","4.856","4.697","4.536","4.371","4.25","4.144","4.068","3.976","3.865","3.763","3.679","3.605","3.562","3.538","3.481","3.415","3.355","3.285","3.221","3.165","3.117","3.067","3.012","2.972","2.932","2.878","2.837","2.798","2.746","2.712","2.7","",
"Turks and Caicos Islands","TCA","Fertility rate, total (births per woman)","SP.DYN.TFRT.IN","5.991","5.907","5.816","5.719","5.608","5.502","5.435","5.395","5.397","5.311","5.229","5.141","5.027","4.913","4.793","4.687","4.624","4.553","4.485","4.43","4.37","4.291","4.192","4.085","3.986","3.908","3.789","3.653","3.499","3.335","3.189","3.053","2.939","2.842","2.756","2.699","2.649","2.581","2.52","2.464","2.406","2.342","2.242","2.176","2.136","2.106","2.078","2.049","2.005","1.959","1.907","1.859","1.805","1.752","1.729","1.718","1.713","1.704","1.677","1.617","1.552","1.501","1.477","1.463","1.452","",
"Chad","TCD","Fertility rate, total (births per woman)","SP.DYN.TFRT.IN","6.25","6.268","6.285","6.301","6.318","6.337","6.362","6.393","6.432","6.477","6.528","6.582","6.85","6.869","6.864","6.876","6.893","6.896","6.891","6.905","6.908","6.942","6.961","6.979","7.015","7.037","7.067","7.105","7.154","7.186","7.219","7.261","7.296","7.337","7.31","7.29","7.292","7.274","7.266","7.262","7.249","7.231","7.201","7.179","7.16","7.134","7.118","7.092","7.063","7.021","6.99","6.948","6.905","6.839","6.781","6.706","6.623","6.537","6.464","6.412","6.346","6.255","6.215","6.12","6.028","",
"East Asia & Pacific (IDA & IBRD countries)","TEA","Fertility rate, total (births per woman)","SP.DYN.TFRT.IN","4.85337152270027","4.39766293016726","6.06600697258067","7.12062734188243","6.4956967595558","6.43867377065024","6.20514453852498","5.8225193400829","6.33256621511992","6.07090671728027","5.98242161946572","5.54375383050301","5.21678905999787","4.9052555401121","4.44685286878701","3.97793766819611","3.69935476829611","3.37881210978411","3.25586664420461","3.24636123957369","3.21133902618094","3.21661451594083","3.32495793265526","2.99361570214698","2.99432998763385","2.96539641759739","2.98494374291447","2.98000101239874","2.79578733997056","2.76207221301406","2.73655247839245","2.30006860620803","2.16142715242374","2.08336048883135","2.02136647597664","1.97598452642284","1.93559156802077","1.89804243066207","1.87249148719082","1.85880130455679","1.91701202984337","1.86359434738401","1.85625879213409","1.85071457563415","1.86869002075451","1.87650747609855","1.88999510929957","1.90714838647723","1.92830488949777","1.93516213767886","1.91380463770064","1.90559230915552","1.99245335659863","1.92276320860367","1.95315843608444","1.87874321014974","1.92938890858833","1.92683294089381","1.73925892870635","1.70329191143946","1.52420342921216","1.43590189186902","1.38038247288067","1.35619349886656","1.36313000886682","",
"Europe & Central Asia (IDA & IBRD countries)","TEC","Fertility rate, total (births per woman)","SP.DYN.TFRT.IN","3.11774782563366","3.06476394685832","3.00658528293135","2.95729620281384","2.88438950684455","2.83609023211984","2.81196432755661","2.87746054477222","2.83647527601025","2.78739901035544","2.77665658406122","2.78271343533066","2.77048169059052","2.73056551396282","2.7305569120112","2.69643342730988","2.67239635725188","2.62997950776693","2.59283719692183","2.57564998666719","2.54922965111008","2.53145479126622","2.57028864984424","2.6063664654757","2.58719456024307","2.5614310122202","2.59410836153744","2.58610103888753","2.51629316511785","2.4251198104129","2.31338957706457","2.21891097521687","2.09939932195508","1.98724039091498","1.93857226953794","1.86356048836271","1.78803133535926","1.7332156910323","1.70633952680677","1.64144675630896","1.62030760711342","1.60080718359641","1.60380658649653","1.61676364444419","1.64702594229195","1.63393338849379","1.66161809265432","1.72272134179494","1.79234912928103","1.80922026253873","1.81007603093137","1.79803649220897","1.86354536411501","1.8748561116751","1.92631738147071","1.92977777738024","1.92480955743217","1.86780524239913","1.85087390989038","1.82090357663486","1.81408858991354","1.81491733501571","1.74847147152068","1.72488017428387","1.70504851585081","",
"Togo","TGO","Fertility rate, total (births per woman)","SP.DYN.TFRT.IN","6.796676","6.820639","6.856907","6.893064","6.915946","6.93729","6.956084","6.958849","6.970459","7.014899","7.034988","7.063704","7.068624","7.08101","7.089781","7.088292","7.062682","7.025358","6.982702","6.935004","6.875555","6.808608","6.724837","6.633341","6.541951","6.457372","6.381665","6.303876","6.228403","6.148569","6.067132","5.986704","5.885765","5.782153","5.672271","5.564586","5.458922","5.362601","5.287873","5.226114","5.1652","5.12801","5.09187","5.047961","4.994707","5.037823","5.076201","5.102","5.100197","5.104276","5.087324","4.984234","4.853789","4.753612","4.701602","4.661566","4.633942","4.576231","4.513072","4.450408","4.386312","4.323871","4.253183","4.192401","4.121673","",
"Thailand","THA","Fertility rate, total (births per woman)","SP.DYN.TFRT.IN","6.325","6.324","6.331","6.342","6.309","6.258","6.182","6.077","5.928","5.704","5.452","5.253","5.077","4.845","4.598","4.364","4.119","3.865","3.617","3.451","3.293","3.127","2.943","2.755","2.582","2.45","2.358","2.255","2.171","2.136","2.065","2.036","2.008","1.967","1.928","1.888","1.865","1.845","1.815","1.768","1.734","1.711","1.688","1.673","1.665","1.644","1.631","1.616","1.587","1.565","1.562","1.571","1.563","1.526","1.484","1.451","1.4","1.363","1.323","1.285","1.259","1.234","1.221","1.212","1.204","",
"Tajikistan","TJK","Fertility rate, total (births per woman)","SP.DYN.TFRT.IN","6.235","6.353","6.479","6.62","6.68","6.743","6.815","6.886","6.912","6.911","6.911","6.911","6.893","6.841","6.772","6.692","6.601","6.494","6.4","6.311","6.212","6.117","6.034","5.981","5.956","5.944","5.906","5.839","5.754","5.609","5.456","5.276","5.056","4.921","4.792","4.664","3.94","4.06","4.07","3.85","3.49","3.49","3.47","3.42","3.507","3.398","3.341","3.367","3.388","3.43","3.457","3.456","3.421","3.433","3.459","3.459","3.384","3.29","3.294","3.281","3.211","3.17","3.127","3.072","3.036","",
"Turkmenistan","TKM","Fertility rate, total (births per woman)","SP.DYN.TFRT.IN","6.59","6.689","6.756","6.788","6.787","6.756","6.703","6.635","6.56","6.482","6.404","6.323","6.2","6.152","6.087","6.004","5.901","5.77","5.61","5.457","5.303","5.162","5.042","4.967","4.964","4.966","4.936","4.842","4.675","4.463","4.288","4.145","3.957","3.778","3.623","3.491","3.292","3.18","3.075","2.976","2.9","2.814","2.71","2.667","2.674","2.706","2.724","2.734","2.75","2.794","2.848","2.9","2.955","3.007","3.023","3.033","2.99","2.934","2.875","2.834","2.793","2.754","2.728","2.69","2.661","",
"Latin America & the Caribbean (IDA & IBRD countries)","TLA","Fertility rate, total (births per woman)","SP.DYN.TFRT.IN","5.94699989004709","5.9328219422575","5.91705969060508","5.88786147658241","5.83056198744048","5.74642277334614","5.65081409063592","5.5452559674164","5.43828589139458","5.34088924368103","5.24547139464687","5.15108219602505","5.04993844505271","4.95013892435626","4.83480535420279","4.73398391579759","4.64071733034788","4.5484943273805","4.45365600705081","4.34760686929206","4.24099290912211","4.14296453377509","4.04506307622284","3.94557359924036","3.8444763261036","3.74615291891968","3.65431668143985","3.55184218165914","3.4579711357213","3.37763565276943","3.30115089766509","3.22905085141466","3.15400417202293","3.09512905052879","3.03071812019885","2.96727315697144","2.89611725628356","2.83275088473781","2.77368048497473","2.70524986274976","2.63633862806184","2.56819055960504","2.50456976390976","2.44358526294542","2.40136589725139","2.36246160626151","2.31798470730863","2.27825317482823","2.24870291864097","2.22074317176871","2.19235147808548","2.17173767198677","2.14177057844675","2.11969030697551","2.10222769066337","2.070155624721","2.01803165230531","1.99342119749853","1.97423907173587","1.92884194956371","1.86889841943454","1.84409539404326","1.82203190749137","1.80414192300781","1.79422126534979","",
"Timor-Leste","TLS","Fertility rate, total (births per woman)","SP.DYN.TFRT.IN","6.319","6.273","6.218","6.155","6.084","6.008","5.932","5.858","5.788","5.722","5.655","5.58","5.492","5.392","5.287","5.19","5.119","5.085","5.094","5.142","5.219","5.525","5.555","5.586","5.614","5.65","5.672","5.682","5.716","5.762","5.811","5.835","5.867","5.879","5.912","5.936","5.941","5.955","5.963","5.97","5.934","5.918","5.899","5.846","5.741","5.611","5.474","5.333","5.171","4.994","4.816","4.614","4.404","4.208","3.999","3.779","3.582","3.399","3.244","3.116","3.011","2.892","2.801","2.707","2.627","",
"Middle East, North Africa, Afghanistan & Pakistan (IDA & IBRD)","TMN","Fertility rate, total (births per woman)","SP.DYN.TFRT.IN","6.98920934561558","7.01138731304419","7.06367689348168","7.04398523958933","7.01396352530694","6.98298978711875","6.96478623017655","6.94697621907675","6.92019826888453","6.88396561905607","6.83363638756391","6.77310892950621","6.7053273011662","6.64914643820049","6.61225276870865","6.58676597045661","6.57939571136647","6.56061527808659","6.54208188900593","6.53680999551613","6.50131487633698","6.4372880866228","6.37756585529525","6.31181739373735","6.22571829032749","6.12138665338542","5.99437112849732","5.86095660731806","5.73215617303728","5.59166350669767","5.45274456277147","5.29291189563391","5.12152799211417","4.95676967289656","4.79709342953579","4.6162848295284","4.45158485755972","4.32541475467486","4.21420838823085","4.13202578901809","4.03313583947304","3.92235403419663","3.81899845978396","3.75590229901836","3.66329933893295","3.61438148977568","3.60322364692506","3.58812308378204","3.57557545434726","3.5663476769365","3.5573121719595","3.54124003516249","3.53708238309063","3.52674285714679","3.50912887154978","3.47885083971551","3.41545492925523","3.38731160765158","3.29738689646707","3.22947151957324","3.1920336825828","3.14720035423158","3.11399696821534","3.08266683185516","3.04816260323066","",
"Tonga","TON","Fertility rate, total (births per woman)","SP.DYN.TFRT.IN","6.651","6.61","6.571","6.517","6.464","6.408","6.349","6.293","6.226","6.166","6.071","5.958","5.862","5.801","5.765","5.746","5.726","5.699","5.684","5.647","5.599","5.554","5.497","5.45","5.407","5.344","5.273","5.192","5.103","5.006","4.929","4.852","4.787","4.726","4.658","4.563","4.455","4.378","4.309","4.228","4.159","4.127","4.138","4.175","4.186","4.195","4.141","4.086","4.012","3.946","3.879","3.829","3.768","3.696","3.619","3.54","3.463","3.388","3.326","3.274","3.234","3.198","3.171","3.129","3.1","",
"South Asia (IDA & IBRD)","TSA","Fertility rate, total (births per woman)","SP.DYN.TFRT.IN","5.99643314493816","6.01292550013622","6.02832846438143","6.0398677590804","6.04572178301191","6.008650221683","5.95428427460588","5.90764870193796","5.84957895939763","5.78200152561332","5.73113650750894","5.67694375572139","5.60130386870779","5.52599428260385","5.45583178561272","5.33807896974918","5.27444137494508","5.15974663561678","5.05130631651815","4.97314912067142","4.93210389308236","4.85508043055275","4.76963779583485","4.69716379179166","4.63543091770381","4.54089790157858","4.48421257180628","4.38245113866164","4.28044288663875","4.18658328511583","4.09079809478255","3.98965383518945","3.89236745569418","3.80300535566384","3.72552810756277","3.64485252790157","3.57154357867819","3.50744412442615","3.43651880803499","3.37233736803084","3.33395356090725","3.28308388400588","3.19828354094027","3.10343433102198","3.02541628348848","2.93687989722614","2.84697285381899","2.75669654521409","2.68905082515755","2.64443180727681","2.56574779030977","2.50022514366302","2.44177823996936","2.37827206529081","2.28396274115946","2.27891070577889","2.2733060135155","2.19158171903298","2.18134059924297","2.12407623256393","2.06019382226457","2.03102990361988","2.01401171309975","1.99556441998933","1.98099187797599","",
"Sub-Saharan Africa (IDA & IBRD countries)","TSS","Fertility rate, total (births per woman)","SP.DYN.TFRT.IN","6.57174875625894","6.58571397663199","6.6039093119798","6.61960965449243","6.63602558528786","6.65037079830196","6.67742759702903","6.69394549154146","6.70860817214828","6.7200361226397","6.73532183446952","6.75645250897434","6.77125420377663","6.78269110823842","6.7967343383612","6.80630889159999","6.80539114000628","6.80728173287718","6.80818345335902","6.79258172397586","6.77330944482111","6.74804535299669","6.72084300489025","6.68553337409733","6.63808223802231","6.58700374526551","6.53902267912538","6.49043104120881","6.43415860530344","6.3735331775564","6.30116799131693","6.24312233043993","6.18216073969074","6.12549071485841","6.06494261706828","6.00488093479581","5.93585230570683","5.86649867780983","5.81471538432206","5.77733978302772","5.73806284105071","5.69649079369501","5.651794490577","5.61346001677164","5.58679066293547","5.55886459039657","5.52194469862556","5.47623519277637","5.44582414929526","5.38594110751953","5.3249188067387","5.25463649244861","5.17803015507135","5.09707350209557","5.02372228422288","4.9431932902334","4.85971762249433","4.78030554220341","4.69670936148689","4.61335183994473","4.52975965752977","4.46449950383708","4.39663166218222","4.33256591809805","4.26419372272935","",
"Trinidad and Tobago","TTO","Fertility rate, total (births per woman)","SP.DYN.TFRT.IN","5.405","5.405","5.358","5.242","5.081","4.88","4.62","4.35","4.106","3.856","3.709","3.612","3.551","3.466","3.319","3.214","3.138","3.121","3.129","3.126","3.145","3.133","3.108","3.07","3.017","2.988","2.903","2.775","2.646","2.526","2.394","2.29","2.213","2.129","2.064","1.967","1.894","1.831","1.784","1.76","1.732","1.705","1.672","1.648","1.627","1.625","1.624","1.622","1.617","1.618","1.614","1.611","1.609","1.603","1.602","1.598","1.601","1.594","1.588","1.578","1.572","1.559","1.544","1.532","1.536","",
"Tunisia","TUN","Fertility rate, total (births per woman)","SP.DYN.TFRT.IN","7.157","7.159","7.168","7.17","7.166","7.113","7.055","6.952","6.806","6.623","6.426","6.29","6.187","6.12","6.048","5.972","5.873","5.681","5.401","5.184","5.033","5.023","4.89","4.771","4.664","4.521","4.361","4.104","3.833","3.569","3.441","3.31","3.189","3.058","2.874","2.67","2.488","2.338","2.197","2.082","2.025","1.975","1.941","1.956","1.95","1.953","1.952","1.957","1.975","2.004","2.075","2.189","2.277","2.31","2.316","2.306","2.275","2.205","2.133","2.1","2","1.8","1.847","1.832","1.818","",
"Turkiye","TUR","Fertility rate, total (births per woman)","SP.DYN.TFRT.IN","6.383","6.419","6.382","6.339","6.291","6.22","6.152","6.057","5.962","5.872","5.775","5.671","5.548","5.41","5.243","5.087","4.931","4.784","4.691","4.579","4.453","4.351","4.205","4.056","3.911","3.779","3.658","3.542","3.445","3.336","3.107","3.003","2.939","2.916","2.874","2.835","2.779","2.744","2.707","2.63","2.487","2.392","2.268","2.202","2.197","2.197","2.193","2.16","2.15","2.1","2.08","2.05","2.11","2.11","2.19","2.16","2.11","2.08","2","1.89","1.77","1.71","1.63","1.51","1.48","",
"Tuvalu","TUV","Fertility rate, total (births per woman)","SP.DYN.TFRT.IN","5.146","5.089","5.004","4.914","4.826","4.726","4.637","4.494","4.361","4.227","4.081","3.944","3.806","3.712","3.633","3.578","3.554","3.555","3.59","3.645","3.73","3.804","3.877","3.912","3.946","3.973","3.973","3.941","3.881","3.797","3.75","3.789","3.86","3.922","3.923","3.963","3.951","3.952","3.951","3.919","3.841","3.749","3.637","3.579","3.553","3.546","3.525","3.446","3.415","3.425","3.442","3.463","3.47","3.389","3.33","3.308","3.297","3.301","3.328","3.331","3.309","3.277","3.244","3.208","3.174","",
"Tanzania","TZA","Fertility rate, total (births per woman)","SP.DYN.TFRT.IN","6.536","6.562","6.605","6.647","6.68","6.727","6.804","6.864","6.9","6.954","7.001","7.044","7.052","7.062","7.123","7.101","7.086","7.072","7.06","7.043","6.991","6.93","6.868","6.805","6.715","6.598","6.488","6.406","6.379","6.303","6.201","6.135","6.078","5.997","5.894","5.822","5.826","5.836","5.811","5.747","5.67","5.617","5.57","5.578","5.597","5.579","5.511","5.403","5.324","5.26","5.225","5.141","5.137","5.156","5.122","5.025","5.006","4.988","4.932","4.866","4.801","4.734","4.671","4.606","4.541","",
"Uganda","UGA","Fertility rate, total (births per woman)","SP.DYN.TFRT.IN","6.905","6.927","6.959","6.984","7.012","7.042","7.066","7.102","7.13","7.115","7.149","7.181","7.185","7.193","7.192","7.201","7.194","7.183","7.163","7.142","7.113","7.118","7.11","7.068","7.024","7.037","7.083","7.12","7.102","7.045","7.014","6.943","6.913","6.886","6.899","6.871","6.835","6.856","6.837","6.825","6.788","6.757","6.735","6.671","6.612","6.525","6.429","6.326","6.202","6.124","6.019","5.885","5.729","5.563","5.408","5.251","5.112","4.987","4.867","4.744","4.621","4.51","4.388","4.283","4.165","",
"Ukraine","UKR","Fertility rate, total (births per woman)","SP.DYN.TFRT.IN","2.285","2.197","2.154","2.111","2.014","1.943","2.037","2.04","2.031","2.012","2.078","2.113","2.127","2.044","2.064","2.049","2.044","1.983","1.969","1.957","1.949","1.915","1.951","2.099","2.081","2.033","2.117","2.07","2.042","1.927","1.845","1.773","1.674","1.564","1.471","1.399","1.333","1.271","1.206","1.127","1.108","1.092","1.127","1.173","1.215","1.221","1.297","1.343","1.444","1.47","1.436","1.464","1.528","1.515","1.466","1.387","1.391","1.3","1.233","1.218","1.208","1.148","0.897","0.977","0.988","",
"Upper middle income","UMC","Fertility rate, total (births per woman)","SP.DYN.TFRT.IN","4.95573332031152","4.63421576544011","5.82208551293573","6.56248012192396","6.10181434163851","6.04104646628963","5.86403540464845","5.57425691435032","5.91464129811184","5.71008818387219","5.63058018280146","5.30022111142061","5.04514548839899","4.79850879268416","4.45022493546598","4.09778795628961","3.88498422340182","3.6397750144502","3.5324199750078","3.50487486677506","3.45614828680687","3.4402020696903","3.49783707273588","3.24075244510355","3.2179302279619","3.17175127745999","3.16410411161685","3.13312091267543","2.97285804754813","2.92009045771786","2.8706397967106","2.52975987588333","2.40010760294098","2.3170623044275","2.24588893480851","2.18590472592463","2.12770014045285","2.07831680506304","2.04246773284956","2.01558870458074","2.0381772875564","1.98291878788507","1.96235414339026","1.95086654060965","1.9628313445582","1.96514068368637","1.97260090384942","1.98109506128417","1.99960778462188","1.99903448138198","1.98199718364149","1.97777462045305","2.04234311139272","1.99351727566969","2.0179457293646","1.95706150981547","1.97801275221903","1.96727754787413","1.82900421173295","1.78889593346246","1.65169189995758","1.58682969849823","1.53824580373454","1.51662738157545","1.51796608157636","",
"Uruguay","URY","Fertility rate, total (births per woman)","SP.DYN.TFRT.IN","2.827","2.846","2.866","2.884","2.863","2.84","2.819","2.784","2.771","2.769","2.772","2.767","2.782","2.855","2.957","3.017","3.005","2.899","2.829","2.711","2.59","2.534","2.512","2.486","2.471","2.47","2.47","2.486","2.503","2.498","2.477","2.454","2.432","2.408","2.425","2.401","2.364","2.328","2.271","2.248","2.196","2.161","2.16","2.116","2.093","2.097","2.07","2.048","2.03","2.018","2.011","1.987","2.012","2.034","2.026","2.041","1.966","1.824","1.681","1.567","1.497","1.446","1.425","1.409","1.397","",
"United States","USA","Fertility rate, total (births per woman)","SP.DYN.TFRT.IN","3.654","3.62","3.461","3.319","3.19","2.913","2.721","2.558","2.464","2.456","2.48","2.266","2.01","1.879","1.835","1.774","1.738","1.79","1.76","1.808","1.8395","1.812","1.8275","1.799","1.8065","1.844","1.8375","1.872","1.934","2.014","2.081","2.0625","2.046","2.0195","2.0015","1.978","1.976","1.971","1.999","2.0075","2.056","2.0305","2.0205","2.0475","2.0515","2.057","2.108","2.12","2.072","2.002","1.931","1.8945","1.8805","1.8575","1.8625","1.8435","1.8205","1.7655","1.7295","1.706","1.6415","1.664","1.6565","1.6165","1.6265","",
"Uzbekistan","UZB","Fertility rate, total (births per woman)","SP.DYN.TFRT.IN","6.613","6.752","6.878","6.808","6.823","6.81","6.66","6.567","6.394","6.338","6.313","6.284","6.246","6.162","6.053","5.918","5.749","5.54","5.281","5.159","5.039","4.905","4.817","4.714","4.729","4.691","4.675","4.532","4.263","4.102","4.122","4.19","4.056","3.863","3.66","3.566","3.393","3.186","2.985","2.831","2.696","2.61","2.575","2.503","2.496","2.438","2.461","2.573","2.635","2.559","2.442","2.354","2.337","2.445","2.546","2.583","2.564","2.57","2.713","2.869","3.062","3.273","3.396","3.5","3.486","",
"St. Vincent and the Grenadines","VCT","Fertility rate, total (births per woman)","SP.DYN.TFRT.IN","7.247","7.157","7.033","6.921","6.828","6.735","6.639","6.533","6.416","6.275","6.116","5.946","5.774","5.587","5.379","5.165","4.949","4.748","4.554","4.291","3.923","3.845","3.743","3.561","3.283","3.081","2.924","2.819","2.753","2.73","2.731","2.747","2.759","2.737","2.678","2.609","2.526","2.433","2.345","2.307","2.306","2.3","2.218","2.142","2.087","2.068","2.033","2.063","2.15","2.174","2.144","2.076","2.113","2.106","2.141","2.133","2.055","1.94","1.9","1.864","1.83","1.808","1.791","1.775","1.761","",
"Venezuela, RB","VEN","Fertility rate, total (births per woman)","SP.DYN.TFRT.IN","6.382","6.298","6.231","6.155","6.071","5.977","5.87","5.748","5.614","5.469","5.321","5.174","5.035","4.906","4.791","4.686","4.589","4.494","4.397","4.298","4.2","4.104","4.014","3.933","3.861","3.794","3.73","3.665","3.597","3.524","3.448","3.37","3.292","3.218","3.147","3.082","3.022","2.967","2.912","2.856","2.79","2.779","2.739","2.703","2.639","2.629","2.595","2.524","2.475","2.422","2.396","2.398","2.379","2.334","2.296","2.253","2.217","2.183","2.151","2.131","2.116","2.105","2.088","2.079","2.077","",
"British Virgin Islands","VGB","Fertility rate, total (births per woman)","SP.DYN.TFRT.IN","4.812","4.667","4.514","4.363","4.194","4.053","3.965","3.912","3.875","3.807","3.739","3.642","3.542","3.428","3.333","3.254","3.2","3.148","3.113","3.066","2.924","2.334","2.269","2.121","1.987","1.919","1.78","1.717","1.711","1.769","1.779","1.843","1.878","1.81","1.659","1.777","1.894","2.009","1.523","1.786","1.839","1.517","1.247","1.309","1.5","1.34","1.234","1.312","1.272","1.23","1.183","1.268","1.103","1.086","1.235","1.186","0.987","0.873","0.905","0.941","0.975","0.999","1.025","1.045","1.048","",
"Virgin Islands (U.S.)","VIR","Fertility rate, total (births per woman)","SP.DYN.TFRT.IN","5.149","4.801","5.072","4.958","5.474","5.64","4.993","5.196","4.954","4.812","5.254","5.066","4.78","4.231","3.873","3.595","3.39","3.257","3.303","3.04","3.105","2.999","3.076","3.097","2.896","2.831","2.74","2.844","2.837","3.024","3.106","3.379","3.63","3.636","3.682","3.237","2.941","3.017","2.676","2.449","2.06","1.9","2.21","2.07","2.17","2.24","2.03","2.51","2.44","2.37","2.3","2.16","2.06","2.08","2.09","2.11","2.09","2.08","2.06","2.05","2.03","2.01","2","1.98","1.97","",
"Viet Nam","VNM","Fertility rate, total (births per woman)","SP.DYN.TFRT.IN","6.273","5.476","6.257","6.385","6.285","6.156","5.968","5.883","6.029","6.013","6.019","6.069","6.1","6.108","5.781","5.621","5.461","5.291","5.104","4.94","4.795","4.665","4.593","4.524","4.412","4.206","3.955","3.717","3.623","3.641","3.602","3.524","3.353","3.172","2.941","2.7","2.468","2.274","2.098","1.999","2.028","2.023","2.006","1.999","1.968","1.887","1.873","1.911","1.933","1.92","1.906","1.927","1.967","1.98","2.09","2.1","2","1.985","1.88","1.943","1.957","1.942","1.927","1.913","1.895","",
"Vanuatu","VUT","Fertility rate, total (births per woman)","SP.DYN.TFRT.IN","6.784","6.729","6.672","6.623","6.568","6.524","6.511","6.509","6.463","6.41","6.346","6.293","6.228","6.151","6.057","5.976","5.885","5.806","5.768","5.733","5.691","5.651","5.603","5.547","5.489","5.433","5.382","5.328","5.27","5.211","5.166","5.13","5.094","5.023","4.937","4.847","4.752","4.657","4.603","4.556","4.537","4.495","4.382","4.293","4.214","4.133","4.1","4.117","4.159","4.157","4.126","4.093","4.059","4.039","3.999","3.952","3.915","3.875","3.834","3.79","3.738","3.696","3.647","3.596","3.569","",
"World","WLD","Fertility rate, total (births per woman)","SP.DYN.TFRT.IN","4.68612931000644","4.56475452520979","5.02406248838582","5.31430474332714","5.13081293541813","5.08092208821592","4.96822258800533","4.86575844994683","4.97818821826232","4.87996252649191","4.8399741901259","4.68930441832652","4.54775938123368","4.41710475775239","4.25585471107228","4.0734343569263","3.96682641199874","3.84190390023166","3.77373324849292","3.7563211257259","3.73123413364959","3.70548720144625","3.72150624788316","3.5946826835127","3.56774537446158","3.52950704839331","3.51423669339745","3.48244588881446","3.39301027733872","3.34598976176157","3.30665517278708","3.12588822539575","3.03887259965289","2.97140517992016","2.91894492885595","2.86582992701882","2.81867265872771","2.77875466860713","2.74671041998435","2.72124327137213","2.72979589581575","2.6884388736706","2.66000837869749","2.63796521615433","2.62792442000023","2.61063566555694","2.60618428563813","2.60188953647097","2.6032902976037","2.59293969063906","2.56806295639158","2.54795028857098","2.56439076813143","2.52495193294996","2.51748806294983","2.48997747856752","2.49135943401982","2.45979892941325","2.39173713136161","2.3531996413595","2.27622975637706","2.24553303531825","2.21501840126655","2.1956672724205","2.18831256131236","",
"Samoa","WSM","Fertility rate, total (births per woman)","SP.DYN.TFRT.IN","7.779","7.771","7.759","7.729","7.703","7.653","7.596","7.551","7.499","7.432","7.338","7.224","7.07","6.908","6.747","6.606","6.473","6.313","6.146","5.991","5.861","5.749","5.677","5.617","5.553","5.489","5.421","5.316","5.207","5.107","5.007","4.912","4.865","4.826","4.792","4.767","4.739","4.695","4.645","4.572","4.523","4.477","4.444","4.392","4.343","4.322","4.322","4.358","4.417","4.466","4.52","4.56","4.545","4.491","4.423","4.344","4.262","4.196","4.136","4.061","4.002","3.94","3.883","3.829","3.801","",
"Kosovo","XKX","Fertility rate, total (births per woman)","SP.DYN.TFRT.IN","6.359","6.314","6.244","6.176","6.112","6.035","5.947","5.877","5.812","5.731","5.624","5.556","5.488","5.418","5.373","5.283","5.185","5.012","4.831","4.697","4.658","4.501","4.493","4.462","4.406","4.197","4.115","4.098","3.967","3.672","3.666","3.373","2.765","2.65","2.524","2.524","2.536","2.312","2.35","2.634","2.698","2.765","2.791","2.67","2.65","2.623","2.494","2.393","2.359","2.317","2.223","2.038","1.969","1.953","1.87","1.763","1.641","1.618","1.581","1.575","1.567","1.561","1.555","1.545","1.538","",
"Yemen, Rep.","YEM","Fertility rate, total (births per woman)","SP.DYN.TFRT.IN","7.988","8","8.01","8.028","8.071","8.101","8.142","8.174","8.191","8.216","8.234","8.26","8.273","8.29","8.326","8.373","8.423","8.466","8.501","8.671","8.71","8.752","8.793","8.828","8.853","8.864","8.858","8.833","8.786","8.713","8.606","8.459","8.272","8.048","7.795","7.525","7.004","6.82","6.639","6.489","6.317","6.143","5.971","5.839","5.712","5.563","5.412","5.261","5.113","5.004","4.81","4.63","4.633","4.623","4.62","4.617","4.613","4.61","4.607","4.603","4.6","4.597","4.593","4.59","4.499","",
"South Africa","ZAF","Fertility rate, total (births per woman)","SP.DYN.TFRT.IN","6.105","6.08","6.046","6.012","5.955","5.892","5.907","5.852","5.782","5.719","5.634","5.569","5.49","5.413","5.298","5.191","5.071","4.942","4.853","4.818","4.78","4.712","4.696","4.626","4.566","4.495","4.409","4.352","4.18","3.983","3.724","3.618","3.479","3.372","3.258","3.172","2.991","2.734","2.63","2.559","2.413","2.373","2.324","2.358","2.436","2.512","2.548","2.545","2.679","2.501","2.445","2.436","2.447","2.428","2.424","2.359","2.261","2.283","2.27","2.264","2.257","2.248","2.227","2.216","2.205","",
"Zambia","ZMB","Fertility rate, total (births per woman)","SP.DYN.TFRT.IN","6.947","6.982","7.012","7.06","7.085","7.116","7.138","7.154","7.18","7.18","7.224","7.26","7.3","7.339","7.364","7.421","7.388","7.353","7.294","7.222","7.139","7.073","7.039","7.007","6.974","6.928","6.868","6.798","6.703","6.635","6.567","6.458","6.349","6.298","6.26","6.232","6.182","6.124","6.067","5.998","5.921","5.848","5.774","5.71","5.698","5.697","5.679","5.613","5.53","5.453","5.359","5.256","5.136","5.014","4.89","4.775","4.669","4.567","4.492","4.418","4.323","4.246","4.175","4.101","4.036","",
"Zimbabwe","ZWE","Fertility rate, total (births per woman)","SP.DYN.TFRT.IN","7.195","7.212","7.231","7.23","7.23","7.231","7.196","7.157","7.114","7.036","6.982","6.939","6.942","6.942","6.879","6.832","6.771","6.713","6.658","6.59","6.517","6.445","6.333","6.197","6.044","5.871","5.688","5.5","5.279","5.073","4.876","4.715","4.567","4.391","4.284","4.153","4.11","4.075","4.067","4.056","4.009","3.983","3.925","3.862","3.776","3.693","3.635","3.677","3.783","3.95","4.04","4.126","4.134","4.111","4.011","3.911","3.828","3.768","3.744","3.748","3.754","3.765","3.767","3.724","3.674","",
