"Data Source","World Development Indicators",

"Last Updated Date","2026-07-13",

"Country Name","Country Code","Indicator Name","Indicator Code","1960","1961","1962","1963","1964","1965","1966","1967","1968","1969","1970","1971","1972","1973","1974","1975","1976","1977","1978","1979","1980","1981","1982","1983","1984","1985","1986","1987","1988","1989","1990","1991","1992","1993","1994","1995","1996","1997","1998","1999","2000","2001","2002","2003","2004","2005","2006","2007","2008","2009","2010","2011","2012","2013","2014","2015","2016","2017","2018","2019","2020","2021","2022","2023","2024","2025",
"Aruba","ABW","Sex ratio at birth (male births per female births)","SP.POP.BRTH.MF","1.043","1.043","1.043","1.043","1.043","1.043","1.042","1.042","1.042","1.042","1.042","1.042","1.042","1.042","1.042","1.042","1.042","1.042","1.042","1.042","1.042","1.042","1.041","1.041","1.042","1.042","1.043","1.043","1.043","1.043","1.044","1.044","1.044","1.044","1.044","1.044","1.044","1.044","1.044","1.044","1.043","1.043","1.043","1.043","1.043","1.043","1.043","1.042","1.042","1.043","1.043","1.043","1.043","1.043","1.044","1.044","1.044","1.044","1.043","1.044","1.043","1.043","1.043","1.043","1.043","",
"Africa Eastern and Southern","AFE","Sex ratio at birth (male births per female births)","SP.POP.BRTH.MF","1.03365441921502","1.03375069401144","1.03372742166645","1.03377672099324","1.03382472902642","1.03385111135546","1.03384721638295","1.03373597964964","1.03362308152836","1.03363063568461","1.03367764437051","1.03369726682184","1.0337355299897","1.03383478468852","1.03372633561297","1.03375961798784","1.03395115220074","1.03393324848836","1.03378955052265","1.03381580851087","1.03358705132507","1.03348647830275","1.03377346137279","1.03382407157677","1.03385221128612","1.03406541286973","1.0341572782877","1.03444626731927","1.03424144340102","1.03409592901368","1.03399802656237","1.03412172674567","1.03420344627539","1.03413194904948","1.03401444475824","1.03366583766287","1.03357314499687","1.03346467793941","1.03309577645652","1.03281866995982","1.0322679235141","1.03156924719539","1.03129334104351","1.0310677334413","1.03111217954478","1.0315605313566","1.03131027695877","1.03123661398131","1.03127975413014","1.03126990253888","1.03139194071768","1.03140024860854","1.03134536364297","1.03145437531012","1.03150723330897","1.03153663239133","1.0317433301248","1.03174733886296","1.03219364324525","1.03231242384852","1.03241394294418","1.03239633091582","1.03254245040095","1.03258080787039","1.03253509489803","",
"Afghanistan","AFG","Sex ratio at birth (male births per female births)","SP.POP.BRTH.MF","1.049","1.049","1.049","1.049","1.049","1.049","1.049","1.049","1.049","1.049","1.049","1.049","1.05","1.05","1.05","1.05","1.05","1.05","1.05","1.05","1.05","1.05","1.051","1.051","1.051","1.052","1.053","1.053","1.054","1.054","1.055","1.056","1.056","1.056","1.057","1.058","1.06","1.062","1.064","1.065","1.065","1.065","1.065","1.065","1.064","1.063","1.063","1.063","1.063","1.062","1.061","1.059","1.058","1.057","1.056","1.056","1.055","1.054","1.053","1.053","1.052","1.052","1.052","1.051","1.051","",
"Africa Western and Central","AFW","Sex ratio at birth (male births per female births)","SP.POP.BRTH.MF","1.03755627550669","1.03751764318424","1.03802981818182","1.0380738656557","1.03815537405686","1.03862583273829","1.03910052136846","1.0396194893777","1.04012279535175","1.04054251022424","1.04113214703424","1.04112368602735","1.04168419657982","1.04166084444014","1.04165120906569","1.04123909726005","1.04086972740334","1.04055306220014","1.04064057218731","1.04077462995146","1.04081907921624","1.04122459761392","1.04105236131665","1.04138081223065","1.04176394423488","1.04161757080571","1.04205014506841","1.04246455829405","1.04295068357368","1.04359989040887","1.04363158592244","1.04335974949644","1.0434150757787","1.04398563796005","1.04401015342399","1.04331498481297","1.04287156798898","1.04234452794433","1.04246623785791","1.04207530393638","1.04223048767769","1.04230309446721","1.04143479701961","1.04128672012733","1.04066389711342","1.04059460033079","1.03995533408183","1.03886400588152","1.03881727517007","1.03878996664394","1.03784268461536","1.03742389819876","1.03689890216077","1.03625357045287","1.03657321103786","1.03694784565062","1.0373939677421","1.03742931021415","1.03724564005642","1.03676751918418","1.03679687159606","1.03674473651824","1.03672376650327","1.03677600707088","1.03680062785316","",
"Angola","AGO","Sex ratio at birth (male births per female births)","SP.POP.BRTH.MF","1.028","1.029","1.029","1.029","1.029","1.029","1.029","1.029","1.029","1.029","1.029","1.029","1.029","1.029","1.029","1.029","1.029","1.029","1.029","1.029","1.029","1.029","1.029","1.029","1.029","1.03","1.03","1.03","1.03","1.03","1.03","1.031","1.031","1.031","1.031","1.031","1.031","1.03","1.03","1.03","1.029","1.029","1.029","1.029","1.029","1.029","1.028","1.027","1.027","1.026","1.025","1.024","1.024","1.024","1.024","1.024","1.025","1.025","1.026","1.026","1.027","1.027","1.027","1.027","1.028","",
"Albania","ALB","Sex ratio at birth (male births per female births)","SP.POP.BRTH.MF","1.059","1.059","1.059","1.059","1.059","1.06","1.06","1.06","1.06","1.06","1.06","1.062","1.061","1.062","1.065","1.065","1.065","1.069","1.071","1.078","1.086","1.088","1.086","1.087","1.08","1.078","1.08","1.08","1.078","1.077","1.08","1.084","1.079","1.077","1.076","1.078","1.083","1.089","1.095","1.099","1.103","1.111","1.12","1.125","1.128","1.129","1.129","1.126","1.121","1.118","1.112","1.104","1.099","1.096","1.094","1.091","1.088","1.087","1.084","1.081","1.078","1.075","1.072","1.07","1.068","",
"Andorra","AND","Sex ratio at birth (male births per female births)","SP.POP.BRTH.MF","1.062","1.062","1.062","1.062","1.062","1.062","1.062","1.062","1.062","1.062","1.062","1.062","1.062","1.062","1.062","1.062","1.063","1.063","1.063","1.063","1.063","1.063","1.063","1.063","1.063","1.063","1.062","1.062","1.062","1.062","1.062","1.062","1.063","1.063","1.063","1.064","1.064","1.064","1.064","1.063","1.063","1.063","1.063","1.062","1.062","1.062","1.062","1.061","1.061","1.06","1.06","1.06","1.06","1.06","1.06","1.061","1.061","1.062","1.063","1.063","1.063","1.063","1.062","1.062","1.063","",
"Arab World","ARB","Sex ratio at birth (male births per female births)","SP.POP.BRTH.MF","1.05190957406098","1.052278231447","1.05240745766831","1.05263642816039","1.05261296276232","1.05264749267668","1.05306832797853","1.05302504949015","1.05369097682932","1.05402876908811","1.05404959916044","1.05439461998229","1.05452504283593","1.05460856816989","1.05452621508858","1.05460468650373","1.05447338353431","1.05448696499769","1.05365039052186","1.05318171161966","1.05300430542147","1.05238400731736","1.05226292245101","1.0518655937147","1.05172378327662","1.05003514777184","1.0497294161775","1.05008375464016","1.05153921010477","1.05220564769024","1.05308533529978","1.05412354125296","1.05453982595741","1.0548601240947","1.05419663114613","1.0541715148453","1.05352581954224","1.0532112070055","1.05299596986479","1.05304667384618","1.05313499533684","1.05233315304835","1.05120031138523","1.04967247801942","1.04952720792382","1.05014233514069","1.05070056497562","1.0510709834002","1.05141380125332","1.05176376854775","1.05134038473521","1.05101814930754","1.05012117295595","1.04983086452332","1.04988698194277","1.04967167250007","1.04932173018004","1.0494868411293","1.04968763035839","1.05006316637832","1.05010256920777","1.05020003884691","1.05019605701936","1.05041765771543","1.05049578771979","",
"United Arab Emirates","ARE","Sex ratio at birth (male births per female births)","SP.POP.BRTH.MF","1.043","1.043","1.043","1.042","1.042","1.042","1.042","1.041","1.041","1.041","1.04","1.04","1.039","1.039","1.038","1.037","1.036","1.035","1.033","1.032","1.03","1.024","1.031","1.035","1.037","1.04","1.041","1.042","1.043","1.044","1.045","1.047","1.048","1.046","1.046","1.045","1.045","1.045","1.045","1.046","1.047","1.044","1.042","1.042","1.042","1.043","1.043","1.043","1.043","1.043","1.042","1.041","1.042","1.046","1.049","1.053","1.054","1.051","1.048","1.047","1.047","1.046","1.046","1.046","1.045","",
"Argentina","ARG","Sex ratio at birth (male births per female births)","SP.POP.BRTH.MF","1.043","1.043","1.043","1.042","1.042","1.042","1.041","1.04","1.038","1.036","1.037","1.04","1.042","1.045","1.047","1.049","1.051","1.053","1.055","1.051","1.048","1.046","1.044","1.047","1.049","1.051","1.053","1.053","1.054","1.054","1.054","1.054","1.054","1.054","1.055","1.055","1.054","1.054","1.055","1.055","1.055","1.054","1.054","1.055","1.056","1.059","1.062","1.063","1.062","1.061","1.061","1.062","1.062","1.06","1.059","1.057","1.056","1.053","1.053","1.052","1.052","1.052","1.051","1.051","1.051","",
"Armenia","ARM","Sex ratio at birth (male births per female births)","SP.POP.BRTH.MF","1.064","1.064","1.064","1.064","1.064","1.064","1.064","1.064","1.064","1.064","1.064","1.064","1.064","1.064","1.064","1.064","1.064","1.064","1.064","1.064","1.064","1.064","1.064","1.064","1.064","1.064","1.064","1.065","1.063","1.062","1.059","1.059","1.066","1.08","1.098","1.113","1.129","1.145","1.161","1.17","1.173","1.172","1.171","1.169","1.167","1.163","1.159","1.156","1.153","1.149","1.146","1.142","1.138","1.134","1.129","1.124","1.118","1.112","1.108","1.104","1.1","1.095","1.091","1.087","1.083","",
"American Samoa","ASM","Sex ratio at birth (male births per female births)","SP.POP.BRTH.MF","1.06","1.06","1.06","1.06","1.06","1.06","1.06","1.06","1.06","1.06","1.06","1.06","1.06","1.06","1.06","1.06","1.06","1.06","1.06","1.06","1.06","1.06","1.06","1.06","1.06","1.06","1.06","1.06","1.06","1.06","1.06","1.06","1.06","1.06","1.06","1.06","1.06","1.06","1.06","1.06","1.06","1.06","1.06","1.06","1.06","1.06","1.06","1.06","1.06","1.06","1.06","1.06","1.06","1.06","1.06","1.06","1.06","1.06","1.06","1.06","1.06","1.06","1.06","1.06","1.06","",
"Antigua and Barbuda","ATG","Sex ratio at birth (male births per female births)","SP.POP.BRTH.MF","1.031","1.031","1.031","1.031","1.031","1.031","1.031","1.031","1.031","1.031","1.031","1.031","1.03","1.03","1.03","1.03","1.03","1.03","1.03","1.031","1.031","1.031","1.03","1.03","1.029","1.03","1.029","1.029","1.029","1.029","1.028","1.028","1.028","1.028","1.028","1.028","1.029","1.029","1.029","1.03","1.03","1.03","1.031","1.031","1.031","1.031","1.031","1.031","1.031","1.031","1.031","1.032","1.032","1.032","1.032","1.032","1.032","1.032","1.032","1.032","1.032","1.032","1.032","1.032","1.032","",
"Australia","AUS","Sex ratio at birth (male births per female births)","SP.POP.BRTH.MF","1.056","1.056","1.059","1.059","1.06","1.058","1.057","1.055","1.054","1.052","1.051","1.048","1.053","1.054","1.058","1.058","1.056","1.058","1.055","1.056","1.057","1.056","1.056","1.054","1.052","1.052","1.054","1.054","1.053","1.053","1.057","1.055","1.055","1.055","1.056","1.055","1.056","1.054","1.053","1.051","1.053","1.053","1.053","1.056","1.056","1.056","1.057","1.056","1.056","1.056","1.055","1.056","1.057","1.059","1.055","1.057","1.058","1.06","1.059","1.058","1.058","1.057","1.056","1.056","1.056","",
"Austria","AUT","Sex ratio at birth (male births per female births)","SP.POP.BRTH.MF","1.058","1.057","1.053","1.048","1.047","1.049","1.051","1.054","1.056","1.054","1.057","1.057","1.057","1.057","1.057","1.057","1.058","1.057","1.057","1.057","1.056","1.051","1.046","1.048","1.047","1.055","1.052","1.053","1.057","1.055","1.056","1.057","1.058","1.053","1.053","1.051","1.051","1.049","1.052","1.051","1.051","1.049","1.05","1.053","1.051","1.046","1.045","1.048","1.056","1.053","1.056","1.065","1.068","1.067","1.066","1.066","1.061","1.062","1.054","1.054","1.054","1.055","1.055","1.055","1.055","",
"Azerbaijan","AZE","Sex ratio at birth (male births per female births)","SP.POP.BRTH.MF","1.064","1.064","1.064","1.064","1.064","1.063","1.063","1.063","1.063","1.064","1.064","1.064","1.064","1.064","1.064","1.064","1.064","1.064","1.064","1.064","1.064","1.064","1.064","1.064","1.064","1.065","1.064","1.064","1.065","1.066","1.067","1.069","1.074","1.08","1.09","1.101","1.111","1.122","1.133","1.144","1.153","1.16","1.165","1.167","1.168","1.168","1.168","1.168","1.168","1.167","1.165","1.162","1.159","1.155","1.151","1.146","1.143","1.14","1.138","1.134","1.13","1.126","1.122","1.118","1.113","",
"Burundi","BDI","Sex ratio at birth (male births per female births)","SP.POP.BRTH.MF","1.025","1.025","1.025","1.025","1.025","1.025","1.025","1.025","1.024","1.024","1.024","1.024","1.024","1.024","1.024","1.024","1.024","1.024","1.025","1.024","1.025","1.025","1.024","1.024","1.024","1.025","1.025","1.025","1.025","1.024","1.024","1.024","1.024","1.023","1.023","1.023","1.023","1.022","1.023","1.023","1.023","1.023","1.022","1.022","1.021","1.021","1.021","1.022","1.021","1.022","1.022","1.022","1.022","1.022","1.023","1.023","1.024","1.024","1.024","1.024","1.024","1.025","1.025","1.025","1.025","",
"Belgium","BEL","Sex ratio at birth (male births per female births)","SP.POP.BRTH.MF","1.059","1.059","1.059","1.058","1.058","1.058","1.057","1.059","1.059","1.059","1.059","1.058","1.058","1.058","1.058","1.058","1.057","1.056","1.058","1.062","1.058","1.059","1.058","1.058","1.057","1.059","1.063","1.06","1.055","1.052","1.051","1.051","1.05","1.051","1.055","1.051","1.046","1.047","1.048","1.045","1.049","1.048","1.051","1.05","1.053","1.053","1.047","1.048","1.053","1.05","1.048","1.048","1.046","1.05","1.052","1.049","1.049","1.046","1.045","1.046","1.047","1.047","1.048","1.049","1.049","",
"Benin","BEN","Sex ratio at birth (male births per female births)","SP.POP.BRTH.MF","1.042","1.042","1.042","1.042","1.041","1.042","1.042","1.042","1.042","1.042","1.042","1.043","1.043","1.043","1.043","1.043","1.044","1.044","1.045","1.045","1.046","1.046","1.046","1.046","1.047","1.047","1.047","1.047","1.048","1.049","1.049","1.05","1.05","1.05","1.05","1.05","1.049","1.049","1.049","1.049","1.048","1.047","1.046","1.046","1.046","1.046","1.044","1.043","1.042","1.041","1.041","1.041","1.041","1.041","1.04","1.04","1.04","1.04","1.04","1.04","1.041","1.041","1.041","1.041","1.042","",
"Burkina Faso","BFA","Sex ratio at birth (male births per female births)","SP.POP.BRTH.MF","1.041","1.041","1.041","1.041","1.041","1.041","1.042","1.042","1.042","1.041","1.042","1.042","1.042","1.042","1.042","1.042","1.042","1.042","1.042","1.042","1.042","1.042","1.042","1.042","1.042","1.043","1.043","1.044","1.043","1.044","1.044","1.043","1.042","1.042","1.041","1.041","1.042","1.042","1.043","1.044","1.045","1.045","1.045","1.044","1.043","1.043","1.042","1.042","1.043","1.043","1.043","1.043","1.043","1.043","1.043","1.043","1.043","1.043","1.042","1.042","1.042","1.042","1.041","1.042","1.042","",
"Bangladesh","BGD","Sex ratio at birth (male births per female births)","SP.POP.BRTH.MF","1.047","1.047","1.047","1.048","1.048","1.048","1.048","1.049","1.049","1.049","1.049","1.049","1.05","1.05","1.05","1.05","1.05","1.051","1.052","1.052","1.052","1.048","1.045","1.046","1.045","1.046","1.05","1.053","1.053","1.051","1.05","1.049","1.046","1.045","1.042","1.039","1.036","1.037","1.039","1.04","1.04","1.041","1.041","1.039","1.038","1.037","1.038","1.038","1.037","1.036","1.036","1.037","1.042","1.045","1.048","1.049","1.05","1.051","1.051","1.051","1.05","1.05","1.05","1.049","1.049","",
"Bulgaria","BGR","Sex ratio at birth (male births per female births)","SP.POP.BRTH.MF","1.063","1.065","1.058","1.061","1.062","1.063","1.064","1.061","1.058","1.059","1.068","1.065","1.064","1.057","1.058","1.059","1.061","1.058","1.058","1.064","1.064","1.064","1.061","1.056","1.059","1.052","1.049","1.052","1.058","1.056","1.058","1.063","1.062","1.059","1.051","1.053","1.062","1.068","1.062","1.057","1.057","1.062","1.068","1.064","1.062","1.059","1.061","1.06","1.058","1.052","1.057","1.061","1.061","1.055","1.058","1.062","1.058","1.057","1.063","1.06","1.06","1.06","1.06","1.06","1.06","",
"Bahrain","BHR","Sex ratio at birth (male births per female births)","SP.POP.BRTH.MF","1.033","1.033","1.032","1.032","1.031","1.03","1.03","1.029","1.027","1.026","1.024","1.023","1.019","1.017","1.016","1.015","1.016","1.017","1.018","1.021","1.026","1.031","1.035","1.036","1.037","1.038","1.038","1.039","1.041","1.042","1.04","1.039","1.037","1.037","1.037","1.039","1.04","1.04","1.039","1.039","1.039","1.038","1.037","1.034","1.033","1.035","1.036","1.036","1.037","1.038","1.038","1.039","1.04","1.041","1.041","1.04","1.041","1.04","1.041","1.04","1.04","1.039","1.039","1.038","1.038","",
"Bahamas, The","BHS","Sex ratio at birth (male births per female births)","SP.POP.BRTH.MF","1.028","1.028","1.028","1.027","1.027","1.027","1.026","1.025","1.024","1.022","1.021","1.02","1.021","1.021","1.022","1.022","1.023","1.024","1.025","1.026","1.027","1.027","1.027","1.027","1.027","1.026","1.026","1.026","1.027","1.027","1.027","1.027","1.027","1.026","1.026","1.025","1.023","1.02","1.019","1.017","1.018","1.019","1.019","1.02","1.02","1.021","1.021","1.022","1.021","1.022","1.024","1.025","1.026","1.027","1.029","1.028","1.028","1.028","1.028","1.028","1.028","1.028","1.028","1.028","1.028","",
"Bosnia and Herzegovina","BIH","Sex ratio at birth (male births per female births)","SP.POP.BRTH.MF","1.061","1.059","1.061","1.062","1.064","1.066","1.072","1.076","1.076","1.077","1.072","1.07","1.071","1.07","1.068","1.068","1.068","1.069","1.07","1.069","1.068","1.07","1.07","1.068","1.067","1.067","1.069","1.069","1.069","1.065","1.064","1.063","1.065","1.067","1.068","1.07","1.072","1.074","1.071","1.065","1.065","1.065","1.066","1.068","1.067","1.066","1.067","1.068","1.069","1.07","1.069","1.069","1.068","1.069","1.068","1.068","1.069","1.069","1.069","1.068","1.068","1.068","1.068","1.067","1.067","",
"Belarus","BLR","Sex ratio at birth (male births per female births)","SP.POP.BRTH.MF","1.062","1.059","1.06","1.064","1.06","1.058","1.055","1.056","1.057","1.061","1.057","1.055","1.058","1.057","1.056","1.055","1.055","1.052","1.051","1.054","1.052","1.051","1.05","1.053","1.055","1.055","1.057","1.059","1.063","1.062","1.064","1.066","1.062","1.064","1.065","1.067","1.065","1.064","1.067","1.065","1.064","1.065","1.062","1.061","1.059","1.059","1.061","1.062","1.063","1.063","1.063","1.062","1.062","1.063","1.065","1.063","1.061","1.059","1.057","1.058","1.058","1.058","1.058","1.059","1.059","",
"Belize","BLZ","Sex ratio at birth (male births per female births)","SP.POP.BRTH.MF","1.052","1.052","1.052","1.052","1.052","1.052","1.052","1.053","1.053","1.053","1.054","1.054","1.055","1.054","1.054","1.054","1.054","1.054","1.054","1.054","1.054","1.054","1.055","1.054","1.055","1.055","1.055","1.055","1.054","1.053","1.053","1.052","1.052","1.052","1.052","1.051","1.051","1.051","1.051","1.051","1.051","1.052","1.052","1.052","1.052","1.052","1.051","1.052","1.052","1.052","1.052","1.052","1.052","1.052","1.052","1.052","1.052","1.052","1.052","1.052","1.052","1.051","1.052","1.052","1.051","",
"Bermuda","BMU","Sex ratio at birth (male births per female births)","SP.POP.BRTH.MF","1.04","1.04","1.04","1.04","1.04","1.04","1.04","1.04","1.04","1.04","1.04","1.04","1.04","1.04","1.04","1.04","1.04","1.04","1.04","1.04","1.04","1.04","1.04","1.04","1.04","1.04","1.04","1.04","1.04","1.04","1.04","1.04","1.04","1.04","1.04","1.04","1.04","1.04","1.04","1.04","1.04","1.04","1.04","1.04","1.04","1.04","1.04","1.04","1.04","1.04","1.04","1.04","1.04","1.04","1.04","1.04","1.04","1.04","1.04","1.04","1.04","1.04","1.04","1.04","1.04","",
"Bolivia","BOL","Sex ratio at birth (male births per female births)","SP.POP.BRTH.MF","1.043","1.043","1.043","1.043","1.043","1.043","1.044","1.044","1.044","1.044","1.044","1.044","1.045","1.045","1.045","1.046","1.046","1.046","1.046","1.045","1.045","1.044","1.043","1.042","1.042","1.041","1.041","1.041","1.04","1.039","1.041","1.042","1.043","1.043","1.042","1.042","1.04","1.04","1.04","1.04","1.041","1.041","1.041","1.041","1.041","1.041","1.042","1.042","1.042","1.042","1.042","1.042","1.041","1.041","1.041","1.042","1.042","1.042","1.042","1.042","1.042","1.042","1.042","1.042","1.042","",
"Brazil","BRA","Sex ratio at birth (male births per female births)","SP.POP.BRTH.MF","1.045","1.045","1.045","1.045","1.046","1.046","1.046","1.046","1.046","1.046","1.046","1.045","1.045","1.045","1.045","1.045","1.045","1.044","1.044","1.043","1.044","1.045","1.045","1.046","1.047","1.046","1.046","1.046","1.046","1.047","1.047","1.047","1.047","1.047","1.046","1.046","1.046","1.045","1.045","1.045","1.045","1.045","1.045","1.045","1.045","1.045","1.045","1.045","1.045","1.045","1.045","1.045","1.045","1.045","1.045","1.045","1.045","1.045","1.045","1.045","1.045","1.045","1.045","1.045","1.045","",
"Barbados","BRB","Sex ratio at birth (male births per female births)","SP.POP.BRTH.MF","1.032","1.032","1.033","1.034","1.034","1.034","1.034","1.034","1.033","1.033","1.032","1.032","1.032","1.032","1.033","1.033","1.032","1.032","1.033","1.033","1.033","1.032","1.032","1.033","1.034","1.033","1.033","1.034","1.035","1.035","1.035","1.036","1.036","1.036","1.036","1.037","1.037","1.037","1.037","1.038","1.038","1.039","1.038","1.038","1.037","1.037","1.038","1.039","1.038","1.038","1.037","1.037","1.036","1.036","1.036","1.036","1.035","1.035","1.035","1.035","1.035","1.035","1.035","1.035","1.035","",
"Brunei Darussalam","BRN","Sex ratio at birth (male births per female births)","SP.POP.BRTH.MF","1.065","1.066","1.066","1.067","1.068","1.068","1.067","1.066","1.066","1.067","1.067","1.068","1.069","1.069","1.069","1.069","1.069","1.069","1.069","1.069","1.07","1.069","1.069","1.069","1.068","1.069","1.071","1.072","1.073","1.072","1.072","1.072","1.071","1.072","1.072","1.072","1.073","1.073","1.072","1.072","1.07","1.069","1.067","1.067","1.067","1.068","1.069","1.071","1.072","1.074","1.074","1.075","1.077","1.079","1.081","1.083","1.084","1.085","1.084","1.082","1.08","1.079","1.077","1.076","1.076","",
"Bhutan","BTN","Sex ratio at birth (male births per female births)","SP.POP.BRTH.MF","1.049","1.049","1.049","1.049","1.049","1.049","1.049","1.049","1.048","1.049","1.049","1.049","1.049","1.049","1.049","1.049","1.049","1.048","1.048","1.049","1.049","1.049","1.048","1.048","1.048","1.048","1.048","1.048","1.048","1.048","1.048","1.048","1.049","1.048","1.048","1.048","1.049","1.049","1.049","1.049","1.049","1.049","1.048","1.049","1.048","1.048","1.048","1.048","1.048","1.048","1.048","1.048","1.049","1.048","1.049","1.049","1.049","1.049","1.049","1.048","1.048","1.048","1.048","1.048","1.048","",
"Botswana","BWA","Sex ratio at birth (male births per female births)","SP.POP.BRTH.MF","1.032","1.032","1.032","1.032","1.032","1.032","1.032","1.032","1.032","1.032","1.031","1.032","1.032","1.032","1.032","1.032","1.032","1.032","1.032","1.032","1.032","1.032","1.032","1.032","1.032","1.032","1.032","1.032","1.032","1.032","1.032","1.032","1.032","1.032","1.032","1.032","1.032","1.032","1.032","1.032","1.032","1.032","1.032","1.032","1.032","1.032","1.032","1.032","1.032","1.032","1.032","1.032","1.032","1.032","1.032","1.032","1.032","1.032","1.032","1.032","1.032","1.032","1.032","1.032","1.032","",
"Central African Republic","CAF","Sex ratio at birth (male births per female births)","SP.POP.BRTH.MF","1.032","1.032","1.032","1.032","1.032","1.032","1.032","1.032","1.032","1.032","1.032","1.032","1.031","1.031","1.031","1.031","1.031","1.031","1.032","1.032","1.032","1.032","1.033","1.033","1.033","1.033","1.033","1.034","1.034","1.034","1.034","1.034","1.034","1.034","1.034","1.034","1.034","1.034","1.034","1.034","1.034","1.034","1.034","1.034","1.034","1.035","1.034","1.034","1.035","1.035","1.035","1.035","1.035","1.034","1.034","1.033","1.033","1.032","1.032","1.032","1.032","1.032","1.033","1.032","1.032","",
"Canada","CAN","Sex ratio at birth (male births per female births)","SP.POP.BRTH.MF","1.057","1.056","1.054","1.054","1.056","1.056","1.054","1.052","1.057","1.057","1.06","1.062","1.061","1.06","1.058","1.056","1.056","1.057","1.054","1.058","1.056","1.055","1.054","1.057","1.057","1.057","1.052","1.05","1.05","1.051","1.054","1.054","1.054","1.057","1.058","1.054","1.056","1.054","1.051","1.053","1.055","1.054","1.054","1.052","1.054","1.053","1.055","1.051","1.052","1.053","1.053","1.053","1.057","1.054","1.051","1.051","1.052","1.055","1.052","1.053","1.054","1.054","1.054","1.055","1.055","",
"Central Europe and the Baltics","CEB","Sex ratio at birth (male births per female births)","SP.POP.BRTH.MF","1.06777485443708","1.06745450012108","1.06625685883205","1.06480586421249","1.06490437415144","1.0636224130938","1.06334704240361","1.06000518601527","1.05904918003615","1.06102934743621","1.06118411443762","1.06037292520235","1.06150989742817","1.06056921303127","1.06252670012063","1.06088694764344","1.06090605274889","1.05876037604785","1.05738420247182","1.05909810480831","1.056272747524","1.05621192234259","1.05680419278828","1.05645405127142","1.05625926229451","1.05496192810756","1.05400397300411","1.0551738522817","1.05426506048431","1.05562756613674","1.05479332176526","1.05715818401689","1.05635137095804","1.05594911865062","1.0549696046745","1.05769266659415","1.05985908365866","1.06197895961829","1.05994178164702","1.06007580899269","1.0610514866143","1.06094067551762","1.0603054568672","1.06031806173776","1.06020759531378","1.0588197133864","1.05770895124507","1.05607091489454","1.05652398958394","1.05736941012875","1.06118908591936","1.05928823422235","1.0588207469195","1.05786990049628","1.05801904143549","1.05812073820283","1.0564100297531","1.05609723081258","1.05676396018523","1.05621696734427","1.05688393880685","1.05698272977527","1.05761327305449","1.05776169110301","1.05841415578058","",
"Switzerland","CHE","Sex ratio at birth (male births per female births)","SP.POP.BRTH.MF","1.048","1.048","1.049","1.05","1.053","1.056","1.056","1.054","1.055","1.056","1.059","1.059","1.061","1.06","1.058","1.056","1.052","1.055","1.055","1.053","1.054","1.058","1.054","1.058","1.056","1.045","1.044","1.049","1.052","1.052","1.05","1.051","1.05","1.053","1.054","1.052","1.055","1.052","1.05","1.048","1.038","1.048","1.056","1.055","1.052","1.058","1.059","1.057","1.061","1.062","1.057","1.061","1.064","1.061","1.059","1.059","1.052","1.053","1.051","1.051","1.051","1.051","1.051","1.051","1.051","",
"Channel Islands","CHI","Sex ratio at birth (male births per female births)","SP.POP.BRTH.MF","1.05","1.05","1.05","1.051","1.05","1.05","1.05","1.051","1.052","1.052","1.053","1.053","1.053","1.054","1.054","1.053","1.053","1.053","1.053","1.054","1.054","1.054","1.054","1.055","1.055","1.055","1.055","1.055","1.055","1.055","1.055","1.055","1.055","1.055","1.055","1.055","1.055","1.054","1.054","1.054","1.054","1.054","1.054","1.054","1.054","1.054","1.054","1.054","1.054","1.054","1.054","1.054","1.054","1.054","1.054","1.054","1.054","1.054","1.054","1.054","1.054","1.054","1.054","1.054","1.054","",
"Chile","CHL","Sex ratio at birth (male births per female births)","SP.POP.BRTH.MF","1.034","1.033","1.035","1.034","1.034","1.036","1.038","1.039","1.04","1.041","1.042","1.043","1.044","1.045","1.044","1.044","1.044","1.044","1.044","1.044","1.043","1.043","1.044","1.043","1.043","1.043","1.045","1.049","1.049","1.051","1.052","1.05","1.048","1.048","1.046","1.047","1.05","1.05","1.046","1.046","1.045","1.044","1.045","1.046","1.048","1.05","1.046","1.045","1.043","1.042","1.041","1.043","1.041","1.041","1.042","1.04","1.037","1.039","1.04","1.041","1.041","1.042","1.042","1.043","1.043","",
"China","CHN","Sex ratio at birth (male births per female births)","SP.POP.BRTH.MF","1.061","1.061","1.062","1.062","1.062","1.062","1.062","1.063","1.063","1.063","1.064","1.064","1.064","1.064","1.065","1.066","1.067","1.068","1.069","1.07","1.071","1.073","1.075","1.078","1.081","1.086","1.091","1.097","1.104","1.111","1.118","1.125","1.132","1.139","1.146","1.152","1.157","1.162","1.166","1.169","1.172","1.174","1.176","1.177","1.178","1.178","1.178","1.177","1.175","1.174","1.171","1.168","1.164","1.16","1.155","1.15","1.145","1.133","1.139","1.139","1.112","1.104","1.106","1.108","1.103","",
"Cote d'Ivoire","CIV","Sex ratio at birth (male births per female births)","SP.POP.BRTH.MF","1.031","1.031","1.031","1.031","1.031","1.031","1.031","1.031","1.031","1.031","1.03","1.03","1.03","1.029","1.028","1.028","1.027","1.027","1.027","1.028","1.029","1.029","1.029","1.028","1.028","1.028","1.029","1.029","1.029","1.03","1.031","1.031","1.031","1.03","1.03","1.03","1.029","1.029","1.03","1.03","1.03","1.031","1.032","1.032","1.033","1.034","1.034","1.033","1.032","1.032","1.031","1.031","1.031","1.031","1.03","1.03","1.03","1.03","1.03","1.03","1.03","1.03","1.03","1.03","1.03","",
"Cameroon","CMR","Sex ratio at birth (male births per female births)","SP.POP.BRTH.MF","1.028","1.028","1.028","1.029","1.029","1.03","1.03","1.03","1.031","1.031","1.031","1.03","1.03","1.03","1.029","1.029","1.029","1.029","1.028","1.028","1.028","1.028","1.027","1.027","1.026","1.026","1.026","1.025","1.025","1.025","1.024","1.025","1.026","1.028","1.028","1.028","1.028","1.028","1.028","1.028","1.028","1.028","1.028","1.028","1.027","1.027","1.026","1.026","1.026","1.026","1.027","1.028","1.029","1.029","1.03","1.03","1.031","1.031","1.031","1.031","1.031","1.03","1.03","1.03","1.03","",
"Congo, Dem. Rep.","COD","Sex ratio at birth (male births per female births)","SP.POP.BRTH.MF","1.025","1.025","1.025","1.025","1.025","1.025","1.025","1.025","1.024","1.024","1.025","1.025","1.025","1.025","1.025","1.025","1.025","1.025","1.025","1.025","1.025","1.025","1.025","1.025","1.025","1.025","1.025","1.026","1.026","1.026","1.026","1.026","1.027","1.027","1.027","1.027","1.027","1.028","1.026","1.026","1.025","1.023","1.022","1.021","1.02","1.02","1.02","1.019","1.018","1.018","1.018","1.018","1.019","1.019","1.019","1.02","1.02","1.02","1.021","1.021","1.022","1.022","1.023","1.023","1.023","",
"Congo, Rep.","COG","Sex ratio at birth (male births per female births)","SP.POP.BRTH.MF","1.026","1.026","1.026","1.026","1.026","1.026","1.026","1.026","1.026","1.026","1.026","1.026","1.026","1.026","1.026","1.026","1.026","1.026","1.026","1.026","1.026","1.026","1.026","1.026","1.026","1.026","1.026","1.025","1.025","1.025","1.025","1.025","1.024","1.024","1.024","1.024","1.024","1.025","1.025","1.025","1.025","1.025","1.025","1.026","1.025","1.025","1.024","1.024","1.024","1.024","1.025","1.025","1.025","1.025","1.025","1.025","1.025","1.026","1.025","1.025","1.026","1.026","1.026","1.026","1.026","",
"Colombia","COL","Sex ratio at birth (male births per female births)","SP.POP.BRTH.MF","1.047","1.047","1.047","1.048","1.048","1.049","1.049","1.049","1.049","1.049","1.049","1.048","1.048","1.048","1.048","1.048","1.048","1.048","1.047","1.047","1.046","1.046","1.046","1.046","1.045","1.045","1.044","1.044","1.044","1.044","1.044","1.043","1.043","1.043","1.043","1.044","1.044","1.045","1.046","1.046","1.047","1.048","1.048","1.049","1.048","1.048","1.048","1.047","1.047","1.046","1.046","1.045","1.045","1.045","1.045","1.045","1.045","1.045","1.045","1.046","1.046","1.046","1.045","1.045","1.046","",
"Comoros","COM","Sex ratio at birth (male births per female births)","SP.POP.BRTH.MF","1.032","1.032","1.032","1.032","1.032","1.031","1.031","1.031","1.031","1.031","1.031","1.03","1.03","1.03","1.029","1.029","1.028","1.029","1.029","1.03","1.03","1.03","1.031","1.031","1.031","1.031","1.031","1.031","1.032","1.032","1.032","1.033","1.033","1.034","1.034","1.035","1.035","1.036","1.036","1.036","1.035","1.035","1.035","1.034","1.034","1.033","1.032","1.032","1.032","1.032","1.032","1.032","1.032","1.032","1.032","1.032","1.032","1.032","1.032","1.032","1.032","1.032","1.032","1.032","1.032","",
"Cabo Verde","CPV","Sex ratio at birth (male births per female births)","SP.POP.BRTH.MF","1.032","1.032","1.032","1.032","1.032","1.032","1.032","1.032","1.031","1.031","1.031","1.031","1.032","1.033","1.033","1.034","1.034","1.035","1.035","1.036","1.036","1.036","1.036","1.035","1.034","1.033","1.033","1.032","1.031","1.031","1.031","1.032","1.032","1.032","1.031","1.032","1.032","1.033","1.033","1.033","1.034","1.034","1.033","1.033","1.033","1.033","1.033","1.033","1.033","1.033","1.033","1.033","1.033","1.033","1.033","1.033","1.033","1.033","1.033","1.033","1.033","1.033","1.033","1.033","1.033","",
"Costa Rica","CRI","Sex ratio at birth (male births per female births)","SP.POP.BRTH.MF","1.047","1.047","1.047","1.048","1.048","1.048","1.048","1.048","1.048","1.047","1.048","1.049","1.051","1.051","1.051","1.051","1.05","1.051","1.051","1.052","1.052","1.053","1.053","1.054","1.055","1.055","1.055","1.056","1.056","1.056","1.056","1.055","1.053","1.052","1.051","1.05","1.05","1.049","1.051","1.052","1.051","1.052","1.053","1.049","1.047","1.047","1.046","1.047","1.048","1.047","1.048","1.047","1.045","1.046","1.046","1.046","1.044","1.045","1.044","1.043","1.044","1.044","1.045","1.045","1.046","",
"Caribbean small states","CSS","Sex ratio at birth (male births per female births)","SP.POP.BRTH.MF","1.03693783844052","1.03698335055474","1.03679513435794","1.03684314927975","1.03657952190273","1.03578639386486","1.0348095402129","1.03563375666352","1.03571753306182","1.03504566178805","1.03473030199867","1.03494040842195","1.03507932704661","1.03520502530414","1.03541439164145","1.03503564819655","1.03510662925277","1.03584669054769","1.03628656782115","1.03666287796368","1.03645246797439","1.03664362078667","1.03625655844216","1.03610210022754","1.03552595972768","1.03535840707239","1.03519434756942","1.03527788050101","1.03589605320705","1.03573909024193","1.03550808794083","1.03581530638577","1.03604531605569","1.03667265422566","1.03774634971542","1.03832931406169","1.03849409983292","1.03804176799192","1.0379400609514","1.03802633245261","1.03821514939355","1.03859037461879","1.03862952169993","1.03884775779459","1.03885080267889","1.03905828486612","1.03931938121448","1.03976916587166","1.03974548518025","1.03952862603116","1.03970642962964","1.03939249178489","1.03921627491552","1.03903541033985","1.03909983125257","1.03927184420076","1.03977679780717","1.03975048758575","1.03981141623581","1.03949977214607","1.03929466415366","1.03902953817994","1.03905621921451","1.03914712620251","1.03879994802715","",
"Cuba","CUB","Sex ratio at birth (male births per female births)","SP.POP.BRTH.MF","1.061","1.06","1.059","1.058","1.058","1.057","1.058","1.058","1.058","1.059","1.059","1.059","1.059","1.059","1.058","1.058","1.06","1.061","1.062","1.062","1.063","1.063","1.064","1.065","1.065","1.066","1.069","1.075","1.08","1.083","1.085","1.088","1.092","1.095","1.1","1.109","1.111","1.102","1.093","1.085","1.079","1.072","1.069","1.068","1.067","1.067","1.067","1.067","1.067","1.067","1.066","1.067","1.069","1.072","1.073","1.075","1.077","1.077","1.076","1.075","1.073","1.073","1.072","1.071","1.07","",
"Curacao","CUW","Sex ratio at birth (male births per female births)","SP.POP.BRTH.MF","1.047","1.047","1.047","1.047","1.047","1.047","1.047","1.047","1.047","1.047","1.047","1.047","1.047","1.047","1.047","1.047","1.047","1.047","1.047","1.047","1.046","1.047","1.047","1.047","1.047","1.047","1.047","1.047","1.047","1.047","1.047","1.047","1.047","1.047","1.048","1.048","1.048","1.048","1.048","1.048","1.048","1.049","1.049","1.049","1.049","1.049","1.049","1.049","1.05","1.05","1.05","1.049","1.049","1.048","1.048","1.048","1.048","1.048","1.048","1.048","1.048","1.048","1.048","1.047","1.047","",
"Cayman Islands","CYM","Sex ratio at birth (male births per female births)","SP.POP.BRTH.MF","1.036","1.036","1.036","1.036","1.036","1.036","1.036","1.036","1.036","1.036","1.036","1.036","1.036","1.036","1.036","1.036","1.036","1.036","1.036","1.036","1.036","1.036","1.036","1.036","1.036","1.036","1.036","1.036","1.036","1.036","1.036","1.036","1.036","1.036","1.036","1.036","1.036","1.036","1.036","1.036","1.036","1.036","1.036","1.036","1.036","1.036","1.036","1.036","1.036","1.036","1.036","1.036","1.036","1.036","1.036","1.036","1.036","1.036","1.036","1.036","1.036","1.036","1.036","1.036","1.036","",
"Cyprus","CYP","Sex ratio at birth (male births per female births)","SP.POP.BRTH.MF","1.066","1.065","1.065","1.068","1.071","1.075","1.08","1.083","1.077","1.074","1.071","1.069","1.069","1.068","1.068","1.07","1.073","1.073","1.072","1.072","1.073","1.073","1.072","1.072","1.072","1.072","1.071","1.07","1.069","1.069","1.069","1.068","1.068","1.067","1.067","1.067","1.067","1.067","1.066","1.066","1.066","1.066","1.066","1.066","1.065","1.065","1.065","1.065","1.065","1.065","1.065","1.065","1.065","1.065","1.065","1.065","1.065","1.065","1.065","1.065","1.065","1.065","1.065","1.065","1.065","",
"Czechia","CZE","Sex ratio at birth (male births per female births)","SP.POP.BRTH.MF","1.062","1.059","1.056","1.057","1.061","1.061","1.059","1.059","1.057","1.059","1.054","1.055","1.059","1.063","1.057","1.05","1.052","1.053","1.055","1.057","1.061","1.055","1.053","1.056","1.055","1.054","1.056","1.055","1.05","1.051","1.054","1.06","1.06","1.056","1.056","1.057","1.056","1.057","1.058","1.057","1.064","1.06","1.058","1.057","1.058","1.057","1.058","1.048","1.05","1.047","1.054","1.053","1.05","1.052","1.054","1.054","1.054","1.052","1.047","1.05","1.051","1.052","1.053","1.053","1.054","",
"Germany","DEU","Sex ratio at birth (male births per female births)","SP.POP.BRTH.MF","1.06","1.059","1.059","1.058","1.059","1.06","1.056","1.057","1.057","1.058","1.056","1.059","1.058","1.056","1.056","1.06","1.056","1.06","1.058","1.056","1.054","1.055","1.057","1.057","1.056","1.053","1.053","1.059","1.057","1.054","1.056","1.055","1.053","1.056","1.058","1.055","1.057","1.056","1.055","1.057","1.054","1.057","1.055","1.054","1.054","1.054","1.057","1.056","1.053","1.053","1.051","1.053","1.054","1.053","1.054","1.053","1.051","1.053","1.054","1.054","1.055","1.055","1.056","1.056","1.056","",
"Djibouti","DJI","Sex ratio at birth (male births per female births)","SP.POP.BRTH.MF","1.037","1.037","1.037","1.037","1.037","1.037","1.037","1.037","1.037","1.037","1.037","1.037","1.037","1.037","1.037","1.037","1.037","1.037","1.038","1.038","1.038","1.038","1.038","1.038","1.038","1.038","1.039","1.039","1.039","1.039","1.039","1.038","1.039","1.038","1.039","1.039","1.039","1.039","1.039","1.038","1.038","1.038","1.038","1.038","1.038","1.038","1.038","1.038","1.038","1.038","1.038","1.038","1.038","1.038","1.038","1.037","1.038","1.037","1.037","1.037","1.038","1.038","1.037","1.037","1.037","",
"Dominica","DMA","Sex ratio at birth (male births per female births)","SP.POP.BRTH.MF","1.035","1.035","1.035","1.035","1.035","1.035","1.035","1.035","1.035","1.035","1.035","1.035","1.034","1.034","1.034","1.034","1.034","1.034","1.033","1.033","1.033","1.032","1.032","1.032","1.032","1.031","1.03","1.03","1.03","1.031","1.031","1.032","1.032","1.032","1.032","1.033","1.033","1.033","1.032","1.032","1.032","1.032","1.031","1.032","1.033","1.033","1.033","1.034","1.034","1.035","1.036","1.037","1.038","1.038","1.038","1.038","1.037","1.037","1.037","1.036","1.036","1.036","1.036","1.036","1.035","",
"Denmark","DNK","Sex ratio at birth (male births per female births)","SP.POP.BRTH.MF","1.055","1.054","1.054","1.056","1.059","1.059","1.059","1.06","1.062","1.063","1.061","1.06","1.057","1.055","1.054","1.054","1.057","1.057","1.056","1.055","1.053","1.051","1.052","1.051","1.053","1.054","1.058","1.061","1.06","1.057","1.057","1.055","1.056","1.055","1.053","1.057","1.058","1.057","1.057","1.053","1.053","1.052","1.055","1.053","1.05","1.049","1.054","1.054","1.057","1.054","1.05","1.046","1.052","1.052","1.056","1.056","1.059","1.056","1.058","1.058","1.058","1.057","1.057","1.057","1.056","",
"Dominican Republic","DOM","Sex ratio at birth (male births per female births)","SP.POP.BRTH.MF","1.041","1.041","1.041","1.041","1.041","1.041","1.04","1.04","1.04","1.04","1.04","1.04","1.041","1.041","1.041","1.041","1.041","1.042","1.042","1.043","1.043","1.043","1.042","1.042","1.041","1.041","1.041","1.042","1.042","1.042","1.043","1.043","1.044","1.046","1.047","1.048","1.048","1.048","1.049","1.049","1.049","1.048","1.049","1.049","1.05","1.05","1.05","1.049","1.049","1.049","1.048","1.048","1.047","1.046","1.045","1.045","1.045","1.045","1.045","1.045","1.044","1.044","1.044","1.044","1.044","",
"Algeria","DZA","Sex ratio at birth (male births per female births)","SP.POP.BRTH.MF","1.047","1.047","1.047","1.047","1.047","1.047","1.047","1.047","1.047","1.047","1.047","1.048","1.048","1.047","1.047","1.046","1.046","1.047","1.045","1.045","1.045","1.045","1.045","1.045","1.044","1.044","1.044","1.044","1.043","1.043","1.042","1.042","1.042","1.042","1.042","1.042","1.042","1.043","1.044","1.046","1.048","1.05","1.051","1.052","1.052","1.053","1.052","1.052","1.051","1.05","1.049","1.047","1.047","1.046","1.046","1.045","1.044","1.044","1.045","1.046","1.046","1.046","1.046","1.046","1.046","",
"East Asia & Pacific (excluding high income)","EAP","Sex ratio at birth (male births per female births)","SP.POP.BRTH.MF","1.06170580451011","1.06175569346613","1.06220619955101","1.06214550943167","1.06215470502044","1.06211992949156","1.06202111292441","1.06271795536067","1.06276202122805","1.06276221987623","1.06348062090895","1.06334626969614","1.06350459140208","1.0635149753045","1.06416955162186","1.06475788850946","1.06561074455868","1.06633744543397","1.06709329102858","1.06786285461364","1.06881193879532","1.07038780929082","1.07207495903953","1.0739736041224","1.07594572114368","1.07950878234539","1.08297319972091","1.08744241761075","1.09196604321502","1.09623446643551","1.10070468714052","1.10440591129738","1.1080495026633","1.11228789505917","1.11624343066382","1.11949074649231","1.12268878840648","1.12553428960625","1.12729953505768","1.12817619574989","1.12942014794071","1.1302856146762","1.12964883883621","1.12787533849243","1.13027147450982","1.12963307216689","1.13063246989904","1.13090789551788","1.13006313619614","1.12829164109389","1.12689736804499","1.12796901635729","1.12803649457395","1.12453090845444","1.12223162059014","1.1172036989618","1.11654025704007","1.10860006990574","1.11168966284354","1.10945319632872","1.0928099903269","1.08773279616408","1.08743667385379","1.08769954627988","1.08521817304321","",
"Early-demographic dividend","EAR","Sex ratio at birth (male births per female births)","SP.POP.BRTH.MF","1.05234194949778","1.05241655157142","1.05251301281041","1.05266055691149","1.05276283170882","1.05284438457304","1.0532033678595","1.05307720431836","1.05293961791341","1.05326754674631","1.05377058218261","1.05382431024418","1.05445861143995","1.05465626550249","1.05560415093034","1.05616961817304","1.05771089676889","1.05804293286915","1.05835661534269","1.05849785270369","1.05902606899943","1.05924704819321","1.05859191526344","1.05876761763311","1.05929811460501","1.05891380894472","1.05921655219597","1.06016908384636","1.06109383169415","1.06054925959372","1.06176313946991","1.06354607171024","1.06461861262609","1.06631810176257","1.0684006240688","1.07026534680901","1.07051059397052","1.07121047498826","1.07183740789817","1.07202620812512","1.07297408312351","1.07226517230767","1.07107619958828","1.07138493894305","1.07166169135348","1.07161317066142","1.07068595071214","1.07065898263938","1.07051298315002","1.07073963248032","1.07062221565011","1.0699426045008","1.06842534508699","1.06789389042445","1.06749745188979","1.06705371998162","1.0664245202643","1.06553709229265","1.06497891263323","1.06413704664699","1.06269732960384","1.06189356189477","1.06120399416863","1.06042261283476","1.05953365510112","",
"East Asia & Pacific","EAS","Sex ratio at birth (male births per female births)","SP.POP.BRTH.MF","1.06139937853981","1.06159333611544","1.06211104964817","1.06193241635934","1.06197771336282","1.06175349512031","1.06227453227315","1.06236645227721","1.06304708082957","1.06308785527766","1.06367557546076","1.06334401272047","1.06342947500631","1.06333299375685","1.06405543451755","1.06447038963644","1.06523253405237","1.06585414064523","1.06653253343679","1.06726652885716","1.06806778801931","1.06985245932503","1.07124664731412","1.07309405940091","1.07502341559106","1.07856894660375","1.08225164610196","1.08630977741202","1.09087649956259","1.09496843549579","1.09970339227173","1.10278348818549","1.10629937618582","1.1103379595576","1.11385779796356","1.11643670875037","1.11915864167695","1.12126124522804","1.12306268375879","1.12379792413228","1.1249224041675","1.1255530978126","1.12510903416902","1.12337306924106","1.12548874809265","1.12500948102893","1.12574812428757","1.12583486414332","1.12503814196422","1.12353010094776","1.12236675615575","1.12348290099324","1.12358765561772","1.12005137400501","1.11807051034485","1.1130556162128","1.11275192743907","1.1053926686247","1.10798105849981","1.10595530222293","1.09023103779229","1.0853861196316","1.08508847576343","1.08537236706724","1.08316056929546","",
"Europe & Central Asia (excluding high income)","ECA","Sex ratio at birth (male births per female births)","SP.POP.BRTH.MF","1.05787381086452","1.05772623339172","1.05807846354345","1.05826412409807","1.05825390521006","1.05813375507998","1.05758895958571","1.05765149726958","1.0567396078701","1.05677055804873","1.0566328065641","1.05688358718758","1.05743220923566","1.05723114977668","1.05620082604294","1.05664519827273","1.0571840466386","1.05699609080631","1.05814630547648","1.05793933463637","1.05782610796182","1.05784717932483","1.05917510386298","1.05988435261652","1.06075918208314","1.06010262353019","1.06063482558624","1.06191049000801","1.06191024621091","1.06199394588259","1.06285761284666","1.06265808701503","1.06259908485594","1.06327688556911","1.06440586306741","1.06534213439406","1.06591131426812","1.06634666563572","1.06781959217358","1.06934019622564","1.06966803880367","1.06834727649511","1.06828928844538","1.06789930664411","1.06757749460282","1.06750820877756","1.06670966130524","1.06732029813052","1.06823875114367","1.06891214613858","1.069550526442","1.06966752932192","1.06950057162967","1.06956106120528","1.06936180896214","1.06948949502091","1.06926288238525","1.06847878439551","1.06856128942782","1.06833998606265","1.06745388877463","1.06664998096183","1.06661784952496","1.06603449303738","1.06534008286828","",
"Europe & Central Asia","ECS","Sex ratio at birth (male births per female births)","SP.POP.BRTH.MF","1.05802827254228","1.05755724407666","1.05723163968887","1.05743912546944","1.0574669842355","1.0572501085817","1.05674945445701","1.05634170734189","1.05581268150263","1.05629641474204","1.05660690853636","1.05700043727336","1.05755287222994","1.05740745094407","1.05654285034342","1.05777435474106","1.05765780181036","1.05699833763047","1.05727090914495","1.05715795696855","1.05632306508149","1.05674753630354","1.05744216508023","1.05723723923718","1.05751622104595","1.05674197360352","1.05663790016747","1.05852963687959","1.05781415347289","1.05805197979818","1.05841526310658","1.05908713718178","1.05894429282155","1.05918560132617","1.05978406229942","1.05967364244734","1.06097262804742","1.06088949228332","1.06142935661613","1.06230832717367","1.06216208836083","1.06102456870261","1.06112905720439","1.06063516934891","1.06066529451826","1.06024514816022","1.059855503596","1.06012523014342","1.05979269622546","1.06028527208051","1.06038405727344","1.06044754206051","1.06104816818139","1.06063907329578","1.06132519508023","1.06122425185909","1.06037783810999","1.06030426234683","1.06039300492725","1.06007888376041","1.06002373172106","1.05966881862259","1.05995058182693","1.05982498322148","1.0597351393829","",
"Ecuador","ECU","Sex ratio at birth (male births per female births)","SP.POP.BRTH.MF","1.046","1.046","1.046","1.046","1.046","1.046","1.046","1.046","1.046","1.046","1.046","1.045","1.045","1.044","1.044","1.044","1.044","1.044","1.044","1.044","1.044","1.045","1.045","1.046","1.047","1.048","1.048","1.048","1.048","1.049","1.049","1.049","1.049","1.049","1.049","1.049","1.049","1.05","1.05","1.049","1.049","1.049","1.049","1.049","1.048","1.048","1.048","1.048","1.047","1.047","1.047","1.047","1.047","1.047","1.047","1.047","1.047","1.047","1.047","1.046","1.046","1.046","1.047","1.047","1.046","",
"Egypt, Arab Rep.","EGY","Sex ratio at birth (male births per female births)","SP.POP.BRTH.MF","1.059","1.06","1.06","1.061","1.061","1.062","1.063","1.063","1.065","1.066","1.066","1.066","1.066","1.066","1.066","1.066","1.066","1.066","1.064","1.062","1.062","1.06","1.06","1.059","1.059","1.053","1.051","1.053","1.058","1.06","1.064","1.067","1.07","1.071","1.069","1.068","1.064","1.062","1.061","1.06","1.06","1.057","1.052","1.046","1.046","1.048","1.051","1.053","1.055","1.057","1.055","1.054","1.051","1.05","1.05","1.05","1.05","1.051","1.052","1.053","1.053","1.054","1.054","1.055","1.055","",
"Euro area","EMU","Sex ratio at birth (male births per female births)","SP.POP.BRTH.MF","1.05733349908863","1.05633739079097","1.05591076576952","1.05557733697521","1.05661388824137","1.05690327306972","1.05547592675668","1.05566790841593","1.05554879629219","1.05626583874858","1.05739546233074","1.05807326015382","1.05893568705213","1.05767216723481","1.05758791178106","1.05980045176172","1.0594709625911","1.06047831834334","1.06044661758701","1.0602028282136","1.06080175328647","1.06095609432821","1.06074665644726","1.05958296503218","1.0591174807803","1.05740546340173","1.05762896162378","1.05904509337183","1.05809910897043","1.05618537042736","1.05758781907259","1.05761075497796","1.05754724206819","1.05762320233871","1.05807364039316","1.05674680229047","1.05793240820594","1.05716592638789","1.05703345289239","1.0570820070789","1.05685888619653","1.05536749626126","1.05586570776583","1.05489725026461","1.05581092151352","1.05605037111857","1.05606796011963","1.05523569841915","1.05463031344671","1.05481386234401","1.05330046375881","1.05418549382087","1.0550491760489","1.05427138136165","1.0548626751241","1.0546089895406","1.05332835470454","1.05445535052829","1.05436448205565","1.05349305754168","1.05410918886907","1.05453849527803","1.05523856731829","1.05548441329599","1.05590923940892","",
"Eritrea","ERI","Sex ratio at birth (male births per female births)","SP.POP.BRTH.MF","1.032","1.032","1.032","1.032","1.032","1.032","1.032","1.032","1.032","1.032","1.032","1.032","1.032","1.032","1.032","1.032","1.032","1.032","1.032","1.032","1.032","1.032","1.032","1.032","1.032","1.032","1.032","1.032","1.032","1.032","1.032","1.032","1.032","1.032","1.032","1.032","1.032","1.032","1.032","1.032","1.032","1.032","1.032","1.032","1.032","1.032","1.032","1.032","1.032","1.032","1.032","1.032","1.032","1.032","1.032","1.032","1.032","1.032","1.032","1.032","1.032","1.032","1.032","1.032","1.032","",
"Spain","ESP","Sex ratio at birth (male births per female births)","SP.POP.BRTH.MF","1.061","1.06","1.059","1.058","1.056","1.055","1.057","1.056","1.056","1.058","1.059","1.06","1.06","1.059","1.059","1.069","1.066","1.069","1.072","1.071","1.078","1.087","1.085","1.078","1.08","1.075","1.075","1.076","1.072","1.071","1.07","1.071","1.067","1.069","1.067","1.065","1.063","1.065","1.07","1.065","1.066","1.059","1.064","1.063","1.068","1.063","1.065","1.064","1.067","1.069","1.064","1.064","1.064","1.061","1.066","1.062","1.058","1.061","1.058","1.059","1.061","1.062","1.063","1.064","1.065","",
"Estonia","EST","Sex ratio at birth (male births per female births)","SP.POP.BRTH.MF","1.063","1.062","1.066","1.066","1.065","1.06","1.057","1.054","1.055","1.055","1.055","1.058","1.058","1.058","1.057","1.06","1.057","1.058","1.057","1.059","1.058","1.058","1.056","1.054","1.052","1.053","1.056","1.059","1.056","1.059","1.06","1.059","1.06","1.062","1.059","1.061","1.062","1.065","1.065","1.064","1.066","1.063","1.058","1.057","1.061","1.066","1.067","1.062","1.06","1.056","1.058","1.057","1.056","1.056","1.059","1.065","1.071","1.07","1.062","1.061","1.061","1.061","1.061","1.061","1.061","",
"Ethiopia","ETH","Sex ratio at birth (male births per female births)","SP.POP.BRTH.MF","1.056","1.056","1.056","1.056","1.056","1.056","1.056","1.056","1.056","1.056","1.056","1.056","1.056","1.057","1.057","1.057","1.058","1.058","1.059","1.06","1.06","1.061","1.062","1.063","1.064","1.064","1.064","1.064","1.063","1.062","1.061","1.06","1.06","1.059","1.059","1.058","1.058","1.057","1.057","1.057","1.056","1.056","1.056","1.057","1.058","1.06","1.06","1.06","1.06","1.06","1.06","1.06","1.059","1.059","1.058","1.056","1.056","1.056","1.056","1.056","1.055","1.055","1.055","1.055","1.055","",
"European Union","EUU","Sex ratio at birth (male births per female births)","SP.POP.BRTH.MF","1.06000923971434","1.05893250166486","1.0582289594382","1.05759916242185","1.05835725912803","1.05829523661948","1.05725972161016","1.05691672162421","1.05663135790187","1.05768059403509","1.05836800591933","1.05871931853741","1.05973176377","1.05871854596603","1.05923455084504","1.06034305779798","1.06002276293632","1.06009186278137","1.05963081513507","1.05984438060569","1.05933489175596","1.05946340283562","1.05964536426065","1.05884395714931","1.05848751831103","1.05699679244736","1.05679698027593","1.05816532046382","1.05711665679995","1.05610252558815","1.05683723066711","1.05748710918571","1.05716096968607","1.05693518028904","1.05719780056878","1.05701621186447","1.05816664759593","1.05810244461162","1.05764078639187","1.05771849010073","1.05781029596135","1.0565322039411","1.0567014776728","1.0560255655134","1.05670744236125","1.05663764026092","1.05646963778937","1.05554045274097","1.0552845694638","1.05562748263024","1.05509169292835","1.0550414657341","1.05572691455284","1.05508984054238","1.05561155276742","1.05547148101347","1.05391365953415","1.05465739314926","1.05473328177262","1.05407650644992","1.05470271673582","1.05499339157635","1.05568027357192","1.05585735114867","1.05630050816005","",
"Finland","FIN","Sex ratio at birth (male births per female births)","SP.POP.BRTH.MF","1.048","1.048","1.049","1.049","1.049","1.047","1.046","1.048","1.048","1.049","1.049","1.05","1.054","1.054","1.052","1.053","1.053","1.051","1.051","1.049","1.052","1.051","1.051","1.047","1.045","1.044","1.046","1.047","1.047","1.047","1.046","1.042","1.043","1.04","1.039","1.043","1.045","1.04","1.043","1.046","1.053","1.05","1.051","1.046","1.049","1.044","1.044","1.048","1.046","1.044","1.048","1.044","1.044","1.049","1.048","1.048","1.044","1.047","1.054","1.051","1.051","1.051","1.052","1.052","1.052","",
"Fiji","FJI","Sex ratio at birth (male births per female births)","SP.POP.BRTH.MF","1.067","1.067","1.068","1.067","1.066","1.066","1.066","1.066","1.066","1.066","1.067","1.068","1.069","1.07","1.071","1.07","1.07","1.07","1.07","1.069","1.069","1.069","1.069","1.069","1.07","1.071","1.071","1.072","1.071","1.071","1.071","1.07","1.07","1.07","1.07","1.07","1.069","1.07","1.07","1.07","1.071","1.071","1.071","1.071","1.071","1.07","1.07","1.07","1.071","1.071","1.07","1.071","1.071","1.072","1.072","1.073","1.074","1.073","1.073","1.072","1.072","1.072","1.071","1.071","1.071","",
"France","FRA","Sex ratio at birth (male births per female births)","SP.POP.BRTH.MF","1.049","1.047","1.047","1.046","1.049","1.05","1.049","1.05","1.049","1.05","1.054","1.053","1.055","1.055","1.055","1.052","1.053","1.054","1.054","1.054","1.053","1.054","1.054","1.052","1.051","1.052","1.052","1.05","1.051","1.049","1.053","1.053","1.054","1.051","1.051","1.05","1.054","1.054","1.051","1.053","1.052","1.048","1.049","1.047","1.05","1.049","1.048","1.048","1.046","1.047","1.046","1.046","1.049","1.049","1.047","1.048","1.049","1.049","1.051","1.047","1.047","1.048","1.049","1.049","1.05","",
"Faroe Islands","FRO","Sex ratio at birth (male births per female births)","SP.POP.BRTH.MF","1.062","1.062","1.062","1.062","1.062","1.062","1.062","1.062","1.062","1.062","1.063","1.063","1.063","1.063","1.063","1.063","1.063","1.063","1.062","1.062","1.061","1.061","1.061","1.061","1.062","1.062","1.063","1.064","1.065","1.065","1.065","1.064","1.062","1.059","1.056","1.054","1.053","1.054","1.057","1.062","1.067","1.072","1.076","1.077","1.075","1.072","1.068","1.064","1.062","1.061","1.062","1.064","1.067","1.069","1.07","1.071","1.07","1.07","1.069","1.068","1.067","1.067","1.067","1.067","1.067","",
"Micronesia, Fed. Sts.","FSM","Sex ratio at birth (male births per female births)","SP.POP.BRTH.MF","1.07","1.07","1.07","1.07","1.07","1.07","1.07","1.07","1.07","1.07","1.07","1.07","1.07","1.07","1.07","1.07","1.07","1.07","1.07","1.07","1.07","1.07","1.07","1.07","1.07","1.07","1.07","1.07","1.07","1.07","1.07","1.07","1.07","1.07","1.07","1.07","1.07","1.07","1.07","1.07","1.07","1.07","1.07","1.07","1.07","1.07","1.07","1.07","1.07","1.07","1.07","1.07","1.07","1.07","1.07","1.07","1.07","1.07","1.07","1.07","1.07","1.07","1.07","1.07","1.07","",
"Gabon","GAB","Sex ratio at birth (male births per female births)","SP.POP.BRTH.MF","1.023","1.022","1.022","1.022","1.022","1.022","1.022","1.022","1.022","1.022","1.021","1.021","1.021","1.021","1.021","1.021","1.021","1.021","1.021","1.021","1.021","1.021","1.021","1.02","1.02","1.02","1.02","1.02","1.019","1.019","1.018","1.017","1.017","1.016","1.017","1.017","1.018","1.018","1.018","1.017","1.017","1.018","1.018","1.018","1.018","1.018","1.017","1.018","1.019","1.02","1.02","1.02","1.02","1.021","1.021","1.021","1.021","1.021","1.021","1.021","1.021","1.021","1.021","1.021","1.021","",
"United Kingdom","GBR","Sex ratio at birth (male births per female births)","SP.POP.BRTH.MF","1.061","1.061","1.061","1.057","1.06","1.059","1.061","1.059","1.059","1.059","1.06","1.061","1.063","1.065","1.061","1.061","1.059","1.06","1.059","1.059","1.052","1.053","1.054","1.056","1.051","1.053","1.053","1.053","1.05","1.051","1.05","1.052","1.052","1.053","1.054","1.052","1.054","1.052","1.052","1.054","1.052","1.051","1.053","1.052","1.054","1.05","1.049","1.053","1.051","1.052","1.052","1.051","1.053","1.054","1.054","1.055","1.054","1.053","1.055","1.055","1.055","1.055","1.055","1.055","1.055","",
"Georgia","GEO","Sex ratio at birth (male births per female births)","SP.POP.BRTH.MF","1.063","1.063","1.063","1.063","1.063","1.063","1.063","1.063","1.063","1.063","1.063","1.064","1.064","1.065","1.065","1.066","1.066","1.067","1.068","1.069","1.069","1.07","1.071","1.072","1.074","1.075","1.076","1.078","1.08","1.081","1.084","1.086","1.088","1.093","1.097","1.101","1.104","1.106","1.107","1.108","1.108","1.107","1.107","1.106","1.104","1.101","1.097","1.093","1.087","1.082","1.082","1.084","1.082","1.079","1.076","1.075","1.07","1.072","1.071","1.07","1.069","1.068","1.067","1.067","1.066","",
"Ghana","GHA","Sex ratio at birth (male births per female births)","SP.POP.BRTH.MF","1.039","1.039","1.039","1.039","1.039","1.039","1.039","1.039","1.039","1.039","1.04","1.04","1.041","1.041","1.041","1.042","1.043","1.044","1.045","1.046","1.045","1.044","1.044","1.043","1.043","1.042","1.042","1.042","1.042","1.043","1.042","1.042","1.041","1.041","1.04","1.041","1.04","1.04","1.04","1.039","1.04","1.04","1.04","1.04","1.039","1.038","1.038","1.038","1.038","1.038","1.038","1.038","1.038","1.037","1.037","1.037","1.037","1.038","1.038","1.038","1.038","1.038","1.038","1.038","1.038","",
"Gibraltar","GIB","Sex ratio at birth (male births per female births)","SP.POP.BRTH.MF","1.077","1.077","1.077","1.077","1.077","1.077","1.076","1.076","1.076","1.075","1.075","1.075","1.075","1.076","1.077","1.077","1.078","1.078","1.078","1.078","1.077","1.076","1.074","1.073","1.071","1.07","1.071","1.072","1.074","1.077","1.081","1.086","1.092","1.098","1.103","1.106","1.107","1.104","1.097","1.088","1.077","1.065","1.054","1.044","1.037","1.034","1.034","1.037","1.041","1.047","1.053","1.059","1.065","1.069","1.072","1.074","1.073","1.072","1.07","1.067","1.065","1.065","1.065","1.065","1.065","",
"Guinea","GIN","Sex ratio at birth (male births per female births)","SP.POP.BRTH.MF","1.044","1.044","1.044","1.044","1.044","1.044","1.044","1.044","1.044","1.044","1.044","1.044","1.045","1.044","1.044","1.045","1.045","1.045","1.045","1.045","1.045","1.045","1.045","1.046","1.046","1.045","1.045","1.045","1.045","1.044","1.044","1.045","1.046","1.047","1.048","1.049","1.05","1.05","1.05","1.05","1.05","1.049","1.049","1.048","1.047","1.046","1.046","1.046","1.045","1.045","1.045","1.046","1.046","1.046","1.046","1.046","1.046","1.045","1.045","1.045","1.045","1.045","1.045","1.045","1.045","",
"Gambia, The","GMB","Sex ratio at birth (male births per female births)","SP.POP.BRTH.MF","1.031","1.031","1.031","1.031","1.031","1.031","1.031","1.031","1.031","1.032","1.032","1.032","1.032","1.032","1.031","1.032","1.032","1.032","1.032","1.031","1.032","1.032","1.031","1.032","1.031","1.032","1.031","1.031","1.031","1.031","1.031","1.031","1.031","1.031","1.031","1.031","1.031","1.031","1.031","1.031","1.031","1.032","1.032","1.031","1.031","1.031","1.031","1.031","1.031","1.031","1.032","1.032","1.032","1.032","1.033","1.032","1.032","1.032","1.032","1.032","1.032","1.032","1.032","1.032","1.032","",
"Guinea-Bissau","GNB","Sex ratio at birth (male births per female births)","SP.POP.BRTH.MF","1.04","1.04","1.04","1.04","1.04","1.039","1.039","1.04","1.04","1.04","1.039","1.039","1.04","1.04","1.04","1.04","1.04","1.04","1.04","1.04","1.04","1.04","1.04","1.04","1.04","1.04","1.04","1.04","1.04","1.04","1.04","1.041","1.041","1.04","1.04","1.041","1.041","1.041","1.042","1.042","1.043","1.043","1.043","1.043","1.043","1.042","1.042","1.042","1.042","1.041","1.042","1.042","1.042","1.042","1.042","1.042","1.042","1.042","1.041","1.041","1.041","1.041","1.041","1.041","1.04","",
"Equatorial Guinea","GNQ","Sex ratio at birth (male births per female births)","SP.POP.BRTH.MF","1.032","1.032","1.032","1.032","1.032","1.032","1.032","1.032","1.032","1.032","1.032","1.032","1.032","1.032","1.032","1.032","1.032","1.032","1.032","1.032","1.032","1.032","1.032","1.032","1.032","1.032","1.032","1.032","1.032","1.032","1.032","1.032","1.032","1.032","1.032","1.032","1.032","1.032","1.032","1.032","1.032","1.032","1.032","1.032","1.032","1.032","1.032","1.032","1.032","1.032","1.032","1.032","1.032","1.032","1.032","1.032","1.032","1.032","1.031","1.031","1.032","1.032","1.031","1.032","1.032","",
"Greece","GRC","Sex ratio at birth (male births per female births)","SP.POP.BRTH.MF","1.071","1.071","1.069","1.068","1.069","1.07","1.07","1.069","1.066","1.068","1.069","1.069","1.069","1.069","1.069","1.069","1.07","1.07","1.073","1.074","1.074","1.075","1.075","1.077","1.075","1.074","1.071","1.067","1.067","1.065","1.061","1.063","1.069","1.067","1.069","1.068","1.061","1.063","1.064","1.064","1.065","1.069","1.063","1.063","1.066","1.067","1.066","1.069","1.066","1.065","1.063","1.063","1.061","1.06","1.06","1.062","1.063","1.064","1.063","1.063","1.064","1.064","1.064","1.064","1.064","",
"Grenada","GRD","Sex ratio at birth (male births per female births)","SP.POP.BRTH.MF","1.038","1.038","1.037","1.037","1.037","1.037","1.037","1.037","1.036","1.036","1.036","1.036","1.035","1.035","1.034","1.033","1.032","1.032","1.032","1.033","1.033","1.033","1.033","1.033","1.033","1.033","1.033","1.032","1.032","1.032","1.033","1.033","1.034","1.034","1.034","1.035","1.036","1.036","1.036","1.036","1.037","1.038","1.039","1.039","1.04","1.04","1.041","1.042","1.043","1.044","1.044","1.044","1.043","1.042","1.043","1.043","1.043","1.043","1.042","1.041","1.041","1.04","1.04","1.04","1.039","",
"Greenland","GRL","Sex ratio at birth (male births per female births)","SP.POP.BRTH.MF","1.05","1.05","1.05","1.05","1.05","1.05","1.05","1.05","1.05","1.05","1.05","1.05","1.05","1.05","1.05","1.05","1.05","1.05","1.05","1.05","1.05","1.05","1.05","1.05","1.05","1.05","1.05","1.05","1.05","1.05","1.05","1.05","1.05","1.05","1.05","1.05","1.05","1.05","1.05","1.05","1.05","1.05","1.05","1.05","1.05","1.05","1.05","1.05","1.05","1.05","1.05","1.05","1.05","1.05","1.05","1.05","1.05","1.05","1.05","1.05","1.05","1.05","1.05","1.05","1.05","",
"Guatemala","GTM","Sex ratio at birth (male births per female births)","SP.POP.BRTH.MF","1.05","1.05","1.049","1.048","1.048","1.048","1.047","1.047","1.047","1.046","1.045","1.045","1.044","1.044","1.044","1.044","1.044","1.045","1.043","1.042","1.04","1.038","1.04","1.041","1.041","1.042","1.042","1.041","1.04","1.04","1.041","1.04","1.04","1.038","1.036","1.035","1.035","1.035","1.034","1.035","1.034","1.034","1.034","1.032","1.032","1.031","1.032","1.033","1.033","1.033","1.034","1.034","1.034","1.034","1.035","1.035","1.036","1.037","1.037","1.038","1.038","1.039","1.039","1.039","1.039","",
"Guam","GUM","Sex ratio at birth (male births per female births)","SP.POP.BRTH.MF","1.073","1.074","1.074","1.074","1.074","1.074","1.074","1.073","1.073","1.072","1.071","1.071","1.07","1.069","1.068","1.067","1.067","1.066","1.066","1.064","1.063","1.062","1.061","1.059","1.06","1.061","1.063","1.064","1.065","1.066","1.068","1.069","1.07","1.071","1.072","1.072","1.073","1.074","1.074","1.074","1.073","1.073","1.072","1.072","1.072","1.071","1.071","1.071","1.071","1.071","1.071","1.071","1.07","1.07","1.07","1.07","1.071","1.07","1.071","1.071","1.071","1.07","1.07","1.07","1.07","",
"Guyana","GUY","Sex ratio at birth (male births per female births)","SP.POP.BRTH.MF","1.035","1.035","1.035","1.036","1.036","1.036","1.036","1.037","1.037","1.036","1.036","1.035","1.033","1.031","1.029","1.027","1.027","1.029","1.03","1.031","1.031","1.032","1.032","1.033","1.033","1.034","1.034","1.034","1.034","1.034","1.034","1.035","1.036","1.036","1.037","1.038","1.038","1.038","1.038","1.038","1.039","1.04","1.04","1.04","1.04","1.04","1.041","1.041","1.042","1.041","1.041","1.04","1.039","1.038","1.038","1.038","1.038","1.038","1.037","1.037","1.037","1.037","1.037","1.037","1.037","",
"High income","HIC","Sex ratio at birth (male births per female births)","SP.POP.BRTH.MF","1.05567695426271","1.05575924849869","1.05511813192008","1.05579669050822","1.05513592494212","1.05530261075852","1.05585312374018","1.05472330162415","1.0566899658427","1.05710472342848","1.05752392679968","1.05699858621763","1.05698292727936","1.05687867646715","1.05722190381497","1.05749397170905","1.05705878789763","1.05650767674505","1.0562603486218","1.05617406767662","1.05545706467589","1.05611880278316","1.05569222591929","1.0558613610732","1.05550444439601","1.05582372562849","1.05608102931701","1.05666130719331","1.05697130563567","1.05722841892615","1.05852992765581","1.05769670361064","1.05913605630857","1.05938796219314","1.05895592613816","1.05773174770539","1.0575234996178","1.05621505655222","1.05612019595185","1.05701906145078","1.05705593087858","1.05508198907412","1.055838069048","1.05547144190718","1.05528211932944","1.0547329858211","1.05457037479421","1.05386180014023","1.053547676091","1.05382273021316","1.05408772586823","1.05403440382524","1.05378868002625","1.05338354163982","1.05367794400527","1.05362665203762","1.05272694263151","1.05331359965757","1.05238889904561","1.05239868996188","1.05253984023837","1.05274419893883","1.05280730432008","1.05312073326407","1.053230436589","",
"Hong Kong SAR, China","HKG","Sex ratio at birth (male births per female births)","SP.POP.BRTH.MF","1.072","1.071","1.069","1.066","1.065","1.065","1.067","1.068","1.066","1.065","1.064","1.064","1.066","1.066","1.067","1.075","1.075","1.071","1.068","1.068","1.067","1.063","1.063","1.063","1.066","1.066","1.065","1.065","1.069","1.068","1.071","1.07","1.072","1.075","1.079","1.078","1.078","1.083","1.086","1.086","1.087","1.084","1.081","1.081","1.086","1.098","1.111","1.123","1.136","1.149","1.154","1.158","1.139","1.095","1.076","1.076","1.076","1.076","1.077","1.077","1.077","1.077","1.077","1.077","1.077","",
"Honduras","HND","Sex ratio at birth (male births per female births)","SP.POP.BRTH.MF","1.05","1.05","1.05","1.05","1.05","1.05","1.05","1.05","1.05","1.05","1.05","1.05","1.05","1.05","1.05","1.05","1.05","1.05","1.05","1.05","1.05","1.05","1.049","1.049","1.049","1.049","1.048","1.049","1.05","1.051","1.051","1.051","1.05","1.05","1.05","1.051","1.052","1.052","1.052","1.053","1.053","1.054","1.055","1.056","1.056","1.056","1.056","1.056","1.055","1.055","1.055","1.055","1.055","1.054","1.054","1.053","1.053","1.052","1.052","1.051","1.051","1.051","1.051","1.051","1.051","",
"Heavily indebted poor countries (HIPC)","HPC","Sex ratio at birth (male births per female births)","SP.POP.BRTH.MF","1.03629136940471","1.03618191849258","1.03627904353024","1.03632374251984","1.03635026894212","1.0363819945018","1.03641609068626","1.03634065591837","1.03627289018173","1.0362522588443","1.03628540821474","1.03627961437706","1.03644693097522","1.0365626638667","1.03648720877249","1.03653672385789","1.0366443474625","1.03670785733935","1.0367317092963","1.03680725018423","1.03663594889279","1.03648654820825","1.03649745706932","1.03652218201551","1.03664373926942","1.0367639007051","1.03695237504945","1.03714602887409","1.03703998524695","1.03703927363118","1.03706421172538","1.03709915562845","1.03720924223234","1.03720217016323","1.03722880029674","1.03711334113401","1.03715423105045","1.03722801369797","1.0370913312069","1.03697905395068","1.03660153269097","1.03603922523129","1.03584808034587","1.03572882960106","1.03555142242675","1.03580631721427","1.03556985496748","1.03546644652937","1.03535588201961","1.03530298791741","1.0353968680106","1.03539631183316","1.03529235450636","1.03516971455562","1.0351019426984","1.03504897533545","1.03510146072531","1.03507395141231","1.03518982343591","1.03523357379653","1.03521467093461","1.03520562882629","1.0353011597212","1.03528678495821","1.0352843423888","",
"Croatia","HRV","Sex ratio at birth (male births per female births)","SP.POP.BRTH.MF","1.054","1.057","1.06","1.061","1.063","1.062","1.058","1.058","1.059","1.06","1.061","1.064","1.062","1.063","1.064","1.062","1.061","1.064","1.063","1.065","1.065","1.064","1.064","1.064","1.063","1.06","1.061","1.061","1.064","1.062","1.062","1.063","1.064","1.063","1.056","1.058","1.062","1.058","1.057","1.058","1.059","1.058","1.058","1.06","1.062","1.059","1.062","1.058","1.058","1.06","1.064","1.065","1.07","1.07","1.065","1.061","1.053","1.059","1.063","1.06","1.06","1.06","1.06","1.06","1.06","",
"Haiti","HTI","Sex ratio at birth (male births per female births)","SP.POP.BRTH.MF","1.03","1.03","1.03","1.03","1.03","1.03","1.031","1.03","1.031","1.031","1.03","1.03","1.031","1.031","1.031","1.031","1.031","1.031","1.03","1.03","1.029","1.029","1.028","1.028","1.028","1.027","1.027","1.027","1.026","1.027","1.027","1.026","1.026","1.026","1.026","1.026","1.026","1.026","1.026","1.026","1.027","1.027","1.028","1.029","1.03","1.032","1.033","1.033","1.033","1.033","1.032","1.032","1.032","1.031","1.031","1.03","1.03","1.03","1.03","1.03","1.03","1.03","1.03","1.03","1.031","",
"Hungary","HUN","Sex ratio at birth (male births per female births)","SP.POP.BRTH.MF","1.071","1.071","1.068","1.067","1.07","1.068","1.07","1.068","1.067","1.07","1.067","1.065","1.069","1.066","1.062","1.06","1.058","1.055","1.056","1.052","1.05","1.049","1.052","1.05","1.05","1.052","1.049","1.053","1.054","1.053","1.048","1.05","1.054","1.054","1.057","1.058","1.061","1.066","1.061","1.065","1.062","1.062","1.059","1.062","1.057","1.06","1.053","1.052","1.053","1.055","1.055","1.061","1.064","1.059","1.055","1.056","1.056","1.056","1.056","1.057","1.058","1.058","1.058","1.059","1.059","",
"IBRD only","IBD","Sex ratio at birth (male births per female births)","SP.POP.BRTH.MF","1.05464767522523","1.05442191194001","1.05591235741379","1.05639449828643","1.05614665674451","1.05612325482328","1.05620879891685","1.05635191438105","1.05635983692962","1.05650849235618","1.057138564358","1.05698426488323","1.05733518918186","1.05733365029927","1.05793849120146","1.05849910598217","1.05951911188319","1.05942835941179","1.05980157991627","1.06038566069073","1.06100962957733","1.06226946145","1.06268828444897","1.0632006290108","1.06442670274756","1.06556108771447","1.06720894969975","1.0699343572223","1.07195057953024","1.07339738048953","1.07614868040862","1.07895486587872","1.08121829252445","1.08422408006691","1.08755230509065","1.09059108611142","1.09245307390806","1.09423825771772","1.09496845738129","1.09502023639396","1.09603437879963","1.09529276522224","1.09395919336045","1.09359588916282","1.09464603157832","1.09443194791865","1.09428365045543","1.09440115419406","1.0943153294096","1.09399108883984","1.09375465708911","1.09450168479408","1.09401604200214","1.09126202976401","1.09073952478806","1.08751480641358","1.08749529331101","1.08336536492644","1.08311983945233","1.08158414777966","1.0738395031137","1.07099008520564","1.06991584506373","1.0691394089512","1.06776947468153","",
"IDA & IBRD total","IBT","Sex ratio at birth (male births per female births)","SP.POP.BRTH.MF","1.05222098371983","1.05193597862721","1.05345240626447","1.05396595873133","1.05369788175145","1.05364446573341","1.05366513562336","1.05377583205663","1.05380817652488","1.05391691068669","1.05443233993501","1.05424153117072","1.05454437713717","1.05451914168447","1.05487923060155","1.05522446044186","1.05587864047847","1.05588216326003","1.05612091240887","1.05624127827124","1.05665874308986","1.05753060411252","1.05777683913807","1.05809999360666","1.05896418687621","1.05979846649521","1.06124843635236","1.0634174049897","1.06502782381871","1.06601997354267","1.06787729368485","1.06956804107537","1.07068809205701","1.07282067579544","1.0749047967432","1.07642912190117","1.07739933761576","1.07829702822211","1.07849787454824","1.07812677891085","1.07845527056187","1.07768950072015","1.07631803055034","1.07561989592368","1.07601292092585","1.07575721762681","1.07508089806225","1.07493033273888","1.07453017441375","1.07399501460789","1.07340804012988","1.07393462022293","1.07371745039613","1.07151419125501","1.07122856690088","1.06883969864171","1.0690546269131","1.06614752475619","1.06549935824672","1.06421186329475","1.05921597704913","1.05728925732949","1.05644990760282","1.05579125788324","1.05499447094257","",
"IDA total","IDA","Sex ratio at birth (male births per female births)","SP.POP.BRTH.MF","1.04418006132519","1.04410353062201","1.04420344437393","1.04436743468854","1.04446062371445","1.04449365793619","1.04459320327914","1.04474651078513","1.04478496207375","1.04495781494203","1.0452058515061","1.04518940465097","1.04548898451906","1.0456201412882","1.04562253313883","1.0456259403361","1.04566103320831","1.0461708727953","1.04624030703237","1.04532195478408","1.04525364836311","1.0448439011205","1.04450250340252","1.04474847030823","1.04483705800887","1.04488205270608","1.04567563604117","1.04644440583873","1.04741295933083","1.04773433883326","1.04788194425425","1.04756318688484","1.04691737397294","1.04763415090446","1.04759391363611","1.0466651549151","1.0463243001122","1.04607902081113","1.04614207403548","1.04613886280547","1.04592997189875","1.04580859346525","1.04510121412944","1.04452483229782","1.04418839893489","1.04432179718367","1.04347698651569","1.04336627949192","1.04282122611703","1.04239064501297","1.04169354954373","1.04135321615556","1.04106175483322","1.04095720312441","1.04113392715357","1.04117555396905","1.04133809477016","1.04135953307573","1.04143071228128","1.04133696425855","1.04121192353161","1.04117658791531","1.04119406784471","1.04107064435504","1.04097118759473","",
"IDA blend","IDB","Sex ratio at birth (male births per female births)","SP.POP.BRTH.MF","1.0466888880988","1.0467550158898","1.04699208509488","1.04698604810216","1.04736422362047","1.04768325020599","1.04793542675159","1.04821463750686","1.04854042458817","1.04918927438955","1.04991442987018","1.04988688866149","1.05016175890938","1.05042762605048","1.05062041195668","1.05057073677355","1.05051507581885","1.0515749100002","1.05119859212976","1.04827420028373","1.04835365443682","1.04873772103433","1.04875963996914","1.04903078921692","1.04969103600649","1.04973270768531","1.05053180588751","1.05164629590403","1.0546278091639","1.05626079090036","1.05708198307388","1.05651624482764","1.05572343114535","1.05826784084359","1.05901332538545","1.0573388372077","1.0570445515023","1.05602597458401","1.05587480516749","1.05580510062645","1.05572463901207","1.05590201989159","1.05425241270267","1.05329009199237","1.05307766790528","1.05341068676072","1.05101167614206","1.05063906499436","1.04944766760651","1.04852334934757","1.04644222628329","1.04546717282594","1.04409043223984","1.04347130343441","1.04359132831076","1.04369738207866","1.04413304166409","1.04424031511745","1.04440427864695","1.04405457886376","1.04410913542061","1.0440633754219","1.04402774233122","1.04398019503586","1.04376474991396","",
"Indonesia","IDN","Sex ratio at birth (male births per female births)","SP.POP.BRTH.MF","1.057","1.057","1.057","1.057","1.057","1.057","1.056","1.056","1.056","1.056","1.056","1.055","1.056","1.056","1.056","1.056","1.058","1.059","1.06","1.061","1.063","1.064","1.066","1.067","1.068","1.069","1.068","1.069","1.07","1.069","1.069","1.069","1.069","1.068","1.066","1.065","1.064","1.063","1.063","1.063","1.063","1.063","1.063","1.063","1.062","1.062","1.061","1.061","1.06","1.06","1.06","1.06","1.06","1.06","1.059","1.059","1.059","1.059","1.06","1.06","1.06","1.06","1.061","1.061","1.06","",
"IDA only","IDX","Sex ratio at birth (male births per female births)","SP.POP.BRTH.MF","1.04303119380845","1.04288647123768","1.04292111262233","1.04316346476617","1.04312425606251","1.04302495873652","1.04305632713603","1.0431557468193","1.04306562829791","1.04302254357793","1.04305138688008","1.04302768915025","1.04333330301246","1.04338565466632","1.0432827834569","1.0432888146992","1.04335059602275","1.04357574308799","1.04384474970846","1.04389737260838","1.04374776612102","1.04290601092925","1.04235064309611","1.04256115045895","1.04235315279047","1.04238607906583","1.04314995055804","1.04371621214691","1.04359807046447","1.04319250158654","1.04295309149868","1.04271346964596","1.04212535572664","1.04188504940822","1.04144216598347","1.04092474970575","1.04054671441366","1.04072895756268","1.04090010957941","1.04089161510677","1.0405856392611","1.04027930568859","1.04007589020135","1.03969761243702","1.03930521051931","1.0392951609942","1.03926032505346","1.03924368871414","1.03899707271927","1.03880897720342","1.03889650035913","1.03892413003251","1.03928406635795","1.03949003846852","1.03970739449791","1.03972907732966","1.03976502514646","1.03975838538244","1.03980264737232","1.03987114799641","1.039666850029","1.03963796222438","1.03969037417397","1.03953161211035","1.03950355553555","",
"Isle of Man","IMN","Sex ratio at birth (male births per female births)","SP.POP.BRTH.MF","1.05","1.05","1.05","1.05","1.05","1.05","1.05","1.05","1.05","1.05","1.05","1.05","1.05","1.05","1.05","1.05","1.05","1.05","1.05","1.05","1.05","1.05","1.05","1.05","1.05","1.05","1.05","1.05","1.05","1.05","1.05","1.05","1.05","1.05","1.05","1.05","1.05","1.05","1.05","1.05","1.05","1.05","1.05","1.05","1.05","1.05","1.05","1.05","1.05","1.05","1.05","1.05","1.05","1.05","1.05","1.05","1.05","1.05","1.05","1.05","1.05","1.05","1.05","1.05","1.05","",
"India","IND","Sex ratio at birth (male births per female births)","SP.POP.BRTH.MF","1.052","1.052","1.052","1.052","1.052","1.052","1.053","1.053","1.053","1.054","1.055","1.055","1.056","1.056","1.058","1.059","1.062","1.062","1.063","1.065","1.067","1.069","1.068","1.068","1.069","1.068","1.068","1.069","1.069","1.067","1.069","1.073","1.076","1.079","1.084","1.089","1.09","1.092","1.093","1.093","1.095","1.093","1.091","1.093","1.094","1.094","1.093","1.093","1.094","1.095","1.096","1.095","1.092","1.091","1.091","1.09","1.088","1.086","1.084","1.082","1.079","1.077","1.075","1.073","1.071","",
"Not classified","INX","Sex ratio at birth (male births per female births)","SP.POP.BRTH.MF","","","","","","","","","","","","","","","","","","","","","","","","","","","","","","","","","","","","","","","","","","","","","","","","","","","","","","","","","","","","","","","","","","",
"Ireland","IRL","Sex ratio at birth (male births per female births)","SP.POP.BRTH.MF","1.051","1.052","1.052","1.053","1.053","1.054","1.059","1.06","1.059","1.057","1.059","1.059","1.06","1.059","1.059","1.058","1.058","1.058","1.057","1.059","1.06","1.059","1.059","1.062","1.064","1.063","1.063","1.061","1.061","1.063","1.065","1.064","1.063","1.064","1.065","1.065","1.066","1.063","1.063","1.061","1.059","1.056","1.055","1.054","1.055","1.054","1.051","1.045","1.049","1.05","1.05","1.051","1.054","1.053","1.055","1.052","1.053","1.054","1.054","1.054","1.055","1.055","1.055","1.056","1.056","",
"Iran, Islamic Rep.","IRN","Sex ratio at birth (male births per female births)","SP.POP.BRTH.MF","1.06","1.062","1.065","1.068","1.071","1.074","1.073","1.069","1.061","1.055","1.057","1.061","1.063","1.067","1.069","1.068","1.063","1.057","1.048","1.037","1.023","1.012","1.007","1.006","1.007","1.009","1.011","1.013","1.018","1.024","1.029","1.031","1.033","1.035","1.037","1.038","1.039","1.04","1.04","1.041","1.042","1.043","1.044","1.044","1.046","1.047","1.048","1.049","1.05","1.051","1.051","1.052","1.053","1.054","1.055","1.056","1.057","1.058","1.057","1.056","1.055","1.054","1.053","1.052","1.052","",
"Iraq","IRQ","Sex ratio at birth (male births per female births)","SP.POP.BRTH.MF","1.056","1.056","1.056","1.056","1.056","1.056","1.056","1.056","1.056","1.056","1.056","1.056","1.056","1.056","1.056","1.056","1.056","1.056","1.056","1.056","1.056","1.056","1.056","1.056","1.057","1.056","1.057","1.056","1.056","1.056","1.055","1.055","1.054","1.054","1.054","1.055","1.056","1.056","1.056","1.057","1.058","1.058","1.059","1.06","1.059","1.059","1.058","1.058","1.059","1.059","1.059","1.059","1.058","1.058","1.058","1.058","1.057","1.057","1.057","1.057","1.057","1.057","1.057","1.057","1.057","",
"Iceland","ISL","Sex ratio at birth (male births per female births)","SP.POP.BRTH.MF","1.057","1.056","1.055","1.054","1.053","1.054","1.054","1.055","1.055","1.055","1.056","1.056","1.057","1.057","1.057","1.057","1.056","1.056","1.056","1.056","1.056","1.057","1.055","1.052","1.051","1.049","1.053","1.056","1.056","1.053","1.054","1.055","1.054","1.052","1.053","1.054","1.053","1.051","1.048","1.044","1.045","1.046","1.047","1.047","1.048","1.049","1.05","1.051","1.05","1.05","1.05","1.05","1.048","1.047","1.05","1.054","1.057","1.062","1.067","1.065","1.063","1.062","1.061","1.06","1.059","",
"Israel","ISR","Sex ratio at birth (male births per female births)","SP.POP.BRTH.MF","1.061","1.061","1.062","1.064","1.064","1.064","1.062","1.061","1.06","1.059","1.058","1.055","1.056","1.055","1.057","1.055","1.055","1.055","1.054","1.053","1.047","1.052","1.054","1.058","1.059","1.055","1.053","1.051","1.053","1.053","1.053","1.053","1.056","1.057","1.057","1.057","1.058","1.058","1.057","1.058","1.057","1.055","1.052","1.053","1.056","1.056","1.055","1.053","1.05","1.05","1.053","1.052","1.052","1.056","1.058","1.058","1.058","1.055","1.053","1.053","1.054","1.054","1.054","1.055","1.055","",
"Italy","ITA","Sex ratio at birth (male births per female births)","SP.POP.BRTH.MF","1.056","1.055","1.053","1.054","1.056","1.056","1.054","1.054","1.055","1.055","1.058","1.059","1.063","1.061","1.06","1.061","1.062","1.06","1.06","1.062","1.066","1.06","1.059","1.061","1.06","1.059","1.063","1.065","1.063","1.062","1.062","1.063","1.065","1.066","1.066","1.064","1.063","1.061","1.061","1.059","1.062","1.058","1.057","1.057","1.056","1.064","1.063","1.061","1.057","1.06","1.06","1.059","1.058","1.057","1.059","1.059","1.056","1.059","1.059","1.059","1.059","1.059","1.059","1.059","1.059","",
"Jamaica","JAM","Sex ratio at birth (male births per female births)","SP.POP.BRTH.MF","1.028","1.029","1.03","1.032","1.033","1.035","1.036","1.036","1.037","1.038","1.039","1.04","1.04","1.041","1.041","1.042","1.042","1.043","1.044","1.045","1.045","1.044","1.044","1.043","1.043","1.043","1.043","1.043","1.042","1.041","1.041","1.041","1.041","1.041","1.041","1.04","1.041","1.041","1.04","1.04","1.04","1.04","1.04","1.04","1.04","1.04","1.04","1.04","1.04","1.041","1.042","1.041","1.041","1.041","1.041","1.041","1.04","1.04","1.04","1.04","1.04","1.039","1.039","1.039","1.039","",
"Jordan","JOR","Sex ratio at birth (male births per female births)","SP.POP.BRTH.MF","1.053","1.053","1.054","1.055","1.056","1.057","1.059","1.061","1.063","1.065","1.068","1.071","1.073","1.074","1.073","1.072","1.071","1.068","1.065","1.063","1.062","1.061","1.06","1.059","1.059","1.063","1.058","1.056","1.055","1.052","1.054","1.055","1.054","1.052","1.048","1.048","1.048","1.049","1.049","1.049","1.049","1.048","1.047","1.045","1.043","1.043","1.043","1.043","1.044","1.046","1.049","1.05","1.051","1.051","1.051","1.05","1.05","1.05","1.049","1.049","1.049","1.049","1.049","1.049","1.049","",
"Japan","JPN","Sex ratio at birth (male births per female births)","SP.POP.BRTH.MF","1.056","1.059","1.06","1.057","1.058","1.055","1.071","1.056","1.07","1.072","1.071","1.067","1.065","1.062","1.064","1.062","1.062","1.061","1.06","1.061","1.06","1.059","1.055","1.057","1.055","1.056","1.059","1.058","1.056","1.056","1.055","1.057","1.059","1.056","1.055","1.053","1.055","1.053","1.054","1.056","1.058","1.055","1.056","1.055","1.053","1.053","1.053","1.055","1.053","1.054","1.057","1.055","1.053","1.052","1.055","1.054","1.053","1.052","1.052","1.052","1.051","1.051","1.051","1.051","1.051","",
"Kazakhstan","KAZ","Sex ratio at birth (male births per female births)","SP.POP.BRTH.MF","1.062","1.061","1.062","1.061","1.062","1.061","1.061","1.061","1.061","1.061","1.061","1.061","1.061","1.061","1.061","1.061","1.061","1.06","1.06","1.06","1.06","1.059","1.06","1.06","1.06","1.06","1.06","1.06","1.059","1.058","1.058","1.058","1.059","1.061","1.063","1.062","1.062","1.061","1.061","1.061","1.059","1.059","1.058","1.059","1.059","1.059","1.059","1.06","1.06","1.061","1.061","1.062","1.062","1.063","1.064","1.065","1.066","1.067","1.066","1.066","1.066","1.065","1.065","1.064","1.064","",
"Kenya","KEN","Sex ratio at birth (male births per female births)","SP.POP.BRTH.MF","1.019","1.02","1.019","1.019","1.02","1.02","1.02","1.02","1.02","1.02","1.021","1.021","1.021","1.02","1.019","1.019","1.019","1.019","1.018","1.017","1.017","1.017","1.017","1.016","1.015","1.015","1.015","1.016","1.015","1.016","1.016","1.017","1.018","1.018","1.018","1.018","1.018","1.018","1.018","1.018","1.019","1.019","1.019","1.018","1.019","1.019","1.019","1.019","1.02","1.021","1.021","1.022","1.022","1.022","1.022","1.022","1.022","1.022","1.022","1.022","1.022","1.022","1.022","1.022","1.021","",
"Kyrgyz Republic","KGZ","Sex ratio at birth (male births per female births)","SP.POP.BRTH.MF","1.055","1.055","1.055","1.055","1.055","1.054","1.054","1.054","1.054","1.054","1.054","1.053","1.053","1.053","1.052","1.052","1.051","1.051","1.05","1.049","1.048","1.048","1.047","1.046","1.044","1.043","1.043","1.043","1.047","1.05","1.053","1.054","1.054","1.055","1.056","1.058","1.058","1.058","1.056","1.054","1.053","1.053","1.052","1.055","1.057","1.057","1.057","1.058","1.059","1.059","1.057","1.057","1.058","1.059","1.06","1.061","1.059","1.058","1.058","1.057","1.057","1.057","1.057","1.056","1.056","",
"Cambodia","KHM","Sex ratio at birth (male births per female births)","SP.POP.BRTH.MF","1.053","1.053","1.053","1.053","1.053","1.053","1.053","1.053","1.053","1.053","1.053","1.053","1.053","1.054","1.054","1.054","1.054","1.054","1.054","1.055","1.055","1.054","1.054","1.054","1.052","1.051","1.05","1.049","1.049","1.049","1.049","1.048","1.047","1.047","1.047","1.048","1.048","1.049","1.049","1.049","1.05","1.05","1.049","1.05","1.05","1.05","1.051","1.051","1.051","1.051","1.051","1.051","1.051","1.051","1.051","1.051","1.052","1.052","1.052","1.052","1.052","1.052","1.052","1.052","1.053","",
"Kiribati","KIR","Sex ratio at birth (male births per female births)","SP.POP.BRTH.MF","1.072","1.072","1.072","1.072","1.071","1.071","1.071","1.071","1.071","1.071","1.071","1.072","1.072","1.072","1.072","1.072","1.072","1.072","1.071","1.072","1.072","1.071","1.071","1.071","1.072","1.072","1.072","1.072","1.072","1.072","1.072","1.072","1.072","1.072","1.072","1.072","1.072","1.072","1.072","1.072","1.072","1.072","1.072","1.072","1.072","1.072","1.072","1.072","1.072","1.072","1.072","1.072","1.072","1.072","1.072","1.072","1.072","1.072","1.072","1.072","1.072","1.072","1.071","1.071","1.071","",
"St. Kitts and Nevis","KNA","Sex ratio at birth (male births per female births)","SP.POP.BRTH.MF","1.037","1.037","1.037","1.037","1.036","1.036","1.036","1.036","1.036","1.036","1.036","1.035","1.035","1.035","1.035","1.036","1.036","1.037","1.037","1.038","1.038","1.038","1.037","1.037","1.037","1.037","1.038","1.038","1.039","1.039","1.039","1.039","1.038","1.037","1.036","1.035","1.035","1.034","1.034","1.034","1.034","1.034","1.035","1.035","1.035","1.035","1.036","1.036","1.036","1.036","1.037","1.036","1.037","1.037","1.037","1.037","1.037","1.037","1.037","1.037","1.037","1.037","1.037","1.037","1.037","",
"Korea, Rep.","KOR","Sex ratio at birth (male births per female births)","SP.POP.BRTH.MF","1.062","1.062","1.062","1.062","1.062","1.062","1.062","1.062","1.062","1.061","1.061","1.061","1.061","1.061","1.061","1.061","1.061","1.061","1.061","1.061","1.061","1.074","1.073","1.077","1.087","1.097","1.112","1.102","1.127","1.128","1.157","1.13","1.138","1.152","1.15","1.132","1.115","1.089","1.1","1.097","1.1","1.093","1.097","1.088","1.082","1.078","1.074","1.064","1.063","1.064","1.066","1.058","1.057","1.054","1.053","1.053","1.052","1.061","1.055","1.056","1.057","1.057","1.058","1.058","1.059","",
"Kuwait","KWT","Sex ratio at birth (male births per female births)","SP.POP.BRTH.MF","1.048","1.05","1.051","1.049","1.048","1.046","1.043","1.04","1.039","1.036","1.036","1.036","1.037","1.037","1.038","1.038","1.038","1.037","1.036","1.036","1.036","1.035","1.036","1.035","1.034","1.034","1.034","1.035","1.039","1.04","1.041","1.042","1.042","1.043","1.043","1.043","1.044","1.044","1.043","1.044","1.043","1.042","1.042","1.042","1.043","1.042","1.043","1.044","1.043","1.041","1.043","1.044","1.047","1.05","1.051","1.051","1.051","1.051","1.051","1.05","1.049","1.048","1.048","1.047","1.047","",
"Latin America & Caribbean (excluding high income)","LAC","Sex ratio at birth (male births per female births)","SP.POP.BRTH.MF","1.0428234369636","1.04279432825605","1.04293658489674","1.04287812474155","1.04320041689329","1.04327587717973","1.04336821322755","1.04298332310565","1.04307242664998","1.0428925802954","1.04272510414928","1.04245384676616","1.04235043973224","1.0425149336271","1.04242519876319","1.0427837519822","1.04322636181066","1.04336191780469","1.04362512609422","1.04324513174303","1.04322809435243","1.04313639185932","1.04312176483658","1.04376558548866","1.0439652331026","1.04386786010013","1.04404823783911","1.04419236019754","1.04436572167074","1.04486755645992","1.04512815890473","1.0453213340996","1.04525231875045","1.04526800132576","1.04491168646962","1.04516066332819","1.04517033995101","1.04498162598491","1.04508059052954","1.0450302607835","1.04497827840972","1.04518701921542","1.04514752138975","1.04523141864082","1.04505867583208","1.04494633004528","1.0453653683919","1.04521499257414","1.04493059040112","1.04505618978944","1.04518675822512","1.04526820191349","1.04516694894992","1.04501832627149","1.0450119834906","1.04484504722106","1.04471701518713","1.04447637549231","1.04438825219407","1.04417949767003","1.04398266650413","1.04393022608198","1.04373659165643","1.04374401174353","1.04376677280264","",
"Lao PDR","LAO","Sex ratio at birth (male births per female births)","SP.POP.BRTH.MF","1.053","1.053","1.053","1.053","1.053","1.053","1.053","1.053","1.054","1.053","1.053","1.053","1.053","1.053","1.054","1.053","1.053","1.053","1.053","1.053","1.053","1.053","1.053","1.053","1.053","1.053","1.052","1.053","1.052","1.052","1.052","1.052","1.051","1.051","1.051","1.051","1.051","1.05","1.05","1.049","1.05","1.049","1.049","1.048","1.047","1.048","1.048","1.048","1.048","1.049","1.05","1.051","1.051","1.051","1.052","1.052","1.052","1.053","1.053","1.053","1.053","1.053","1.053","1.053","1.053","",
"Lebanon","LBN","Sex ratio at birth (male births per female births)","SP.POP.BRTH.MF","1.073","1.074","1.075","1.073","1.069","1.063","1.06","1.059","1.059","1.059","1.058","1.059","1.06","1.06","1.059","1.058","1.057","1.056","1.056","1.055","1.055","1.054","1.053","1.053","1.053","1.052","1.052","1.052","1.051","1.051","1.05","1.049","1.048","1.048","1.046","1.045","1.043","1.041","1.039","1.037","1.038","1.039","1.038","1.038","1.036","1.034","1.032","1.03","1.028","1.034","1.038","1.044","1.046","1.05","1.051","1.051","1.052","1.052","1.052","1.052","1.053","1.053","1.053","1.053","1.053","",
"Liberia","LBR","Sex ratio at birth (male births per female births)","SP.POP.BRTH.MF","1.037","1.037","1.037","1.037","1.037","1.037","1.037","1.036","1.036","1.036","1.036","1.037","1.037","1.037","1.038","1.038","1.038","1.038","1.038","1.038","1.038","1.039","1.039","1.039","1.04","1.04","1.04","1.04","1.04","1.039","1.039","1.038","1.038","1.038","1.039","1.039","1.039","1.039","1.04","1.04","1.04","1.04","1.04","1.04","1.04","1.041","1.041","1.041","1.041","1.04","1.04","1.04","1.041","1.04","1.04","1.039","1.039","1.039","1.039","1.039","1.039","1.039","1.039","1.039","1.038","",
"Libya","LBY","Sex ratio at birth (male births per female births)","SP.POP.BRTH.MF","1.056","1.055","1.055","1.055","1.054","1.054","1.053","1.052","1.052","1.051","1.05","1.049","1.048","1.048","1.049","1.046","1.043","1.04","1.039","1.042","1.047","1.05","1.051","1.052","1.053","1.056","1.058","1.061","1.062","1.062","1.061","1.063","1.067","1.073","1.076","1.074","1.073","1.072","1.071","1.07","1.07","1.071","1.072","1.072","1.073","1.074","1.074","1.066","1.06","1.057","1.057","1.057","1.057","1.057","1.057","1.057","1.057","1.057","1.057","1.057","1.057","1.057","1.057","1.057","1.057","",
"St. Lucia","LCA","Sex ratio at birth (male births per female births)","SP.POP.BRTH.MF","1.03","1.03","1.03","1.03","1.029","1.029","1.029","1.029","1.028","1.027","1.027","1.027","1.027","1.028","1.029","1.03","1.03","1.03","1.03","1.03","1.029","1.029","1.027","1.026","1.025","1.025","1.025","1.026","1.027","1.028","1.029","1.031","1.032","1.033","1.033","1.033","1.032","1.031","1.031","1.03","1.03","1.031","1.032","1.033","1.033","1.034","1.034","1.033","1.032","1.031","1.031","1.031","1.031","1.03","1.03","1.031","1.031","1.031","1.031","1.031","1.031","1.031","1.031","1.031","1.031","",
"Latin America & Caribbean","LCN","Sex ratio at birth (male births per female births)","SP.POP.BRTH.MF","1.04260855893376","1.04257346006344","1.04279815805477","1.04273577003361","1.04303506457493","1.04317291347198","1.04330702465876","1.04299660316333","1.04316517306253","1.04298746776788","1.04288562896237","1.04267412695075","1.04253621579429","1.04270267477952","1.04258937942838","1.04290989031039","1.04330601542971","1.04347121443435","1.0437279518442","1.04337573017716","1.04332814918517","1.04323684243724","1.04329306030762","1.04391622669987","1.04410212705756","1.04400098992434","1.04420945207698","1.04444347545524","1.04461998251656","1.04513305960245","1.04541350381331","1.04553649430252","1.04540722450387","1.04541950615561","1.04505127829882","1.04531260030797","1.04540521617602","1.04522551302752","1.04524530757738","1.04521232684778","1.04513634133187","1.04531030017079","1.04530234805308","1.04537170455576","1.04524183833905","1.04516196219161","1.04547122337403","1.04529819730538","1.04498234378182","1.04506550303251","1.04516546374967","1.045287776954","1.045157338299","1.04503509291748","1.04507178581453","1.04489565594358","1.04472073335312","1.04455030157982","1.04446391656541","1.0442552349618","1.04405508885865","1.04401678391451","1.04382564177147","1.04384298481003","1.04386163210694","",
"Least developed countries: UN classification","LDC","Sex ratio at birth (male births per female births)","SP.POP.BRTH.MF","1.04229560050634","1.04218624907018","1.04222600505641","1.04249069549286","1.0424816212206","1.04238496971904","1.04242319078769","1.0425630634084","1.04246940458945","1.04242929602744","1.04244513817935","1.04242253621131","1.04273880046652","1.04281567420615","1.04272880066844","1.04270235405062","1.04269898800363","1.04288635993474","1.04310439872913","1.04308703406186","1.04293730085859","1.04200724118371","1.04135432592279","1.04156318866863","1.04132663623415","1.04152732377966","1.0422876747865","1.04284921938036","1.0426872324284","1.04222793632468","1.04200656728164","1.04179743846943","1.04126667008273","1.04101551314384","1.04058194594741","1.0399813505404","1.03962680659214","1.03978213571004","1.03996019129721","1.04002377334685","1.03965662981186","1.03931804032495","1.03910567277543","1.03864539255135","1.03826470298053","1.03825163566594","1.03817974299397","1.03808088769617","1.03782280746629","1.03760102805416","1.03763538701641","1.03766684798545","1.03804366650613","1.03829154080193","1.03855079869719","1.03861407788028","1.03874043090303","1.03872381735924","1.03880565311891","1.03884925803482","1.03869859414413","1.03867298663431","1.03873478484496","1.03857554919441","1.03856515293973","",
"Low income","LIC","Sex ratio at birth (male births per female births)","SP.POP.BRTH.MF","1.04059424575455","1.04037285944912","1.04055851378246","1.04071119803896","1.04070097733463","1.04069889256868","1.04078709072684","1.04079563841805","1.04066665917129","1.04060157992612","1.04070578467966","1.04066411571316","1.04077390718355","1.04080664803158","1.04067745009049","1.04068238852521","1.04080772129543","1.04083504247613","1.0409677690677","1.04116230650837","1.04095148491913","1.04104069555325","1.04121476500377","1.04129508332269","1.0414755692766","1.04161466756303","1.04173737205818","1.04182627159184","1.04169496239635","1.04159593582552","1.04149313596565","1.04157069598495","1.04163672859359","1.0415779310434","1.04161113128284","1.04141498212654","1.0415862026886","1.04164882188642","1.04143539064925","1.04136379296126","1.04083529135278","1.0402159910764","1.03989097192556","1.03965613475359","1.03939278357071","1.0395352239415","1.03936431967148","1.03920018795555","1.0390883995405","1.03896680703833","1.03899627951782","1.03890275075231","1.03864161203454","1.03857421296862","1.03839842768358","1.03832598061599","1.03825121913858","1.03825518774206","1.03842129438822","1.03845885823072","1.03840538136302","1.0384465279224","1.03856138261301","1.03847148277538","1.03846816909992","",
"Liechtenstein","LIE","Sex ratio at birth (male births per female births)","SP.POP.BRTH.MF","1.02","1.02","1.02","1.02","1.02","1.019","1.018","1.018","1.017","1.017","1.018","1.019","1.02","1.022","1.023","1.024","1.024","1.023","1.021","1.018","1.014","1.011","1.01","1.01","1.012","1.016","1.021","1.028","1.034","1.039","1.042","1.039","1.03","1.017","1","0.983","0.971","0.967","0.974","0.99","1.014","1.042","1.069","1.091","1.109","1.122","1.133","1.145","1.161","1.18","1.202","1.226","1.248","1.266","1.278","1.282","1.276","1.259","1.233","1.199","1.163","1.163","1.163","1.163","1.163","",
"Sri Lanka","LKA","Sex ratio at birth (male births per female births)","SP.POP.BRTH.MF","1.043","1.042","1.042","1.042","1.041","1.041","1.041","1.04","1.04","1.04","1.04","1.04","1.04","1.039","1.038","1.038","1.039","1.04","1.042","1.043","1.044","1.045","1.044","1.044","1.045","1.045","1.046","1.046","1.046","1.045","1.044","1.042","1.041","1.041","1.041","1.041","1.042","1.044","1.045","1.045","1.046","1.046","1.045","1.046","1.046","1.047","1.047","1.047","1.047","1.046","1.045","1.044","1.043","1.043","1.043","1.043","1.043","1.043","1.043","1.044","1.044","1.044","1.044","1.044","1.044","",
"Lower middle income","LMC","Sex ratio at birth (male births per female births)","SP.POP.BRTH.MF","1.04977140948864","1.0498261768792","1.04984948677583","1.04994069364184","1.04999523072206","1.0500259393913","1.05065438051848","1.050749353227","1.05084477633376","1.05154505548509","1.05220214507101","1.05222875388573","1.05293136768723","1.05297909670323","1.05405044952972","1.05457250111425","1.0561221698051","1.05635563879667","1.0567711267353","1.057099906317","1.05811624069747","1.05870373747473","1.05783478442092","1.05788577146081","1.05840971176865","1.05768848541276","1.05809711423654","1.05906333575877","1.05990528515407","1.05920931885205","1.06049068731574","1.06245435754659","1.06361193421317","1.06559303402064","1.06789007856815","1.06970646286944","1.06972646910012","1.0703278674","1.07078042255164","1.07062769908333","1.07154452706115","1.07049752149405","1.06875728395113","1.068857989922","1.06897840420175","1.06874031367","1.06741268970351","1.06706313517738","1.06691197060818","1.06698941557559","1.06648104555855","1.06558451368123","1.06380232907958","1.06295654631065","1.06266592707322","1.0623279511426","1.06174636723633","1.06068915853348","1.06000281199849","1.05894258740711","1.05742979745433","1.05649467962316","1.05560860026909","1.05473781586469","1.05387405612256","",
"Low & middle income","LMY","Sex ratio at birth (male births per female births)","SP.POP.BRTH.MF","1.05206561513534","1.05178125444018","1.05343463987001","1.05389210584826","1.05372099872148","1.05369904366036","1.05371509748193","1.05387229908577","1.05392288578844","1.05401497106288","1.05452668517708","1.05432160473688","1.05465069701416","1.05459066388973","1.05496966679405","1.05525862468309","1.0559428538823","1.05607239021495","1.05632408389815","1.0564268252719","1.05693633427348","1.05777735022114","1.05800173192105","1.05837525156057","1.05921438774622","1.06009079168819","1.06162268531844","1.06373288742316","1.06541408319706","1.06634298441579","1.06823470937383","1.06989713218582","1.0710380827195","1.07318484084613","1.07532293898955","1.07686425453329","1.07776836581196","1.07864662072981","1.07884241470975","1.07842259473619","1.0787518490651","1.07797475213602","1.07659532344759","1.07589376884806","1.07631416776241","1.07607111510973","1.07539587566675","1.07525404874339","1.07490624108555","1.07436085729501","1.07372097468734","1.07426751598738","1.07404806632779","1.07183725439879","1.07150149188728","1.06909089396081","1.06932176695927","1.06634520347377","1.06568249299431","1.06437131970094","1.05928874911425","1.05734009266589","1.05648555905409","1.05581617868997","1.05500580288671","",
"Lesotho","LSO","Sex ratio at birth (male births per female births)","SP.POP.BRTH.MF","1.027","1.027","1.026","1.026","1.026","1.026","1.026","1.026","1.026","1.026","1.026","1.026","1.027","1.027","1.027","1.028","1.028","1.028","1.028","1.028","1.028","1.028","1.028","1.027","1.028","1.028","1.028","1.028","1.028","1.029","1.029","1.029","1.029","1.029","1.028","1.029","1.029","1.028","1.028","1.029","1.029","1.029","1.03","1.03","1.03","1.03","1.029","1.029","1.028","1.027","1.027","1.026","1.026","1.026","1.026","1.027","1.027","1.027","1.027","1.027","1.027","1.028","1.028","1.028","1.028","",
"Late-demographic dividend","LTE","Sex ratio at birth (male births per female births)","SP.POP.BRTH.MF","1.05744427580569","1.05705341859163","1.05896385974017","1.05943719614274","1.05914747003986","1.05906321183788","1.05899634442919","1.05951776166421","1.05967407662184","1.05969909582578","1.0603763869157","1.06016664195982","1.06013786198904","1.06013429394269","1.06041125232007","1.06098481454024","1.06106156544971","1.06088984915206","1.06126456935296","1.06167120232602","1.06218313834959","1.06420958694615","1.06582097258942","1.06708558289816","1.06900977943186","1.0722634168708","1.07573506909522","1.08037190663196","1.08449364430253","1.08912939947628","1.09354352457375","1.09740203367834","1.10092287002105","1.10566245995156","1.10986333900022","1.11349848844117","1.11743412292262","1.12056822501017","1.12221880165933","1.12332076790723","1.12452456872104","1.12552287058794","1.12480008478689","1.12299810579313","1.12555547435614","1.12522659967437","1.12657988386372","1.12677601055047","1.12566713229408","1.1238793998235","1.12275965234292","1.1243710449141","1.12440837140487","1.1203681575091","1.11815477747054","1.1126381235709","1.11229234960561","1.10427477266218","1.10661414086523","1.10459552637059","1.0878477107891","1.0824856293564","1.08191968728632","1.0821759571856","1.08045633247659","",
"Lithuania","LTU","Sex ratio at birth (male births per female births)","SP.POP.BRTH.MF","1.05","1.052","1.053","1.054","1.053","1.053","1.048","1.044","1.046","1.051","1.051","1.049","1.048","1.044","1.041","1.042","1.045","1.047","1.048","1.049","1.052","1.052","1.052","1.055","1.053","1.052","1.062","1.056","1.055","1.056","1.054","1.055","1.053","1.057","1.056","1.056","1.056","1.062","1.066","1.064","1.064","1.059","1.059","1.058","1.05","1.047","1.045","1.048","1.053","1.054","1.054","1.057","1.052","1.05","1.053","1.058","1.061","1.057","1.051","1.052","1.052","1.052","1.052","1.052","1.052","",
"Luxembourg","LUX","Sex ratio at birth (male births per female births)","SP.POP.BRTH.MF","1.058","1.057","1.058","1.059","1.06","1.059","1.059","1.06","1.061","1.061","1.061","1.062","1.063","1.062","1.061","1.06","1.059","1.058","1.056","1.055","1.054","1.056","1.055","1.055","1.057","1.057","1.056","1.055","1.056","1.057","1.059","1.06","1.061","1.063","1.062","1.065","1.067","1.067","1.068","1.067","1.068","1.066","1.066","1.068","1.065","1.062","1.058","1.054","1.054","1.054","1.052","1.054","1.054","1.054","1.055","1.054","1.051","1.05","1.048","1.048","1.05","1.051","1.052","1.053","1.053","",
"Latvia","LVA","Sex ratio at birth (male births per female births)","SP.POP.BRTH.MF","1.056","1.061","1.069","1.063","1.061","1.06","1.056","1.059","1.059","1.057","1.055","1.054","1.06","1.058","1.061","1.061","1.061","1.058","1.056","1.058","1.058","1.059","1.057","1.053","1.05","1.052","1.05","1.054","1.057","1.056","1.05","1.049","1.05","1.048","1.053","1.058","1.06","1.059","1.056","1.054","1.051","1.049","1.052","1.055","1.053","1.049","1.045","1.043","1.044","1.046","1.051","1.053","1.056","1.057","1.064","1.07","1.072","1.072","1.071","1.069","1.067","1.066","1.065","1.064","1.063","",
"Macao SAR, China","MAC","Sex ratio at birth (male births per female births)","SP.POP.BRTH.MF","1.075","1.075","1.075","1.074","1.074","1.074","1.074","1.074","1.073","1.073","1.073","1.073","1.073","1.074","1.074","1.073","1.073","1.072","1.072","1.071","1.071","1.07","1.07","1.067","1.066","1.065","1.065","1.065","1.066","1.069","1.071","1.073","1.075","1.077","1.079","1.08","1.081","1.081","1.081","1.081","1.081","1.08","1.081","1.081","1.082","1.082","1.083","1.083","1.085","1.085","1.087","1.088","1.09","1.09","1.089","1.088","1.087","1.086","1.086","1.084","1.082","1.081","1.08","1.08","1.079","",
"St. Martin (French part)","MAF","Sex ratio at birth (male births per female births)","SP.POP.BRTH.MF","1.04","1.04","1.04","1.04","1.04","1.04","1.04","1.04","1.04","1.04","1.04","1.04","1.04","1.04","1.04","1.04","1.04","1.04","1.04","1.04","1.04","1.04","1.04","1.04","1.04","1.04","1.04","1.04","1.04","1.04","1.04","1.04","1.04","1.04","1.04","1.04","1.04","1.04","1.04","1.04","1.04","1.04","1.04","1.04","1.04","1.04","1.04","1.04","1.04","1.04","1.04","1.04","1.04","1.04","1.04","1.04","1.04","1.04","1.04","1.04","1.04","1.04","1.04","1.04","1.04","",
"Morocco","MAR","Sex ratio at birth (male births per female births)","SP.POP.BRTH.MF","1.045","1.046","1.046","1.046","1.046","1.046","1.047","1.047","1.047","1.048","1.048","1.049","1.049","1.049","1.049","1.049","1.049","1.048","1.048","1.048","1.048","1.047","1.046","1.045","1.044","1.043","1.042","1.04","1.041","1.042","1.042","1.042","1.041","1.04","1.04","1.041","1.042","1.043","1.043","1.043","1.042","1.041","1.04","1.038","1.04","1.041","1.042","1.043","1.043","1.044","1.044","1.045","1.045","1.045","1.046","1.046","1.046","1.046","1.046","1.047","1.047","1.047","1.047","1.047","1.047","",
"Monaco","MCO","Sex ratio at birth (male births per female births)","SP.POP.BRTH.MF","1.05","1.05","1.049","1.049","1.049","1.049","1.049","1.049","1.049","1.049","1.049","1.049","1.049","1.049","1.049","1.049","1.049","1.049","1.049","1.049","1.049","1.049","1.048","1.048","1.048","1.048","1.048","1.048","1.048","1.047","1.047","1.047","1.047","1.046","1.046","1.045","1.045","1.045","1.045","1.044","1.044","1.044","1.044","1.044","1.044","1.044","1.043","1.043","1.043","1.044","1.045","1.045","1.045","1.045","1.045","1.046","1.047","1.047","1.048","1.048","1.048","1.048","1.048","1.049","1.049","",
"Moldova","MDA","Sex ratio at birth (male births per female births)","SP.POP.BRTH.MF","1.061","1.061","1.061","1.061","1.061","1.061","1.061","1.061","1.061","1.061","1.061","1.061","1.061","1.061","1.061","1.061","1.061","1.061","1.061","1.061","1.061","1.061","1.061","1.061","1.06","1.059","1.059","1.058","1.057","1.055","1.055","1.055","1.055","1.057","1.058","1.059","1.06","1.061","1.062","1.062","1.063","1.063","1.064","1.064","1.064","1.064","1.064","1.064","1.064","1.064","1.063","1.063","1.063","1.063","1.064","1.064","1.064","1.064","1.064","1.063","1.063","1.063","1.063","1.062","1.062","",
"Madagascar","MDG","Sex ratio at birth (male births per female births)","SP.POP.BRTH.MF","1.038","1.038","1.038","1.038","1.038","1.038","1.038","1.037","1.037","1.037","1.037","1.037","1.037","1.037","1.037","1.038","1.038","1.038","1.039","1.039","1.04","1.041","1.042","1.042","1.043","1.044","1.044","1.043","1.042","1.041","1.041","1.041","1.039","1.039","1.037","1.036","1.036","1.037","1.037","1.036","1.036","1.035","1.034","1.034","1.034","1.034","1.034","1.034","1.035","1.036","1.037","1.038","1.038","1.039","1.039","1.04","1.04","1.04","1.04","1.039","1.039","1.039","1.039","1.038","1.038","",
"Maldives","MDV","Sex ratio at birth (male births per female births)","SP.POP.BRTH.MF","1.054","1.054","1.054","1.054","1.055","1.055","1.055","1.055","1.055","1.055","1.055","1.056","1.056","1.056","1.057","1.057","1.056","1.056","1.056","1.056","1.056","1.056","1.055","1.056","1.056","1.055","1.055","1.056","1.057","1.057","1.058","1.059","1.059","1.059","1.058","1.057","1.057","1.057","1.057","1.057","1.056","1.057","1.057","1.058","1.058","1.058","1.059","1.059","1.06","1.059","1.06","1.06","1.058","1.054","1.05","1.046","1.044","1.044","1.046","1.047","1.048","1.049","1.05","1.051","1.051","",
"Middle East, North Africa, Afghanistan & Pakistan","MEA","Sex ratio at birth (male births per female births)","SP.POP.BRTH.MF","1.05549772860605","1.05603454554631","1.05646424329708","1.05703278289091","1.05772332478911","1.05825092563456","1.05836811490219","1.05779489286904","1.05706259657333","1.05671040318493","1.05735123242007","1.05808621176873","1.05847070349178","1.05926413070635","1.0597872745375","1.05993742473803","1.05951625856761","1.05983964826864","1.0577971615096","1.05354337854329","1.05138246226872","1.04949629640345","1.04844354787099","1.04810956968429","1.04852999244047","1.04803415223826","1.04861361730968","1.049894510086","1.05411044475029","1.05663304892791","1.05874204647399","1.05952937691917","1.05963416428491","1.06248254477824","1.06356432681939","1.06327513754329","1.06377201043765","1.06356983302577","1.06370643844858","1.0643835152149","1.06460573018577","1.06467980281221","1.06326584486694","1.0615762079982","1.06180904840154","1.06241517803397","1.06065204875496","1.06129047523444","1.06010633880476","1.05925899182684","1.05746005612923","1.05643222268521","1.05473170469496","1.05421433150152","1.05391299850288","1.05361938967165","1.0534902306817","1.053592091602","1.05356919129334","1.05379158618332","1.05364753849476","1.05372263094478","1.05367003978882","1.05366267399504","1.05369073882128","",
"Mexico","MEX","Sex ratio at birth (male births per female births)","SP.POP.BRTH.MF","1.036","1.036","1.037","1.037","1.037","1.037","1.038","1.037","1.038","1.038","1.037","1.037","1.036","1.036","1.035","1.036","1.037","1.038","1.039","1.04","1.04","1.039","1.039","1.039","1.038","1.038","1.038","1.038","1.038","1.038","1.038","1.038","1.038","1.038","1.038","1.038","1.038","1.038","1.038","1.038","1.038","1.039","1.039","1.039","1.039","1.038","1.039","1.039","1.039","1.039","1.039","1.039","1.039","1.039","1.039","1.039","1.039","1.039","1.039","1.039","1.039","1.039","1.039","1.039","1.039","",
"Marshall Islands","MHL","Sex ratio at birth (male births per female births)","SP.POP.BRTH.MF","1.07","1.07","1.07","1.07","1.07","1.07","1.07","1.07","1.07","1.07","1.07","1.07","1.07","1.07","1.07","1.07","1.07","1.07","1.07","1.07","1.07","1.07","1.07","1.07","1.07","1.07","1.07","1.07","1.07","1.07","1.07","1.07","1.07","1.07","1.07","1.07","1.07","1.07","1.07","1.07","1.07","1.07","1.07","1.07","1.07","1.07","1.07","1.07","1.07","1.07","1.07","1.07","1.07","1.07","1.07","1.07","1.07","1.07","1.07","1.07","1.07","1.07","1.07","1.07","1.07","",
"Middle income","MIC","Sex ratio at birth (male births per female births)","SP.POP.BRTH.MF","1.05311016890029","1.05285617151526","1.05447208790001","1.05491164090477","1.05476878538292","1.05476628528084","1.05481427331045","1.05501123628705","1.05506703127058","1.05519512293814","1.05575667874695","1.05557013830878","1.0559383682207","1.05588616695178","1.05636089679073","1.05671752854666","1.05751441325515","1.05769004942419","1.05798129070538","1.05810831021569","1.05870347381887","1.0595797158033","1.05978545986968","1.06024937098743","1.06118964514984","1.0621631027281","1.06385246695911","1.06620949130288","1.06816316928164","1.06927766484168","1.07148469523359","1.07343987236319","1.07485540064866","1.0774116153448","1.07994834562913","1.0818820012914","1.08299662096162","1.08409615621634","1.08448869290044","1.08419311108988","1.08477580391633","1.08408052638999","1.08266809797829","1.08203623824284","1.08269168137792","1.08248870187506","1.08185899294232","1.08182338907682","1.08150757175346","1.08096778786842","1.08029844116306","1.08091795806442","1.08067365156006","1.07826397087976","1.0779454339724","1.07530960672453","1.07560207144321","1.07226827792038","1.07171200776912","1.07032217398298","1.06436533040402","1.06209986786861","1.06113485877489","1.06042680245347","1.05945698480543","",
"North Macedonia","MKD","Sex ratio at birth (male births per female births)","SP.POP.BRTH.MF","1.067","1.067","1.068","1.067","1.067","1.069","1.071","1.072","1.071","1.072","1.071","1.072","1.072","1.072","1.069","1.072","1.072","1.074","1.074","1.074","1.073","1.072","1.072","1.073","1.074","1.075","1.077","1.081","1.083","1.085","1.085","1.081","1.079","1.078","1.079","1.082","1.082","1.081","1.08","1.079","1.078","1.075","1.072","1.071","1.07","1.068","1.069","1.071","1.073","1.075","1.075","1.075","1.076","1.077","1.076","1.075","1.075","1.076","1.082","1.08","1.079","1.078","1.077","1.077","1.076","",
"Mali","MLI","Sex ratio at birth (male births per female births)","SP.POP.BRTH.MF","1.032","1.032","1.033","1.033","1.033","1.033","1.033","1.033","1.034","1.034","1.035","1.035","1.035","1.036","1.036","1.036","1.037","1.037","1.037","1.038","1.038","1.038","1.037","1.037","1.037","1.037","1.037","1.037","1.037","1.037","1.037","1.037","1.037","1.037","1.038","1.04","1.041","1.041","1.042","1.043","1.042","1.042","1.04","1.04","1.039","1.038","1.038","1.036","1.036","1.037","1.036","1.036","1.035","1.034","1.033","1.032","1.032","1.033","1.033","1.033","1.033","1.033","1.033","1.033","1.033","",
"Malta","MLT","Sex ratio at birth (male births per female births)","SP.POP.BRTH.MF","1.069","1.07","1.072","1.072","1.072","1.073","1.074","1.072","1.073","1.076","1.076","1.075","1.074","1.073","1.074","1.074","1.073","1.074","1.073","1.071","1.07","1.069","1.068","1.068","1.068","1.067","1.067","1.064","1.063","1.062","1.063","1.062","1.063","1.065","1.066","1.067","1.066","1.065","1.063","1.062","1.061","1.063","1.065","1.064","1.066","1.068","1.07","1.072","1.071","1.071","1.07","1.07","1.071","1.073","1.074","1.072","1.072","1.069","1.068","1.068","1.067","1.068","1.067","1.067","1.068","",
"Myanmar","MMR","Sex ratio at birth (male births per female births)","SP.POP.BRTH.MF","1.066","1.066","1.066","1.066","1.066","1.065","1.066","1.066","1.066","1.066","1.066","1.066","1.066","1.066","1.066","1.066","1.066","1.066","1.066","1.066","1.066","1.066","1.066","1.066","1.066","1.066","1.066","1.066","1.066","1.066","1.066","1.065","1.065","1.065","1.065","1.065","1.066","1.066","1.067","1.067","1.067","1.067","1.067","1.067","1.067","1.067","1.067","1.067","1.066","1.066","1.066","1.066","1.066","1.066","1.067","1.067","1.067","1.067","1.067","1.067","1.066","1.066","1.066","1.066","1.066","",
"Middle East, North Africa, Afghanistan & Pakistan (excluding high income)","MNA","Sex ratio at birth (male births per female births)","SP.POP.BRTH.MF","1.05562533014513","1.05616469017293","1.05660045145493","1.05720147592287","1.05790528192008","1.05846306269473","1.05861468472089","1.05804892015607","1.0573075968175","1.05698511413328","1.05765179276659","1.05844628990569","1.05884690910755","1.05971591203515","1.06024873513074","1.06043727429821","1.05998640761741","1.06033986968164","1.05825698428681","1.05382689169701","1.05162324678711","1.04962825428429","1.04848416894005","1.04809632504274","1.04850205027327","1.04802898777464","1.04862190275356","1.04997237203774","1.05440167995021","1.05704824365847","1.05922436575386","1.06001161577858","1.06014530160319","1.06314533210426","1.06429715343614","1.06400084051287","1.06451710857367","1.06430739463347","1.06447011341588","1.06516573251738","1.06541138611898","1.06551485904116","1.06405838832499","1.06226772833925","1.06247737232549","1.06311837402737","1.0612606901603","1.06195835269886","1.06074796312545","1.05987716394911","1.05791467084046","1.05685057340712","1.05504168839916","1.05442819624864","1.05406905184278","1.05371174615874","1.05358812261993","1.053753863179","1.05378929883037","1.05403658460016","1.05386759909119","1.05394080668084","1.05388530313546","1.05388560957273","1.05392239217282","",
"Montenegro","MNE","Sex ratio at birth (male births per female births)","SP.POP.BRTH.MF","1.055","1.055","1.055","1.055","1.055","1.055","1.055","1.055","1.055","1.055","1.055","1.055","1.055","1.055","1.055","1.055","1.055","1.055","1.055","1.055","1.056","1.058","1.06","1.062","1.065","1.068","1.071","1.074","1.078","1.082","1.085","1.088","1.09","1.092","1.093","1.094","1.095","1.096","1.097","1.097","1.097","1.097","1.098","1.097","1.097","1.098","1.099","1.098","1.097","1.095","1.092","1.09","1.088","1.086","1.085","1.083","1.081","1.08","1.079","1.077","1.075","1.073","1.071","1.069","1.067","",
"Mongolia","MNG","Sex ratio at birth (male births per female births)","SP.POP.BRTH.MF","1.028","1.026","1.024","1.022","1.019","1.016","1.013","1.009","1.005","1.012","1.019","1.024","1.028","1.032","1.034","1.035","1.036","1.037","1.039","1.039","1.038","1.037","1.039","1.04","1.04","1.04","1.039","1.04","1.041","1.04","1.039","1.038","1.038","1.04","1.04","1.038","1.034","1.035","1.036","1.037","1.037","1.036","1.038","1.036","1.037","1.037","1.037","1.036","1.036","1.034","1.035","1.034","1.031","1.041","1.046","1.049","1.051","1.053","1.051","1.05","1.048","1.046","1.045","1.044","1.044","",
"Northern Mariana Islands","MNP","Sex ratio at birth (male births per female births)","SP.POP.BRTH.MF","1.07","1.071","1.072","1.072","1.073","1.074","1.075","1.076","1.076","1.077","1.078","1.079","1.08","1.081","1.083","1.084","1.085","1.086","1.088","1.09","1.091","1.093","1.095","1.096","1.098","1.1","1.102","1.104","1.107","1.11","1.113","1.116","1.119","1.122","1.124","1.127","1.13","1.134","1.14","1.146","1.153","1.16","1.166","1.17","1.173","1.174","1.174","1.174","1.173","1.172","1.171","1.171","1.171","1.172","1.172","1.171","1.17","1.167","1.163","1.158","1.151","1.151","1.151","1.151","1.151","",
"Mozambique","MOZ","Sex ratio at birth (male births per female births)","SP.POP.BRTH.MF","1.02","1.02","1.02","1.02","1.02","1.021","1.021","1.021","1.021","1.021","1.021","1.021","1.021","1.021","1.021","1.021","1.021","1.021","1.021","1.021","1.021","1.021","1.021","1.021","1.021","1.021","1.022","1.022","1.022","1.022","1.022","1.021","1.02","1.019","1.017","1.015","1.014","1.013","1.013","1.012","1.012","1.012","1.013","1.013","1.014","1.014","1.014","1.015","1.016","1.016","1.017","1.018","1.018","1.018","1.018","1.019","1.019","1.019","1.02","1.02","1.02","1.02","1.02","1.02","1.02","",
"Mauritania","MRT","Sex ratio at birth (male births per female births)","SP.POP.BRTH.MF","1.034","1.035","1.035","1.035","1.036","1.036","1.037","1.037","1.038","1.038","1.039","1.039","1.04","1.04","1.04","1.039","1.04","1.04","1.04","1.04","1.04","1.039","1.038","1.037","1.036","1.036","1.035","1.034","1.034","1.034","1.035","1.035","1.036","1.037","1.037","1.037","1.037","1.035","1.034","1.034","1.034","1.034","1.034","1.034","1.034","1.033","1.033","1.033","1.033","1.034","1.033","1.033","1.033","1.033","1.033","1.032","1.033","1.033","1.033","1.033","1.033","1.033","1.033","1.033","1.033","",
"Mauritius","MUS","Sex ratio at birth (male births per female births)","SP.POP.BRTH.MF","1.035","1.035","1.035","1.035","1.035","1.035","1.035","1.035","1.035","1.035","1.036","1.035","1.035","1.034","1.034","1.034","1.034","1.035","1.035","1.036","1.035","1.033","1.034","1.035","1.036","1.035","1.035","1.035","1.036","1.036","1.036","1.035","1.033","1.03","1.03","1.029","1.031","1.033","1.036","1.037","1.037","1.036","1.035","1.036","1.036","1.036","1.037","1.035","1.033","1.033","1.033","1.034","1.036","1.037","1.038","1.039","1.039","1.038","1.039","1.035","1.035","1.035","1.035","1.035","1.035","",
"Malawi","MWI","Sex ratio at birth (male births per female births)","SP.POP.BRTH.MF","1.015","1.015","1.015","1.015","1.014","1.015","1.014","1.014","1.014","1.014","1.014","1.014","1.014","1.014","1.013","1.013","1.013","1.012","1.012","1.013","1.014","1.014","1.015","1.017","1.018","1.02","1.02","1.02","1.02","1.019","1.017","1.016","1.015","1.013","1.012","1.012","1.012","1.012","1.012","1.012","1.01","1.009","1.007","1.006","1.005","1.004","1.003","1.003","1.003","1.005","1.007","1.008","1.008","1.009","1.011","1.012","1.013","1.013","1.013","1.014","1.014","1.014","1.014","1.014","1.014","",
"Malaysia","MYS","Sex ratio at birth (male births per female births)","SP.POP.BRTH.MF","1.055","1.055","1.056","1.056","1.057","1.057","1.057","1.058","1.058","1.058","1.058","1.058","1.058","1.059","1.059","1.06","1.06","1.061","1.061","1.061","1.062","1.062","1.062","1.062","1.062","1.062","1.063","1.064","1.065","1.067","1.068","1.069","1.07","1.07","1.07","1.07","1.071","1.071","1.072","1.072","1.069","1.066","1.064","1.06","1.063","1.065","1.067","1.067","1.068","1.068","1.068","1.069","1.069","1.069","1.069","1.068","1.068","1.068","1.068","1.067","1.066","1.066","1.066","1.065","1.065","",
"North America","NAC","Sex ratio at birth (male births per female births)","SP.POP.BRTH.MF","1.04980137136343","1.05059697182479","1.04860358285542","1.05220105503068","1.04880165527381","1.05149748805254","1.0494809244582","1.05018769511857","1.05337155927083","1.05336723361774","1.05453400733791","1.0529332626005","1.05197087059436","1.05280177560507","1.05529611060831","1.05420473761378","1.05330638166503","1.05339568431831","1.05309555952118","1.05257336037404","1.05328123002423","1.05228213336805","1.05127790898769","1.05246971164317","1.0506596949182","1.052462066069","1.05108959980858","1.04999809074445","1.04999803182614","1.05008931459212","1.04945131739683","1.04671612072014","1.05035735605597","1.05061964511489","1.04888860472083","1.04944134700714","1.0477767733661","1.04849579441518","1.04731928245785","1.04931217800782","1.04852183271634","1.04661444581219","1.04845201614706","1.04922577579327","1.04937990685283","1.04930639840167","1.04946335742989","1.0473165520033","1.04832832785693","1.04842225390593","1.04843111582074","1.04934690818173","1.04787820984417","1.04944231300181","1.04826366552","1.04826103033452","1.04743999856635","1.0486217079407","1.04653593586654","1.04753915632905","1.04763505359452","1.0485571113227","1.0485267988377","1.04953331225863","1.0495536050079","",
"Namibia","NAM","Sex ratio at birth (male births per female births)","SP.POP.BRTH.MF","1.011","1.011","1.011","1.011","1.011","1.011","1.011","1.011","1.011","1.011","1.011","1.011","1.011","1.011","1.01","1.01","1.01","1.01","1.009","1.009","1.009","1.008","1.008","1.007","1.007","1.006","1.005","1.004","1.004","1.003","1.003","1.003","1.003","1.004","1.004","1.004","1.005","1.006","1.007","1.008","1.008","1.008","1.009","1.009","1.009","1.009","1.009","1.009","1.009","1.008","1.008","1.008","1.008","1.009","1.009","1.009","1.01","1.01","1.01","1.011","1.011","1.011","1.011","1.011","1.011","",
"New Caledonia","NCL","Sex ratio at birth (male births per female births)","SP.POP.BRTH.MF","1.058","1.058","1.058","1.057","1.057","1.056","1.056","1.055","1.054","1.055","1.056","1.056","1.055","1.055","1.054","1.054","1.053","1.053","1.052","1.053","1.054","1.055","1.056","1.057","1.058","1.059","1.06","1.06","1.061","1.062","1.063","1.064","1.063","1.063","1.061","1.061","1.06","1.058","1.057","1.056","1.056","1.057","1.058","1.059","1.06","1.061","1.062","1.062","1.063","1.064","1.063","1.062","1.062","1.061","1.059","1.058","1.058","1.059","1.059","1.059","1.059","1.059","1.059","1.059","1.059","",
"Niger","NER","Sex ratio at birth (male births per female births)","SP.POP.BRTH.MF","1.041","1.04","1.04","1.04","1.041","1.04","1.04","1.041","1.041","1.041","1.041","1.041","1.041","1.041","1.042","1.042","1.042","1.042","1.042","1.042","1.042","1.042","1.041","1.04","1.04","1.04","1.04","1.04","1.041","1.042","1.043","1.043","1.042","1.042","1.041","1.042","1.043","1.043","1.042","1.042","1.042","1.042","1.043","1.042","1.041","1.04","1.04","1.04","1.041","1.041","1.042","1.042","1.041","1.041","1.041","1.041","1.041","1.041","1.04","1.04","1.04","1.04","1.04","1.04","1.04","",
"Nigeria","NGA","Sex ratio at birth (male births per female births)","SP.POP.BRTH.MF","1.04","1.04","1.041","1.041","1.041","1.042","1.043","1.044","1.045","1.046","1.047","1.047","1.048","1.048","1.048","1.047","1.046","1.045","1.045","1.045","1.045","1.046","1.046","1.047","1.048","1.048","1.049","1.05","1.051","1.052","1.052","1.051","1.051","1.052","1.052","1.05","1.049","1.048","1.048","1.047","1.047","1.047","1.045","1.045","1.044","1.044","1.043","1.041","1.041","1.041","1.039","1.038","1.037","1.036","1.037","1.038","1.039","1.039","1.039","1.038","1.038","1.038","1.038","1.038","1.038","",
"Nicaragua","NIC","Sex ratio at birth (male births per female births)","SP.POP.BRTH.MF","1.035","1.035","1.035","1.035","1.035","1.035","1.035","1.035","1.035","1.035","1.035","1.035","1.035","1.035","1.035","1.035","1.035","1.035","1.035","1.036","1.036","1.036","1.037","1.037","1.037","1.037","1.037","1.037","1.036","1.035","1.034","1.033","1.032","1.032","1.032","1.032","1.032","1.032","1.032","1.032","1.032","1.032","1.032","1.033","1.033","1.033","1.033","1.033","1.034","1.034","1.034","1.035","1.035","1.035","1.035","1.035","1.035","1.035","1.035","1.035","1.035","1.035","1.035","1.035","1.035","",
"Netherlands","NLD","Sex ratio at birth (male births per female births)","SP.POP.BRTH.MF","1.054","1.052","1.053","1.056","1.057","1.056","1.054","1.054","1.051","1.053","1.051","1.052","1.049","1.049","1.052","1.052","1.055","1.054","1.052","1.051","1.05","1.048","1.049","1.048","1.051","1.045","1.041","1.05","1.047","1.043","1.05","1.048","1.051","1.048","1.051","1.05","1.053","1.047","1.05","1.053","1.048","1.051","1.054","1.054","1.049","1.052","1.052","1.047","1.053","1.048","1.045","1.051","1.052","1.053","1.048","1.052","1.054","1.053","1.048","1.049","1.05","1.051","1.052","1.052","1.053","",
"Norway","NOR","Sex ratio at birth (male births per female births)","SP.POP.BRTH.MF","1.06","1.062","1.061","1.061","1.065","1.066","1.065","1.063","1.062","1.06","1.059","1.057","1.057","1.056","1.053","1.054","1.055","1.057","1.058","1.059","1.06","1.056","1.06","1.061","1.057","1.057","1.056","1.049","1.052","1.055","1.057","1.06","1.063","1.06","1.06","1.061","1.063","1.059","1.056","1.056","1.055","1.051","1.05","1.053","1.052","1.051","1.052","1.055","1.058","1.058","1.055","1.057","1.055","1.052","1.056","1.059","1.063","1.063","1.064","1.063","1.063","1.062","1.062","1.062","1.061","",
"Nepal","NPL","Sex ratio at birth (male births per female births)","SP.POP.BRTH.MF","1.047","1.046","1.046","1.047","1.047","1.047","1.046","1.046","1.045","1.045","1.045","1.045","1.046","1.046","1.046","1.047","1.047","1.047","1.047","1.046","1.046","1.046","1.045","1.045","1.044","1.043","1.043","1.043","1.043","1.043","1.043","1.044","1.044","1.043","1.044","1.045","1.045","1.046","1.046","1.046","1.047","1.047","1.048","1.049","1.05","1.05","1.05","1.051","1.051","1.051","1.052","1.053","1.053","1.054","1.054","1.055","1.054","1.053","1.052","1.052","1.051","1.05","1.05","1.049","1.049","",
"Naoero","NRU","Sex ratio at birth (male births per female births)","SP.POP.BRTH.MF","1.072","1.073","1.073","1.073","1.073","1.073","1.073","1.073","1.073","1.073","1.073","1.073","1.072","1.072","1.072","1.072","1.072","1.072","1.072","1.072","1.072","1.072","1.072","1.072","1.072","1.072","1.072","1.072","1.072","1.072","1.072","1.072","1.072","1.071","1.071","1.071","1.071","1.071","1.071","1.071","1.071","1.071","1.071","1.071","1.071","1.071","1.071","1.071","1.071","1.071","1.072","1.071","1.072","1.072","1.072","1.072","1.072","1.072","1.072","1.072","1.072","1.072","1.072","1.072","1.072","",
"New Zealand","NZL","Sex ratio at birth (male births per female births)","SP.POP.BRTH.MF","1.053","1.053","1.054","1.056","1.058","1.058","1.054","1.05","1.051","1.051","1.051","1.05","1.05","1.051","1.052","1.052","1.055","1.053","1.051","1.051","1.053","1.054","1.055","1.054","1.053","1.053","1.052","1.055","1.054","1.052","1.054","1.058","1.063","1.062","1.061","1.061","1.059","1.056","1.056","1.053","1.052","1.048","1.048","1.05","1.05","1.05","1.051","1.055","1.056","1.056","1.056","1.054","1.053","1.055","1.058","1.056","1.055","1.053","1.051","1.052","1.052","1.053","1.053","1.053","1.053","",
"OECD members","OED","Sex ratio at birth (male births per female births)","SP.POP.BRTH.MF","1.05290526962096","1.05292521392811","1.0525279888085","1.05271318472324","1.05242653437544","1.05271289296656","1.05311514480588","1.05199925213682","1.05408114144609","1.05447818019342","1.05471597591389","1.0540817003547","1.05409049125443","1.05362431339619","1.05418281731656","1.05420704829454","1.05381761445207","1.05407301986404","1.05381105621891","1.05381889950125","1.05342051848636","1.05371929550764","1.05328318122171","1.05364466797499","1.0528711426769","1.05328644116703","1.05369489449409","1.05347650731405","1.0538999730712","1.05371739273245","1.0547450433002","1.05334625104722","1.0547372630341","1.0550429394302","1.05458728371906","1.05381848642955","1.05329753842485","1.05221766833691","1.05256457224535","1.05325345158438","1.0531720184454","1.05157691331156","1.05215877464312","1.05181263541854","1.05169057731265","1.05117939035526","1.05111478399575","1.05027897461894","1.05030950180434","1.05051797866155","1.05062416379601","1.05039116519719","1.05010059285658","1.05026254347976","1.05022164768932","1.05020117331195","1.049488631726","1.05008333464572","1.0492797651365","1.04940496380966","1.04945176333964","1.04973446829455","1.0497725134252","1.04998669695992","1.05015368128932","",
"Oman","OMN","Sex ratio at birth (male births per female births)","SP.POP.BRTH.MF","1.045","1.045","1.045","1.045","1.045","1.045","1.045","1.045","1.045","1.045","1.044","1.045","1.045","1.045","1.045","1.045","1.045","1.045","1.045","1.045","1.045","1.045","1.045","1.045","1.045","1.045","1.045","1.045","1.044","1.044","1.045","1.044","1.044","1.044","1.044","1.044","1.044","1.044","1.044","1.044","1.044","1.044","1.044","1.044","1.044","1.043","1.043","1.043","1.042","1.041","1.04","1.04","1.043","1.044","1.046","1.046","1.043","1.042","1.038","1.042","1.043","1.043","1.043","1.043","1.044","",
"Other small states","OSS","Sex ratio at birth (male births per female births)","SP.POP.BRTH.MF","1.05028719316031","1.05006245516706","1.05044671912024","1.05034883915141","1.05047824828472","1.05014391379822","1.05014423057407","1.05018798592612","1.04935315012276","1.0493432839833","1.04907053287498","1.0490625000592","1.04898622907554","1.04845532558658","1.0478001361891","1.04828475060163","1.04786967695102","1.04792414178906","1.04767859499359","1.04821422762832","1.04822831836396","1.04844322813222","1.04848743154304","1.04842940213722","1.04830022470216","1.04823489450161","1.04876401911708","1.04915149258871","1.04902218088303","1.04922046085259","1.04934210653947","1.04903439023378","1.04898305604915","1.04866351009488","1.04859702835084","1.04926562460905","1.04964139219974","1.05011094291699","1.05030763133956","1.04995171996533","1.04883730082167","1.04868496485153","1.04834385051739","1.04850598716098","1.04842888572256","1.04879316040491","1.0492274507829","1.04896315906705","1.04885955467363","1.04856110867115","1.04844904151138","1.04834004820599","1.04834440690173","1.04836589790759","1.04857849987975","1.04889346842979","1.04945994315731","1.04918055768316","1.04886703583929","1.0485014850902","1.04827401412983","1.0482609963261","1.04803079414679","1.04767943681144","1.04746114315356","",
"Pakistan","PAK","Sex ratio at birth (male births per female births)","SP.POP.BRTH.MF","1.058","1.058","1.058","1.058","1.059","1.059","1.059","1.059","1.059","1.06","1.061","1.061","1.061","1.062","1.063","1.064","1.065","1.069","1.068","1.06","1.06","1.06","1.06","1.06","1.061","1.061","1.062","1.064","1.071","1.074","1.076","1.075","1.073","1.079","1.081","1.079","1.08","1.079","1.079","1.08","1.08","1.081","1.079","1.077","1.078","1.079","1.073","1.074","1.07","1.067","1.063","1.061","1.058","1.057","1.056","1.055","1.055","1.055","1.055","1.055","1.055","1.055","1.055","1.055","1.055","",
"Panama","PAN","Sex ratio at birth (male births per female births)","SP.POP.BRTH.MF","1.039","1.039","1.039","1.039","1.038","1.039","1.04","1.041","1.043","1.044","1.043","1.043","1.044","1.045","1.045","1.046","1.047","1.048","1.048","1.048","1.048","1.049","1.049","1.05","1.05","1.051","1.052","1.052","1.052","1.051","1.05","1.049","1.049","1.05","1.051","1.051","1.053","1.053","1.053","1.053","1.053","1.053","1.053","1.052","1.052","1.051","1.051","1.05","1.049","1.049","1.05","1.05","1.052","1.054","1.056","1.058","1.061","1.062","1.061","1.059","1.057","1.056","1.055","1.054","1.053","",
"Peru","PER","Sex ratio at birth (male births per female births)","SP.POP.BRTH.MF","1.042","1.041","1.041","1.041","1.041","1.042","1.042","1.042","1.043","1.042","1.043","1.043","1.043","1.044","1.044","1.043","1.043","1.043","1.043","1.043","1.043","1.042","1.043","1.043","1.043","1.044","1.045","1.045","1.045","1.044","1.043","1.043","1.041","1.04","1.041","1.041","1.04","1.04","1.04","1.04","1.039","1.039","1.038","1.038","1.038","1.038","1.038","1.039","1.039","1.04","1.04","1.04","1.039","1.04","1.04","1.04","1.04","1.04","1.041","1.041","1.041","1.041","1.041","1.041","1.041","",
"Philippines","PHL","Sex ratio at birth (male births per female births)","SP.POP.BRTH.MF","1.08","1.08","1.08","1.08","1.08","1.08","1.08","1.08","1.08","1.08","1.08","1.08","1.08","1.08","1.08","1.08","1.08","1.08","1.08","1.08","1.08","1.08","1.08","1.08","1.08","1.08","1.08","1.08","1.08","1.08","1.08","1.08","1.08","1.08","1.08","1.08","1.08","1.08","1.08","1.08","1.08","1.08","1.08","1.08","1.08","1.08","1.08","1.08","1.08","1.08","1.08","1.08","1.08","1.08","1.08","1.08","1.08","1.08","1.08","1.08","1.08","1.08","1.08","1.08","1.077","",
"Palau","PLW","Sex ratio at birth (male births per female births)","SP.POP.BRTH.MF","1.077","1.077","1.077","1.076","1.077","1.077","1.077","1.077","1.076","1.077","1.077","1.076","1.077","1.077","1.077","1.077","1.077","1.077","1.077","1.077","1.077","1.077","1.077","1.077","1.077","1.077","1.077","1.077","1.077","1.077","1.077","1.077","1.077","1.078","1.078","1.078","1.078","1.078","1.078","1.078","1.078","1.078","1.078","1.078","1.078","1.078","1.079","1.079","1.079","1.079","1.08","1.08","1.08","1.081","1.08","1.079","1.078","1.078","1.077","1.078","1.077","1.077","1.077","1.077","1.077","",
"Papua New Guinea","PNG","Sex ratio at birth (male births per female births)","SP.POP.BRTH.MF","1.076","1.076","1.076","1.076","1.076","1.076","1.076","1.076","1.076","1.076","1.076","1.076","1.076","1.076","1.076","1.076","1.076","1.076","1.076","1.076","1.076","1.076","1.076","1.076","1.076","1.076","1.076","1.076","1.076","1.076","1.076","1.076","1.076","1.076","1.076","1.076","1.077","1.077","1.077","1.077","1.078","1.078","1.078","1.078","1.078","1.078","1.078","1.078","1.078","1.078","1.078","1.078","1.078","1.078","1.077","1.077","1.077","1.077","1.077","1.077","1.077","1.077","1.077","1.077","1.076","",
"Poland","POL","Sex ratio at birth (male births per female births)","SP.POP.BRTH.MF","1.075","1.075","1.076","1.072","1.07","1.067","1.066","1.065","1.066","1.066","1.066","1.064","1.065","1.062","1.071","1.069","1.067","1.066","1.063","1.063","1.057","1.058","1.06","1.058","1.06","1.058","1.058","1.06","1.058","1.062","1.059","1.058","1.055","1.055","1.052","1.058","1.061","1.061","1.062","1.06","1.061","1.061","1.061","1.06","1.061","1.059","1.059","1.058","1.058","1.062","1.07","1.062","1.06","1.058","1.059","1.057","1.056","1.056","1.059","1.058","1.059","1.059","1.06","1.06","1.061","",
"Pre-demographic dividend","PRE","Sex ratio at birth (male births per female births)","SP.POP.BRTH.MF","1.03443368806356","1.03444165993959","1.03481477509411","1.03482083151708","1.03487859163914","1.03510717639917","1.03531026337444","1.03549263853193","1.03564331255154","1.03585198905423","1.03612879841397","1.03613363812189","1.03644663869826","1.03640493086487","1.03631164576656","1.03608969210166","1.03579936844756","1.03560759247068","1.03548864774842","1.03536610801634","1.035299361148","1.0353778804124","1.03521328621598","1.03529839076969","1.03542569554756","1.03552111006978","1.03586952274181","1.03624474370157","1.03644221733177","1.03677246417161","1.03684285191882","1.03683046901462","1.03690428722797","1.03724955406205","1.03730775554325","1.03684592966485","1.03673653795714","1.03667676043584","1.03657476097723","1.03634298810649","1.03617816261512","1.03569230138519","1.0351093216352","1.0348809574238","1.03442620515526","1.03444394205375","1.03399807729004","1.03344904523526","1.03349250594339","1.03357006919518","1.03326550673379","1.03313880656892","1.03297481209918","1.03274269622152","1.03300611161452","1.0333314604381","1.03351526168491","1.03340539636655","1.03347014277703","1.03324834354531","1.03335989376865","1.03335257730728","1.03343240918952","1.03343182242489","1.03342111077274","",
"Puerto Rico (US)","PRI","Sex ratio at birth (male births per female births)","SP.POP.BRTH.MF","1.047","1.048","1.051","1.052","1.051","1.051","1.049","1.049","1.051","1.049","1.049","1.049","1.048","1.048","1.049","1.051","1.049","1.052","1.051","1.051","1.051","1.049","1.053","1.055","1.054","1.052","1.051","1.051","1.054","1.053","1.055","1.055","1.055","1.054","1.056","1.057","1.058","1.058","1.058","1.059","1.059","1.058","1.059","1.06","1.061","1.059","1.059","1.057","1.057","1.058","1.057","1.057","1.058","1.057","1.056","1.056","1.055","1.054","1.054","1.053","1.053","1.053","1.052","1.052","1.052","",
"Korea, Dem. People's Rep.","PRK","Sex ratio at birth (male births per female births)","SP.POP.BRTH.MF","1.06","1.06","1.06","1.06","1.06","1.06","1.06","1.06","1.06","1.06","1.06","1.06","1.06","1.06","1.06","1.06","1.06","1.06","1.06","1.06","1.06","1.06","1.06","1.06","1.06","1.06","1.06","1.06","1.06","1.06","1.06","1.06","1.06","1.06","1.06","1.06","1.06","1.06","1.06","1.06","1.06","1.06","1.06","1.06","1.06","1.06","1.06","1.06","1.06","1.06","1.06","1.06","1.06","1.06","1.06","1.06","1.06","1.06","1.06","1.06","1.06","1.06","1.06","1.06","1.06","",
"Portugal","PRT","Sex ratio at birth (male births per female births)","SP.POP.BRTH.MF","1.065","1.063","1.067","1.068","1.07","1.069","1.07","1.067","1.071","1.069","1.067","1.064","1.066","1.063","1.061","1.069","1.072","1.076","1.076","1.07","1.067","1.065","1.067","1.07","1.07","1.068","1.067","1.065","1.064","1.061","1.061","1.059","1.057","1.06","1.066","1.072","1.072","1.067","1.067","1.068","1.071","1.072","1.072","1.069","1.065","1.064","1.059","1.058","1.057","1.052","1.048","1.051","1.052","1.051","1.053","1.051","1.052","1.049","1.047","1.05","1.052","1.053","1.055","1.056","1.057","",
"Paraguay","PRY","Sex ratio at birth (male births per female births)","SP.POP.BRTH.MF","1.049","1.049","1.049","1.049","1.049","1.049","1.049","1.049","1.049","1.049","1.048","1.048","1.047","1.047","1.047","1.047","1.047","1.047","1.048","1.048","1.048","1.048","1.049","1.049","1.051","1.051","1.051","1.051","1.052","1.053","1.053","1.054","1.054","1.054","1.055","1.055","1.055","1.055","1.054","1.054","1.054","1.054","1.054","1.054","1.054","1.053","1.053","1.053","1.052","1.052","1.052","1.052","1.052","1.052","1.051","1.051","1.051","1.051","1.051","1.05","1.051","1.05","1.05","1.05","1.05","",
"West Bank and Gaza","PSE","Sex ratio at birth (male births per female births)","SP.POP.BRTH.MF","1.05","1.05","1.05","1.05","1.05","1.05","1.05","1.05","1.05","1.05","1.05","1.05","1.05","1.05","1.05","1.05","1.05","1.05","1.05","1.05","1.05","1.05","1.05","1.05","1.05","1.05","1.05","1.05","1.05","1.05","1.05","1.05","1.051","1.05","1.051","1.051","1.05","1.05","1.051","1.051","1.051","1.05","1.05","1.049","1.049","1.047","1.048","1.048","1.048","1.048","1.049","1.05","1.051","1.051","1.052","1.052","1.052","1.051","1.051","1.051","1.051","1.051","1.051","1.051","1.051","",
"Pacific island small states","PSS","Sex ratio at birth (male births per female births)","SP.POP.BRTH.MF","1.07051018883447","1.07058626144036","1.07098311663862","1.0705290337998","1.07005973033968","1.07019814191967","1.07028199883086","1.07043894391258","1.07042694184834","1.07050244539811","1.07103513153466","1.07153564647469","1.07174090744368","1.07212473727174","1.07229902852697","1.07188576009568","1.07179308294581","1.07176967239608","1.07162522699934","1.07123183386454","1.07102829412167","1.07095911698699","1.07087345564262","1.07085771848187","1.07135223848066","1.07179914970236","1.07183702877103","1.07246263938809","1.07181336550191","1.07185954390258","1.07184783591697","1.07145403255566","1.07145057033542","1.07145127658079","1.07139213410477","1.07123078505235","1.07085545317671","1.07124589836207","1.07139421507558","1.07143589074188","1.07181022921533","1.07174763171689","1.07169153572696","1.07159949458852","1.07163615302846","1.0712881665128","1.07127560248914","1.07126517864643","1.07155256685019","1.07164231388702","1.07133207358752","1.07163998072773","1.07162730452393","1.07221302858474","1.0718713291723","1.07213831567209","1.07240003520896","1.07208626703146","1.07197794994357","1.07168756320652","1.07167420526563","1.07165752532796","1.07132180477567","1.07130472196234","1.07129025475347","",
"Post-demographic dividend","PST","Sex ratio at birth (male births per female births)","SP.POP.BRTH.MF","1.05594843117506","1.05610548014112","1.05552093269584","1.05600628126761","1.05578739970599","1.05629783554826","1.0568319068102","1.05557202854543","1.05786735173254","1.05827618110305","1.05879218602266","1.05818206636495","1.0584534313641","1.05791415196033","1.05809937587381","1.05805947934126","1.05769638163707","1.05782794451332","1.05772094533523","1.05746108121179","1.05723359155575","1.05754651545183","1.05692353988569","1.05744281535337","1.05674739509837","1.05722296162094","1.05798970954749","1.0577688533093","1.05828402729735","1.05782724655409","1.05946728264742","1.05787678553599","1.06005418046573","1.06070972702227","1.0603939383869","1.05908896274766","1.05812289829454","1.0560937350713","1.05597697298106","1.05680076935607","1.05677550487638","1.05438088189741","1.05538206818431","1.0547197847182","1.0545436852083","1.05423430166851","1.05408459610167","1.05329712501298","1.05363190682756","1.05413095805359","1.05405308034064","1.0542401414449","1.05375029529479","1.05351839823258","1.05327169183337","1.05335961171295","1.05234879436463","1.05307044589414","1.05215374415046","1.05226578048441","1.05237076732557","1.052721042491","1.05275836632749","1.05318490278856","1.05330935236326","",
"French Polynesia","PYF","Sex ratio at birth (male births per female births)","SP.POP.BRTH.MF","1.053","1.052","1.05","1.05","1.049","1.048","1.049","1.05","1.051","1.052","1.053","1.054","1.054","1.055","1.056","1.056","1.057","1.057","1.057","1.058","1.058","1.058","1.058","1.058","1.058","1.058","1.059","1.059","1.059","1.059","1.059","1.059","1.059","1.059","1.059","1.059","1.059","1.06","1.06","1.06","1.06","1.06","1.06","1.06","1.061","1.061","1.062","1.062","1.062","1.063","1.063","1.063","1.063","1.063","1.062","1.061","1.06","1.059","1.059","1.059","1.059","1.059","1.059","1.059","1.059","",
"Qatar","QAT","Sex ratio at birth (male births per female births)","SP.POP.BRTH.MF","1.044","1.044","1.044","1.044","1.044","1.044","1.044","1.044","1.044","1.044","1.044","1.044","1.044","1.044","1.045","1.045","1.045","1.045","1.045","1.045","1.045","1.046","1.046","1.046","1.046","1.047","1.047","1.049","1.049","1.048","1.048","1.048","1.048","1.046","1.046","1.044","1.044","1.042","1.043","1.043","1.044","1.044","1.045","1.045","1.046","1.044","1.044","1.043","1.042","1.041","1.041","1.04","1.04","1.04","1.039","1.038","1.037","1.037","1.034","1.037","1.038","1.039","1.039","1.04","1.041","",
"Romania","ROU","Sex ratio at birth (male births per female births)","SP.POP.BRTH.MF","1.067","1.066","1.061","1.061","1.062","1.061","1.065","1.056","1.053","1.057","1.057","1.057","1.058","1.061","1.06","1.059","1.06","1.053","1.051","1.057","1.053","1.054","1.053","1.057","1.053","1.053","1.049","1.05","1.048","1.048","1.049","1.057","1.057","1.057","1.061","1.06","1.059","1.065","1.057","1.062","1.063","1.063","1.061","1.063","1.064","1.062","1.059","1.06","1.061","1.06","1.058","1.059","1.059","1.062","1.06","1.061","1.056","1.055","1.054","1.053","1.054","1.054","1.055","1.055","1.056","",
"Russian Federation","RUS","Sex ratio at birth (male births per female births)","SP.POP.BRTH.MF","1.053","1.053","1.052","1.056","1.052","1.051","1.051","1.05","1.049","1.049","1.049","1.05","1.049","1.051","1.048","1.052","1.052","1.048","1.049","1.048","1.047","1.049","1.05","1.049","1.051","1.051","1.05","1.055","1.054","1.057","1.056","1.058","1.058","1.058","1.058","1.056","1.06","1.06","1.062","1.064","1.064","1.063","1.062","1.062","1.06","1.059","1.059","1.06","1.057","1.057","1.058","1.058","1.059","1.057","1.06","1.059","1.059","1.059","1.058","1.058","1.058","1.057","1.057","1.057","1.057","",
"Rwanda","RWA","Sex ratio at birth (male births per female births)","SP.POP.BRTH.MF","1.025","1.025","1.025","1.025","1.024","1.024","1.024","1.023","1.023","1.023","1.023","1.023","1.023","1.022","1.022","1.022","1.022","1.021","1.021","1.021","1.021","1.021","1.022","1.022","1.022","1.022","1.023","1.022","1.022","1.023","1.024","1.024","1.025","1.025","1.026","1.026","1.026","1.027","1.027","1.027","1.027","1.028","1.028","1.029","1.029","1.028","1.028","1.027","1.027","1.027","1.026","1.026","1.026","1.027","1.027","1.027","1.027","1.027","1.027","1.027","1.026","1.026","1.026","1.026","1.026","",
"South Asia","SAS","Sex ratio at birth (male births per female births)","SP.POP.BRTH.MF","1.0511774975143","1.05113726396501","1.05113427794869","1.05127180918388","1.05125604042688","1.05125391491996","1.05207221801021","1.05216913493154","1.05214402685137","1.05297830449567","1.05381164177643","1.05381802520806","1.05479563793599","1.05478803216313","1.05644107437016","1.05728484485435","1.05980452588028","1.05992979322207","1.06090916284829","1.06256955295338","1.06427996785161","1.06545091192927","1.06421138558449","1.06440254279837","1.06515061763325","1.06444715256258","1.06502124961782","1.06624192172389","1.06627293005294","1.06432547198389","1.06590238215302","1.06924691808858","1.07149188430251","1.07392963808098","1.07786214013989","1.08184525020934","1.08236918893679","1.08410993624359","1.08516622397774","1.08525395175805","1.08700257005152","1.08545279548624","1.0837631820052","1.08527473801615","1.08606552466207","1.08599489762377","1.08527472791189","1.08532285310687","1.086196373418","1.08711460983893","1.08811050785444","1.08745302118715","1.08536135534283","1.08475774309299","1.08490931841024","1.08419021971445","1.08255776185315","1.08082700988112","1.07909969920954","1.07730583490824","1.07448707323774","1.07273016352671","1.07099595105417","1.06918548242819","1.06753961263106","",
"Saudi Arabia","SAU","Sex ratio at birth (male births per female births)","SP.POP.BRTH.MF","1.05","1.051","1.051","1.05","1.051","1.051","1.051","1.051","1.051","1.05","1.051","1.051","1.051","1.05","1.05","1.05","1.051","1.051","1.05","1.05","1.05","1.05","1.05","1.05","1.051","1.05","1.051","1.051","1.05","1.05","1.051","1.051","1.05","1.05","1.05","1.05","1.05","1.05","1.05","1.05","1.05","1.05","1.05","1.05","1.05","1.05","1.05","1.05","1.05","1.05","1.051","1.051","1.051","1.051","1.051","1.052","1.052","1.052","1.052","1.051","1.051","1.051","1.051","1.051","1.051","",
"Sudan","SDN","Sex ratio at birth (male births per female births)","SP.POP.BRTH.MF","1.042","1.041","1.042","1.042","1.042","1.041","1.041","1.041","1.041","1.041","1.04","1.04","1.04","1.041","1.041","1.042","1.042","1.043","1.043","1.043","1.042","1.042","1.042","1.042","1.042","1.042","1.043","1.044","1.044","1.044","1.044","1.045","1.045","1.046","1.046","1.046","1.046","1.046","1.045","1.045","1.044","1.043","1.043","1.043","1.043","1.044","1.043","1.043","1.043","1.042","1.042","1.042","1.042","1.042","1.042","1.041","1.041","1.041","1.041","1.041","1.041","1.041","1.041","1.041","1.041","",
"Senegal","SEN","Sex ratio at birth (male births per female births)","SP.POP.BRTH.MF","1.03","1.03","1.03","1.03","1.031","1.031","1.031","1.032","1.031","1.032","1.032","1.032","1.032","1.032","1.032","1.031","1.031","1.032","1.032","1.032","1.033","1.033","1.032","1.032","1.032","1.03","1.029","1.029","1.028","1.028","1.029","1.031","1.033","1.033","1.033","1.033","1.034","1.034","1.034","1.035","1.036","1.037","1.037","1.036","1.037","1.037","1.037","1.037","1.036","1.037","1.037","1.037","1.036","1.035","1.034","1.034","1.033","1.032","1.031","1.031","1.031","1.031","1.031","1.031","1.031","",
"Singapore","SGP","Sex ratio at birth (male births per female births)","SP.POP.BRTH.MF","1.063","1.06","1.059","1.056","1.054","1.054","1.054","1.054","1.057","1.061","1.062","1.065","1.067","1.069","1.071","1.071","1.073","1.074","1.075","1.077","1.076","1.078","1.079","1.079","1.078","1.076","1.074","1.072","1.071","1.071","1.07","1.069","1.069","1.069","1.07","1.071","1.072","1.072","1.071","1.072","1.072","1.07","1.068","1.067","1.067","1.066","1.066","1.066","1.065","1.065","1.064","1.064","1.064","1.063","1.062","1.062","1.061","1.061","1.06","1.059","1.059","1.059","1.06","1.06","1.06","",
"Solomon Islands","SLB","Sex ratio at birth (male births per female births)","SP.POP.BRTH.MF","1.07","1.07","1.07","1.07","1.07","1.07","1.07","1.07","1.07","1.07","1.07","1.07","1.07","1.07","1.07","1.07","1.07","1.07","1.07","1.07","1.07","1.07","1.07","1.07","1.07","1.07","1.07","1.071","1.07","1.07","1.07","1.07","1.07","1.07","1.07","1.07","1.07","1.07","1.07","1.07","1.07","1.07","1.07","1.07","1.07","1.07","1.07","1.07","1.07","1.07","1.07","1.07","1.07","1.071","1.07","1.07","1.07","1.07","1.07","1.07","1.07","1.07","1.07","1.07","1.07","",
"Sierra Leone","SLE","Sex ratio at birth (male births per female births)","SP.POP.BRTH.MF","1.034","1.034","1.034","1.034","1.034","1.034","1.034","1.034","1.034","1.033","1.034","1.034","1.034","1.034","1.034","1.034","1.033","1.034","1.034","1.034","1.034","1.034","1.035","1.034","1.034","1.034","1.035","1.035","1.035","1.035","1.035","1.036","1.036","1.036","1.036","1.035","1.035","1.034","1.034","1.034","1.035","1.035","1.035","1.035","1.035","1.035","1.036","1.035","1.034","1.033","1.032","1.032","1.031","1.031","1.031","1.031","1.032","1.032","1.033","1.033","1.033","1.034","1.033","1.034","1.034","",
"El Salvador","SLV","Sex ratio at birth (male births per female births)","SP.POP.BRTH.MF","1.045","1.045","1.044","1.044","1.043","1.042","1.041","1.041","1.04","1.038","1.037","1.036","1.034","1.032","1.033","1.033","1.034","1.036","1.037","1.038","1.038","1.038","1.038","1.039","1.039","1.04","1.04","1.039","1.04","1.04","1.038","1.036","1.035","1.041","1.044","1.047","1.05","1.055","1.058","1.06","1.062","1.063","1.066","1.069","1.068","1.069","1.072","1.073","1.073","1.076","1.073","1.072","1.069","1.065","1.061","1.058","1.052","1.05","1.048","1.048","1.048","1.048","1.048","1.048","1.048","",
"San Marino","SMR","Sex ratio at birth (male births per female births)","SP.POP.BRTH.MF","1.067","1.067","1.067","1.067","1.067","1.067","1.067","1.067","1.067","1.067","1.067","1.067","1.066","1.066","1.066","1.066","1.065","1.066","1.066","1.066","1.066","1.066","1.066","1.066","1.066","1.066","1.067","1.066","1.066","1.066","1.066","1.066","1.067","1.066","1.067","1.067","1.067","1.067","1.067","1.067","1.067","1.068","1.068","1.068","1.068","1.068","1.067","1.067","1.066","1.066","1.066","1.065","1.066","1.065","1.066","1.066","1.066","1.066","1.066","1.066","1.066","1.066","1.066","1.066","1.065","",
"Somalia, Fed. Rep.","SOM","Sex ratio at birth (male births per female births)","SP.POP.BRTH.MF","1.044","1.044","1.044","1.044","1.044","1.044","1.044","1.044","1.044","1.044","1.044","1.044","1.045","1.045","1.045","1.045","1.045","1.045","1.045","1.045","1.045","1.045","1.046","1.046","1.046","1.046","1.047","1.048","1.048","1.048","1.048","1.048","1.049","1.049","1.049","1.049","1.049","1.048","1.048","1.048","1.048","1.047","1.047","1.047","1.047","1.047","1.047","1.047","1.046","1.046","1.046","1.045","1.045","1.045","1.045","1.045","1.044","1.044","1.045","1.044","1.045","1.044","1.044","1.044","1.044","",
"Serbia","SRB","Sex ratio at birth (male births per female births)","SP.POP.BRTH.MF","1.069","1.069","1.069","1.069","1.069","1.069","1.069","1.069","1.069","1.069","1.069","1.069","1.069","1.069","1.069","1.069","1.069","1.069","1.07","1.07","1.069","1.07","1.07","1.07","1.07","1.07","1.071","1.071","1.071","1.071","1.072","1.072","1.073","1.074","1.075","1.076","1.077","1.077","1.076","1.075","1.074","1.073","1.073","1.072","1.072","1.071","1.071","1.071","1.07","1.07","1.07","1.07","1.07","1.07","1.07","1.07","1.069","1.069","1.069","1.069","1.069","1.07","1.069","1.069","1.069","",
"Sub-Saharan Africa (excluding high income)","SSA","Sex ratio at birth (male births per female births)","SP.POP.BRTH.MF","1.03532344780486","1.03535801842826","1.03555767401703","1.03559750894","1.03565356598734","1.03585985316163","1.03604745050379","1.03619336123596","1.03633152776092","1.0365057115587","1.03677286333911","1.03678044310065","1.03703787862065","1.03709012085429","1.03702762018101","1.03687917202515","1.03683650939746","1.03669702839067","1.0366535596914","1.03670993024738","1.03658609657512","1.03668480425001","1.03677226066474","1.03693263742562","1.0370865119085","1.03713586005135","1.03735775522492","1.03769165103689","1.03776854966651","1.03796011644207","1.03792595568206","1.03788676699975","1.03796910685786","1.03816386778918","1.03811819086045","1.03760870574577","1.03737760835776","1.03710915864113","1.03695613818003","1.03664781126559","1.03642131559375","1.03605878900059","1.03554831357579","1.03536848198953","1.03513261480862","1.03537265474195","1.034967181478","1.03447018899437","1.03447957220051","1.03447873234283","1.03415666891606","1.03399284423027","1.03374151904133","1.03352452717621","1.03368873869948","1.03385930785025","1.0341523636492","1.03414613484016","1.03430144413005","1.03414948144976","1.03420479083297","1.0341704673099","1.03424610420851","1.03429090729758","1.03427362620904","",
"South Sudan","SSD","Sex ratio at birth (male births per female births)","SP.POP.BRTH.MF","1.035","1.035","1.035","1.035","1.035","1.035","1.035","1.035","1.035","1.035","1.035","1.035","1.035","1.035","1.035","1.035","1.035","1.035","1.035","1.035","1.035","1.035","1.036","1.035","1.036","1.036","1.036","1.036","1.036","1.036","1.036","1.037","1.037","1.037","1.037","1.037","1.037","1.036","1.036","1.036","1.036","1.036","1.036","1.036","1.035","1.035","1.035","1.035","1.035","1.035","1.035","1.035","1.035","1.035","1.035","1.035","1.035","1.035","1.035","1.035","1.035","1.035","1.035","1.035","1.035","",
"Sub-Saharan Africa","SSF","Sex ratio at birth (male births per female births)","SP.POP.BRTH.MF","1.03532354271322","1.03535810983152","1.0355577372018","1.03559756643934","1.0356536152595","1.03585987272776","1.03604744359025","1.03619333479759","1.03633148560598","1.03650565017591","1.03677277425897","1.03678034376999","1.03703775771391","1.03708989551128","1.03702737889074","1.03687896055617","1.03683622756288","1.03669677370916","1.03665338907611","1.03670986172538","1.03658603837012","1.03668483428828","1.03677227889139","1.0369327262813","1.03708650451779","1.03713584878488","1.03735772633715","1.03769159775581","1.03776849314688","1.03796004919184","1.03792596081749","1.03788677517064","1.03796910890839","1.03816385653287","1.03811818282871","1.03760872981401","1.03737764658052","1.03710915261009","1.03695614045253","1.03664777731662","1.03642124050275","1.0360587368666","1.03554823655745","1.03536841463724","1.03513256263815","1.03537258881664","1.03496713806707","1.0344701678286","1.03447950484538","1.03447871047999","1.03415670502019","1.03399288997649","1.0337416212306","1.03352463255351","1.0336888765904","1.03385944009952","1.03415252998019","1.03414629957481","1.03430155851048","1.03414955646368","1.03420486076235","1.03417054250542","1.03424617113745","1.03429097103214","1.03427368067356","",
"Small states","SST","Sex ratio at birth (male births per female births)","SP.POP.BRTH.MF","1.04853015288975","1.04847202165024","1.04872383315708","1.0486672644014","1.04863346292889","1.04825989624926","1.04803682344632","1.04842370403994","1.04806049780612","1.0479338274443","1.04782175654342","1.04795011911498","1.04796281614277","1.04777810063323","1.04758694120343","1.0478233161641","1.04770184136954","1.04800487473063","1.04805073554931","1.04845758119067","1.04843175050649","1.04862358415473","1.0485616422963","1.0485205092291","1.04845272834753","1.04846020267495","1.04879318883614","1.04922518898024","1.04929125077531","1.04943644836492","1.04952213988786","1.04941218455419","1.04945507252827","1.0494783698538","1.04972960374882","1.05032538184759","1.05059484314637","1.05087297013151","1.05105234428778","1.05086636945772","1.05034848635826","1.05038307905793","1.05024508119793","1.05043489825913","1.05044851361251","1.05072028678464","1.05107550050672","1.051014056791","1.05100236029538","1.05080333400643","1.0507632762681","1.05072897399325","1.05073187117352","1.05086667169532","1.05099724920576","1.05131652411537","1.05183865594971","1.05162970164282","1.05144825975949","1.05108044577413","1.05092902149112","1.05091113862209","1.05072296310248","1.05053253484014","1.05037087261187","",
"Sao Tome and Principe","STP","Sex ratio at birth (male births per female births)","SP.POP.BRTH.MF","1.027","1.027","1.026","1.026","1.026","1.026","1.026","1.026","1.026","1.025","1.025","1.025","1.025","1.025","1.024","1.024","1.024","1.023","1.024","1.024","1.025","1.025","1.025","1.026","1.026","1.026","1.026","1.026","1.026","1.026","1.027","1.026","1.026","1.026","1.026","1.026","1.026","1.026","1.026","1.026","1.026","1.026","1.026","1.026","1.026","1.026","1.027","1.027","1.027","1.027","1.028","1.028","1.028","1.028","1.028","1.028","1.028","1.028","1.028","1.027","1.027","1.027","1.027","1.027","1.027","",
"Suriname","SUR","Sex ratio at birth (male births per female births)","SP.POP.BRTH.MF","1.034","1.034","1.035","1.036","1.037","1.038","1.038","1.038","1.038","1.038","1.038","1.038","1.038","1.038","1.038","1.038","1.038","1.038","1.038","1.038","1.038","1.038","1.038","1.038","1.038","1.038","1.039","1.039","1.038","1.039","1.039","1.039","1.039","1.04","1.04","1.041","1.041","1.041","1.04","1.039","1.039","1.038","1.038","1.037","1.037","1.038","1.037","1.037","1.038","1.038","1.039","1.039","1.039","1.039","1.038","1.039","1.042","1.043","1.043","1.042","1.041","1.041","1.04","1.04","1.04","",
"Slovak Republic","SVK","Sex ratio at birth (male births per female births)","SP.POP.BRTH.MF","1.061","1.058","1.06","1.06","1.062","1.066","1.06","1.059","1.058","1.056","1.055","1.053","1.05","1.048","1.049","1.05","1.054","1.054","1.05","1.048","1.05","1.049","1.051","1.051","1.049","1.05","1.049","1.047","1.048","1.05","1.052","1.052","1.053","1.054","1.052","1.053","1.056","1.055","1.054","1.052","1.053","1.056","1.055","1.055","1.056","1.055","1.054","1.053","1.052","1.051","1.047","1.05","1.053","1.052","1.052","1.054","1.054","1.054","1.054","1.053","1.053","1.054","1.054","1.055","1.055","",
"Slovenia","SVN","Sex ratio at birth (male births per female births)","SP.POP.BRTH.MF","1.055","1.054","1.055","1.051","1.046","1.045","1.05","1.045","1.045","1.05","1.054","1.064","1.066","1.067","1.068","1.063","1.063","1.066","1.07","1.068","1.061","1.059","1.058","1.054","1.053","1.054","1.053","1.054","1.058","1.059","1.058","1.059","1.06","1.058","1.055","1.057","1.061","1.062","1.065","1.065","1.065","1.065","1.062","1.058","1.054","1.056","1.057","1.055","1.055","1.059","1.059","1.058","1.059","1.058","1.059","1.058","1.058","1.064","1.068","1.067","1.066","1.065","1.064","1.063","1.063","",
"Sweden","SWE","Sex ratio at birth (male births per female births)","SP.POP.BRTH.MF","1.06","1.06","1.06","1.061","1.058","1.06","1.062","1.062","1.061","1.063","1.061","1.062","1.062","1.061","1.06","1.059","1.058","1.058","1.055","1.055","1.055","1.055","1.059","1.061","1.061","1.061","1.057","1.054","1.06","1.059","1.056","1.059","1.056","1.049","1.048","1.054","1.051","1.056","1.06","1.058","1.061","1.061","1.059","1.062","1.06","1.058","1.059","1.06","1.062","1.06","1.056","1.053","1.057","1.06","1.061","1.067","1.056","1.056","1.057","1.059","1.058","1.057","1.057","1.056","1.056","",
"Eswatini","SWZ","Sex ratio at birth (male births per female births)","SP.POP.BRTH.MF","1.03","1.03","1.03","1.03","1.03","1.029","1.03","1.03","1.029","1.029","1.029","1.029","1.029","1.029","1.029","1.03","1.029","1.029","1.029","1.029","1.029","1.03","1.029","1.029","1.029","1.029","1.029","1.029","1.029","1.029","1.029","1.028","1.028","1.028","1.028","1.028","1.028","1.028","1.028","1.028","1.028","1.028","1.028","1.029","1.029","1.03","1.031","1.032","1.031","1.03","1.03","1.03","1.029","1.029","1.029","1.029","1.029","1.029","1.029","1.03","1.029","1.029","1.03","1.029","1.029","",
"Sint Maarten (Dutch part)","SXM","Sex ratio at birth (male births per female births)","SP.POP.BRTH.MF","1.042","1.042","1.042","1.042","1.042","1.042","1.042","1.042","1.042","1.042","1.042","1.042","1.042","1.042","1.042","1.042","1.042","1.042","1.042","1.042","1.043","1.043","1.043","1.043","1.042","1.042","1.042","1.041","1.041","1.041","1.041","1.041","1.041","1.041","1.041","1.041","1.041","1.041","1.041","1.041","1.041","1.041","1.041","1.041","1.041","1.04","1.04","1.04","1.04","1.04","1.041","1.041","1.041","1.04","1.04","1.039","1.039","1.039","1.038","1.039","1.039","1.039","1.039","1.039","1.039","",
"Seychelles","SYC","Sex ratio at birth (male births per female births)","SP.POP.BRTH.MF","1.036","1.036","1.036","1.036","1.036","1.036","1.036","1.036","1.036","1.036","1.036","1.036","1.036","1.035","1.035","1.035","1.034","1.034","1.035","1.036","1.036","1.037","1.037","1.038","1.037","1.037","1.037","1.037","1.037","1.037","1.038","1.038","1.038","1.038","1.038","1.038","1.038","1.037","1.037","1.036","1.035","1.035","1.034","1.034","1.034","1.034","1.034","1.034","1.033","1.034","1.035","1.035","1.036","1.036","1.037","1.037","1.038","1.038","1.037","1.036","1.036","1.036","1.036","1.036","1.036","",
"Syrian Arab Republic","SYR","Sex ratio at birth (male births per female births)","SP.POP.BRTH.MF","1.052","1.052","1.052","1.052","1.052","1.052","1.052","1.052","1.052","1.052","1.052","1.052","1.052","1.052","1.052","1.052","1.053","1.053","1.053","1.054","1.054","1.055","1.056","1.055","1.055","1.054","1.054","1.054","1.054","1.054","1.053","1.053","1.053","1.053","1.053","1.053","1.053","1.053","1.053","1.052","1.052","1.052","1.052","1.052","1.052","1.052","1.052","1.052","1.052","1.052","1.052","1.052","1.052","1.052","1.052","1.053","1.052","1.052","1.052","1.053","1.052","1.052","1.052","1.052","1.053","",
"Turks and Caicos Islands","TCA","Sex ratio at birth (male births per female births)","SP.POP.BRTH.MF","1.05","1.05","1.05","1.05","1.05","1.05","1.05","1.05","1.05","1.05","1.05","1.05","1.05","1.05","1.05","1.05","1.05","1.05","1.05","1.05","1.05","1.05","1.05","1.05","1.05","1.05","1.05","1.05","1.05","1.05","1.049","1.049","1.049","1.049","1.049","1.049","1.05","1.05","1.05","1.05","1.05","1.05","1.05","1.05","1.05","1.05","1.05","1.05","1.05","1.05","1.051","1.051","1.051","1.051","1.05","1.05","1.05","1.049","1.049","1.049","1.049","1.049","1.049","1.049","1.049","",
"Chad","TCD","Sex ratio at birth (male births per female births)","SP.POP.BRTH.MF","1.041","1.041","1.041","1.041","1.041","1.041","1.04","1.04","1.04","1.04","1.04","1.04","1.04","1.04","1.04","1.039","1.039","1.039","1.039","1.038","1.038","1.038","1.038","1.038","1.038","1.038","1.038","1.038","1.039","1.038","1.039","1.04","1.041","1.042","1.043","1.043","1.042","1.042","1.043","1.043","1.044","1.044","1.046","1.046","1.047","1.048","1.048","1.049","1.049","1.048","1.048","1.047","1.047","1.046","1.045","1.045","1.044","1.044","1.043","1.042","1.042","1.042","1.042","1.042","1.042","",
"East Asia & Pacific (IDA & IBRD countries)","TEA","Sex ratio at birth (male births per female births)","SP.POP.BRTH.MF","1.06173583835613","1.06178775745053","1.06223303063261","1.06217022340252","1.06218105556329","1.06214659658155","1.06204902033385","1.06275937335601","1.06280063020866","1.06280131684036","1.06352945921501","1.06339373891977","1.06355599515093","1.06356025656944","1.0642226789402","1.06481778190272","1.065680599022","1.06641475136713","1.06718034420295","1.06796135091478","1.06892047205669","1.07050977905149","1.07220987875544","1.07413875245015","1.0761359481814","1.07973537267547","1.08323177336425","1.08774350701024","1.09232604852677","1.09665278790028","1.10119019116238","1.10496519612589","1.10868772231508","1.11298576430193","1.11701259098094","1.12032448770512","1.1235620999992","1.12643746188728","1.12824175640913","1.12914516651646","1.13039483649106","1.13126470705606","1.13059405053741","1.12877492731079","1.1311665328365","1.13047419032191","1.13150386349648","1.13176968886651","1.13091740549789","1.12909990910536","1.12768415836032","1.1287149248662","1.12874427549932","1.12525479225128","1.12291044443226","1.11788652791182","1.11717570357403","1.10917695148132","1.11236667891585","1.11012120996005","1.09330915387643","1.08818432220176","1.08790612402669","1.0881826891048","1.08564638609427","",
"Europe & Central Asia (IDA & IBRD countries)","TEC","Sex ratio at birth (male births per female births)","SP.POP.BRTH.MF","1.05801205972756","1.05792227633147","1.05763284384607","1.05880465784565","1.05758182161457","1.0570254782151","1.05678828735565","1.05613125956703","1.0552082377147","1.05552393478398","1.05559417064753","1.05577800174827","1.05588356155427","1.0561482281988","1.05544713200931","1.05660520079675","1.05683202815451","1.05508203586838","1.05563026371389","1.05576423177754","1.05468812275424","1.05535956844062","1.05642502800105","1.05638725526763","1.05757257476544","1.05692942871106","1.05667489798089","1.05906061159709","1.05870915326041","1.05990527765123","1.06014182540271","1.06095825313777","1.06077350035369","1.06123854367812","1.0617204378523","1.06237802127215","1.06392906829402","1.06448984220484","1.06553458784596","1.0669829012134","1.06723626294868","1.0662057303852","1.06586190314082","1.06556785055104","1.06494923343072","1.06442786406067","1.06389207208064","1.0643866828219","1.0641072403288","1.06464657863001","1.06583114516598","1.06549919736641","1.06553853970498","1.06498198348506","1.06573412168505","1.06544700744253","1.06501007423151","1.06458794419538","1.06471943758768","1.06454747725091","1.06410276117131","1.06338889223631","1.06353138987699","1.06317889710701","1.06282574571976","",
"Togo","TGO","Sex ratio at birth (male births per female births)","SP.POP.BRTH.MF","1.026","1.026","1.026","1.026","1.027","1.027","1.027","1.027","1.026","1.026","1.026","1.026","1.026","1.026","1.027","1.027","1.028","1.028","1.028","1.028","1.028","1.029","1.029","1.03","1.03","1.03","1.029","1.029","1.029","1.029","1.028","1.028","1.029","1.028","1.028","1.028","1.028","1.027","1.027","1.027","1.027","1.028","1.028","1.028","1.028","1.028","1.027","1.027","1.027","1.026","1.026","1.026","1.027","1.027","1.027","1.027","1.027","1.027","1.027","1.028","1.028","1.027","1.028","1.028","1.028","",
"Thailand","THA","Sex ratio at birth (male births per female births)","SP.POP.BRTH.MF","1.064","1.064","1.064","1.063","1.063","1.063","1.063","1.063","1.064","1.064","1.064","1.064","1.065","1.065","1.065","1.064","1.064","1.064","1.063","1.064","1.064","1.064","1.064","1.064","1.064","1.064","1.064","1.064","1.064","1.064","1.064","1.064","1.064","1.064","1.064","1.064","1.064","1.064","1.064","1.064","1.064","1.064","1.064","1.064","1.064","1.064","1.064","1.064","1.064","1.064","1.064","1.064","1.064","1.064","1.064","1.064","1.064","1.064","1.064","1.064","1.064","1.064","1.064","1.064","1.064","",
"Tajikistan","TJK","Sex ratio at birth (male births per female births)","SP.POP.BRTH.MF","1.064","1.064","1.064","1.064","1.064","1.064","1.064","1.064","1.064","1.064","1.063","1.064","1.063","1.063","1.063","1.063","1.063","1.063","1.063","1.063","1.063","1.062","1.062","1.062","1.062","1.061","1.061","1.061","1.06","1.059","1.06","1.062","1.063","1.064","1.064","1.065","1.065","1.065","1.065","1.065","1.064","1.064","1.065","1.064","1.064","1.064","1.063","1.062","1.062","1.062","1.061","1.061","1.06","1.061","1.061","1.061","1.061","1.062","1.062","1.062","1.063","1.063","1.063","1.063","1.063","",
"Turkmenistan","TKM","Sex ratio at birth (male births per female births)","SP.POP.BRTH.MF","1.066","1.066","1.066","1.066","1.066","1.066","1.066","1.066","1.066","1.066","1.066","1.066","1.066","1.066","1.066","1.066","1.066","1.066","1.066","1.066","1.066","1.066","1.066","1.066","1.066","1.066","1.066","1.066","1.066","1.065","1.065","1.065","1.065","1.065","1.065","1.065","1.065","1.065","1.065","1.065","1.065","1.064","1.065","1.065","1.065","1.065","1.065","1.065","1.066","1.067","1.067","1.068","1.068","1.067","1.067","1.067","1.067","1.068","1.068","1.068","1.067","1.067","1.067","1.067","1.067","",
"Latin America & the Caribbean (IDA & IBRD countries)","TLA","Sex ratio at birth (male births per female births)","SP.POP.BRTH.MF","1.0420836094619","1.0420542149808","1.04227717817885","1.04222287967649","1.04254476252823","1.04271823391068","1.04285668450856","1.04254629215484","1.04271711102091","1.04252727216605","1.04243616421236","1.04223391189556","1.0421173308925","1.04231005807855","1.04222853243251","1.04257845956123","1.04299355564917","1.04315771901911","1.04344819076911","1.04309962971577","1.04305179179977","1.04297364813771","1.0429611458727","1.04356356013826","1.0437588498799","1.04364640335069","1.04381353439286","1.04394916805882","1.04400995610731","1.04449128659282","1.04474022348111","1.04487180390702","1.04472318488575","1.0447370241679","1.04430596173088","1.04445988256547","1.04454854092831","1.04442991683087","1.04457120230886","1.04463915276352","1.04465309551872","1.04493286670491","1.04495335226415","1.04503901281814","1.04493090883301","1.04487219910308","1.04520357778049","1.04503383324615","1.0446921029215","1.04475727144841","1.04487639388563","1.04498100086543","1.04483291366785","1.04467942361148","1.04471690341656","1.04451204287428","1.04433102599389","1.04416864542988","1.04409138130023","1.04390472390522","1.04372995569594","1.0437042693487","1.04352666238165","1.04355200134651","1.04358387593741","",
"Timor-Leste","TLS","Sex ratio at birth (male births per female births)","SP.POP.BRTH.MF","1.071","1.071","1.071","1.071","1.071","1.071","1.071","1.071","1.071","1.071","1.071","1.071","1.071","1.071","1.071","1.071","1.071","1.071","1.071","1.071","1.071","1.072","1.072","1.072","1.072","1.072","1.072","1.073","1.073","1.074","1.074","1.075","1.074","1.074","1.074","1.074","1.074","1.074","1.074","1.074","1.074","1.074","1.074","1.073","1.072","1.072","1.071","1.07","1.071","1.071","1.071","1.071","1.071","1.072","1.071","1.071","1.071","1.071","1.071","1.071","1.071","1.071","1.071","1.071","1.071","",
"Middle East, North Africa, Afghanistan & Pakistan (IDA & IBRD)","TMN","Sex ratio at birth (male births per female births)","SP.POP.BRTH.MF","1.05562533014513","1.05616469017293","1.05660045145493","1.05720147592287","1.05790528192008","1.05846306269473","1.05861468472089","1.05804892015607","1.0573075968175","1.05698511413328","1.05765179276659","1.05844628990569","1.05884690910755","1.05971591203515","1.06024873513074","1.06043727429821","1.05998640761741","1.06033986968164","1.05825698428681","1.05382689169701","1.05162324678711","1.04962825428429","1.04848416894005","1.04809632504274","1.04850205027327","1.04802898777464","1.04862190275356","1.04997237203774","1.05440167995021","1.05704824365847","1.0592855178182","1.06008018132518","1.06021035956781","1.06324259378524","1.06439964107743","1.06410559846489","1.06463890606678","1.06443150517622","1.06458734978822","1.06528829403972","1.06553654705964","1.06565000640571","1.0641814492931","1.06238270308859","1.06259388533525","1.06325578166621","1.06137145141556","1.06207198999862","1.06084608280047","1.05996914965913","1.05798494955013","1.05690429391045","1.05507289907437","1.05445461076236","1.05408521396797","1.05372544690421","1.05360101610575","1.05377606787707","1.05381207785247","1.05406152720452","1.05389103556641","1.05396486203202","1.05390879657935","1.05390909109888","1.05394609448599","",
"Tonga","TON","Sex ratio at birth (male births per female births)","SP.POP.BRTH.MF","1.081","1.082","1.082","1.082","1.082","1.082","1.083","1.083","1.083","1.084","1.084","1.085","1.084","1.084","1.083","1.083","1.082","1.082","1.081","1.081","1.08","1.08","1.079","1.079","1.08","1.081","1.082","1.083","1.084","1.085","1.085","1.085","1.085","1.085","1.084","1.085","1.085","1.086","1.087","1.086","1.085","1.084","1.083","1.083","1.082","1.082","1.082","1.082","1.081","1.081","1.081","1.081","1.081","1.081","1.081","1.081","1.081","1.081","1.081","1.081","1.081","1.081","1.081","1.081","1.081","",
"South Asia (IDA & IBRD)","TSA","Sex ratio at birth (male births per female births)","SP.POP.BRTH.MF","1.0511774975143","1.05113726396501","1.05113427794869","1.05127180918388","1.05125604042688","1.05125391491996","1.05207221801021","1.05216913493154","1.05214402685137","1.05297830449567","1.05381164177643","1.05381802520806","1.05479563793599","1.05478803216313","1.05644107437016","1.05728484485435","1.05980452588028","1.05992979322207","1.06090916284828","1.06256955295338","1.06427996785161","1.06545091192927","1.06421138558449","1.06440254279837","1.06515061763325","1.06444715256258","1.06502124961782","1.06624192172389","1.06627293005294","1.06432547198389","1.06590238215302","1.06924691808858","1.07149188430251","1.07392963808098","1.07786214013989","1.08184525020934","1.08236918893679","1.08410993624359","1.08516622397774","1.08525395175805","1.08700257005152","1.08545279548624","1.0837631820052","1.08527473801615","1.08606552466207","1.08599489762377","1.08527472791189","1.08532285310687","1.086196373418","1.08711460983893","1.08811050785444","1.08745302118715","1.08536135534283","1.08475774309299","1.08490931841024","1.08419021971445","1.08255776185315","1.08082700988112","1.07909969920954","1.07730583490824","1.07448707323774","1.07273016352671","1.07099595105417","1.06918548242819","1.06753961263107","",
"Sub-Saharan Africa (IDA & IBRD countries)","TSS","Sex ratio at birth (male births per female births)","SP.POP.BRTH.MF","1.03532354271322","1.03535810983152","1.0355577372018","1.03559756643934","1.0356536152595","1.03585987272776","1.03604744359025","1.03619333479759","1.03633148560598","1.03650565017591","1.03677277425897","1.03678034376999","1.03703775771391","1.03708989551128","1.03702737889074","1.03687896055617","1.03683622756288","1.03669677370916","1.03665338907611","1.03670986172538","1.03658603837012","1.03668483428828","1.03677227889139","1.0369327262813","1.03708650451779","1.03713584878488","1.03735772633715","1.03769159775581","1.03776849314688","1.03796004919184","1.03792596081749","1.03788677517064","1.03796910890839","1.03816385653287","1.03811818282871","1.03760872981401","1.03737764658052","1.03710915261009","1.03695614045253","1.03664777731662","1.03642124050275","1.0360587368666","1.03554823655745","1.03536841463723","1.03513256263815","1.03537258881664","1.03496713806707","1.0344701678286","1.03447950484538","1.03447871047999","1.03415670502019","1.03399288997649","1.0337416212306","1.03352463255351","1.0336888765904","1.03385944009952","1.03415252998019","1.03414629957481","1.03430155851048","1.03414955646368","1.03420486076235","1.03417054250542","1.03424617113745","1.03429097103214","1.03427368067355","",
"Trinidad and Tobago","TTO","Sex ratio at birth (male births per female births)","SP.POP.BRTH.MF","1.042","1.042","1.041","1.04","1.039","1.036","1.033","1.035","1.036","1.035","1.034","1.036","1.038","1.04","1.042","1.042","1.042","1.042","1.042","1.042","1.041","1.041","1.04","1.039","1.037","1.036","1.035","1.035","1.037","1.036","1.035","1.035","1.035","1.037","1.04","1.041","1.042","1.041","1.041","1.042","1.041","1.041","1.041","1.042","1.042","1.042","1.043","1.044","1.043","1.043","1.042","1.041","1.041","1.041","1.041","1.041","1.041","1.04","1.041","1.041","1.041","1.041","1.041","1.041","1.04","",
"Tunisia","TUN","Sex ratio at birth (male births per female births)","SP.POP.BRTH.MF","1.047","1.047","1.047","1.046","1.047","1.047","1.047","1.047","1.048","1.048","1.049","1.051","1.053","1.057","1.057","1.06","1.057","1.057","1.057","1.056","1.056","1.056","1.056","1.058","1.06","1.061","1.064","1.066","1.07","1.074","1.077","1.08","1.08","1.078","1.075","1.076","1.077","1.077","1.08","1.082","1.085","1.083","1.082","1.082","1.083","1.082","1.08","1.08","1.081","1.079","1.077","1.073","1.067","1.063","1.06","1.059","1.058","1.059","1.057","1.056","1.055","1.053","1.052","1.051","1.05","",
"Turkiye","TUR","Sex ratio at birth (male births per female births)","SP.POP.BRTH.MF","1.045","1.045","1.045","1.045","1.045","1.045","1.045","1.045","1.045","1.046","1.046","1.046","1.047","1.047","1.047","1.048","1.048","1.048","1.049","1.049","1.049","1.05","1.051","1.052","1.053","1.053","1.053","1.054","1.055","1.055","1.055","1.054","1.054","1.054","1.054","1.055","1.056","1.058","1.061","1.063","1.062","1.06","1.059","1.058","1.057","1.056","1.055","1.055","1.056","1.056","1.056","1.056","1.056","1.056","1.055","1.055","1.055","1.054","1.053","1.053","1.052","1.051","1.051","1.05","1.05","",
"Tuvalu","TUV","Sex ratio at birth (male births per female births)","SP.POP.BRTH.MF","1.07","1.07","1.07","1.07","1.07","1.07","1.07","1.07","1.07","1.07","1.07","1.069","1.069","1.07","1.07","1.07","1.07","1.07","1.07","1.07","1.07","1.07","1.07","1.07","1.07","1.07","1.07","1.07","1.07","1.07","1.07","1.07","1.07","1.07","1.07","1.07","1.07","1.07","1.07","1.07","1.07","1.07","1.07","1.07","1.07","1.07","1.07","1.07","1.07","1.07","1.07","1.07","1.07","1.07","1.069","1.069","1.07","1.07","1.07","1.069","1.069","1.069","1.07","1.07","1.07","",
"Tanzania","TZA","Sex ratio at birth (male births per female births)","SP.POP.BRTH.MF","1.032","1.032","1.032","1.032","1.032","1.032","1.032","1.032","1.032","1.032","1.032","1.032","1.032","1.032","1.032","1.032","1.031","1.031","1.03","1.029","1.028","1.027","1.027","1.026","1.025","1.026","1.027","1.028","1.029","1.029","1.03","1.029","1.028","1.028","1.028","1.027","1.026","1.026","1.026","1.025","1.024","1.023","1.023","1.023","1.022","1.023","1.023","1.024","1.025","1.025","1.026","1.026","1.027","1.027","1.028","1.028","1.029","1.029","1.029","1.03","1.03","1.03","1.03","1.031","1.031","",
"Uganda","UGA","Sex ratio at birth (male births per female births)","SP.POP.BRTH.MF","1.03","1.029","1.029","1.029","1.029","1.029","1.029","1.028","1.028","1.028","1.027","1.027","1.027","1.026","1.026","1.025","1.025","1.025","1.024","1.024","1.023","1.022","1.021","1.021","1.021","1.021","1.02","1.02","1.019","1.02","1.02","1.022","1.023","1.024","1.024","1.025","1.025","1.026","1.025","1.024","1.023","1.021","1.02","1.018","1.018","1.018","1.018","1.019","1.02","1.021","1.022","1.023","1.023","1.024","1.025","1.026","1.026","1.027","1.028","1.028","1.028","1.029","1.029","1.029","1.029","",
"Ukraine","UKR","Sex ratio at birth (male births per female births)","SP.POP.BRTH.MF","1.06","1.061","1.062","1.063","1.064","1.065","1.062","1.062","1.057","1.054","1.055","1.056","1.057","1.055","1.049","1.049","1.052","1.051","1.055","1.053","1.052","1.05","1.054","1.054","1.057","1.054","1.055","1.059","1.056","1.057","1.059","1.057","1.058","1.06","1.062","1.063","1.065","1.061","1.06","1.066","1.07","1.066","1.067","1.062","1.061","1.062","1.058","1.061","1.066","1.068","1.067","1.067","1.066","1.065","1.065","1.068","1.068","1.064","1.067","1.066","1.065","1.064","1.063","1.063","1.062","",
"Upper middle income","UMC","Sex ratio at birth (male births per female births)","SP.POP.BRTH.MF","1.05620931788234","1.05587361594017","1.05786871537889","1.05826307694624","1.05817922575374","1.05820931987936","1.0579482449503","1.05827091486803","1.05821121004841","1.05796338776752","1.05847667587985","1.05824742813591","1.05838671038453","1.05833711921407","1.05843411328475","1.05870848617486","1.0588977728873","1.05904266310217","1.05922826555394","1.05916424697963","1.05932151964041","1.06046019320431","1.06170226484453","1.0626838751491","1.06409470707424","1.06676828324352","1.06967558560186","1.07332690019097","1.07656766900425","1.07972918078317","1.0830832168184","1.08541472341446","1.08759494966919","1.09089991069244","1.09398935345833","1.09636882947625","1.09897809725615","1.10098618191706","1.1018907728647","1.10209077155529","1.10277940449068","1.1030893337875","1.10248745571337","1.10102274139905","1.10238524866159","1.10202438921918","1.10245193028142","1.10280594030586","1.10223294438113","1.10104008060451","1.10012390803992","1.10186899853062","1.1027682224952","1.0991869898741","1.09804428443031","1.09351317825046","1.09430260460596","1.08831384543206","1.08910695443884","1.08754817010806","1.07568575576419","1.0717389180493","1.07110197191683","1.07100163283863","1.06976242668656","",
"Uruguay","URY","Sex ratio at birth (male births per female births)","SP.POP.BRTH.MF","1.053","1.055","1.056","1.057","1.059","1.061","1.063","1.065","1.071","1.068","1.074","1.076","1.062","1.058","1.055","1.049","1.047","1.047","1.049","1.049","1.048","1.047","1.053","1.056","1.056","1.055","1.053","1.051","1.048","1.048","1.049","1.049","1.049","1.049","1.049","1.049","1.048","1.051","1.052","1.052","1.052","1.051","1.051","1.05","1.05","1.05","1.05","1.05","1.05","1.048","1.046","1.048","1.05","1.051","1.053","1.056","1.058","1.059","1.059","1.058","1.057","1.056","1.056","1.055","1.055","",
"United States","USA","Sex ratio at birth (male births per female births)","SP.POP.BRTH.MF","1.049","1.05","1.048","1.052","1.048","1.051","1.049","1.05","1.053","1.053","1.054","1.052","1.051","1.052","1.055","1.054","1.053","1.053","1.053","1.052","1.053","1.052","1.051","1.052","1.05","1.052","1.051","1.05","1.05","1.05","1.049","1.046","1.05","1.05","1.048","1.049","1.047","1.048","1.047","1.049","1.048","1.046","1.048","1.049","1.049","1.049","1.049","1.047","1.048","1.048","1.048","1.049","1.047","1.049","1.048","1.048","1.047","1.048","1.046","1.047","1.047","1.048","1.048","1.049","1.049","",
"Uzbekistan","UZB","Sex ratio at birth (male births per female births)","SP.POP.BRTH.MF","1.074","1.074","1.074","1.074","1.074","1.074","1.074","1.074","1.074","1.074","1.074","1.075","1.074","1.075","1.075","1.075","1.075","1.075","1.076","1.075","1.075","1.075","1.075","1.075","1.075","1.076","1.076","1.076","1.076","1.076","1.076","1.076","1.074","1.072","1.073","1.072","1.069","1.067","1.067","1.067","1.068","1.067","1.067","1.067","1.067","1.067","1.068","1.068","1.07","1.072","1.075","1.077","1.079","1.08","1.082","1.083","1.084","1.085","1.086","1.084","1.082","1.081","1.08","1.079","1.078","",
"St. Vincent and the Grenadines","VCT","Sex ratio at birth (male births per female births)","SP.POP.BRTH.MF","1.032","1.032","1.032","1.032","1.032","1.032","1.031","1.031","1.031","1.031","1.031","1.03","1.03","1.03","1.029","1.03","1.03","1.031","1.03","1.028","1.028","1.027","1.027","1.027","1.028","1.029","1.03","1.03","1.03","1.03","1.03","1.03","1.03","1.03","1.031","1.031","1.032","1.033","1.033","1.034","1.034","1.033","1.032","1.031","1.031","1.03","1.029","1.029","1.029","1.028","1.029","1.029","1.029","1.029","1.03","1.03","1.031","1.031","1.033","1.034","1.034","1.033","1.033","1.033","1.033","",
"Venezuela, RB","VEN","Sex ratio at birth (male births per female births)","SP.POP.BRTH.MF","1.039","1.04","1.04","1.039","1.039","1.039","1.038","1.037","1.036","1.037","1.038","1.039","1.04","1.04","1.041","1.042","1.043","1.044","1.045","1.045","1.044","1.044","1.044","1.045","1.045","1.046","1.047","1.048","1.049","1.052","1.057","1.064","1.065","1.065","1.061","1.061","1.063","1.063","1.064","1.064","1.064","1.065","1.064","1.063","1.061","1.059","1.057","1.053","1.049","1.052","1.055","1.056","1.057","1.057","1.058","1.058","1.058","1.058","1.057","1.056","1.055","1.054","1.053","1.053","1.052","",
"British Virgin Islands","VGB","Sex ratio at birth (male births per female births)","SP.POP.BRTH.MF","1.05","1.05","1.05","1.05","1.05","1.05","1.049","1.049","1.049","1.049","1.049","1.05","1.05","1.05","1.05","1.05","1.05","1.05","1.05","1.05","1.049","1.049","1.049","1.049","1.049","1.049","1.05","1.05","1.05","1.05","1.05","1.05","1.05","1.049","1.048","1.048","1.047","1.047","1.047","1.048","1.049","1.05","1.051","1.051","1.051","1.051","1.051","1.051","1.051","1.051","1.051","1.052","1.052","1.053","1.053","1.053","1.053","1.053","1.053","1.053","1.053","1.053","1.053","1.053","1.053","",
"Virgin Islands (U.S.)","VIR","Sex ratio at birth (male births per female births)","SP.POP.BRTH.MF","1.039","1.039","1.039","1.039","1.04","1.04","1.04","1.04","1.04","1.04","1.039","1.039","1.039","1.039","1.039","1.039","1.039","1.038","1.038","1.037","1.037","1.036","1.035","1.035","1.036","1.037","1.038","1.038","1.038","1.039","1.041","1.041","1.04","1.04","1.04","1.04","1.04","1.04","1.039","1.039","1.039","1.039","1.039","1.039","1.039","1.039","1.039","1.039","1.039","1.039","1.039","1.039","1.039","1.039","1.039","1.039","1.039","1.039","1.039","1.039","1.039","1.039","1.039","1.039","1.039","",
"Viet Nam","VNM","Sex ratio at birth (male births per female births)","SP.POP.BRTH.MF","1.064","1.064","1.064","1.064","1.064","1.064","1.064","1.064","1.064","1.064","1.064","1.064","1.064","1.064","1.064","1.064","1.064","1.063","1.064","1.064","1.064","1.064","1.064","1.065","1.065","1.065","1.064","1.064","1.063","1.063","1.063","1.063","1.063","1.063","1.063","1.063","1.064","1.064","1.065","1.068","1.073","1.09","1.07","1.04","1.08","1.06","1.098","1.116","1.121","1.105","1.112","1.119","1.123","1.138","1.122","1.128","1.122","1.121","1.148","1.115","1.121","1.12","1.111","1.109","1.106","",
"Vanuatu","VUT","Sex ratio at birth (male births per female births)","SP.POP.BRTH.MF","1.07","1.07","1.07","1.07","1.07","1.07","1.07","1.07","1.07","1.07","1.07","1.07","1.07","1.07","1.07","1.07","1.07","1.07","1.07","1.07","1.07","1.07","1.07","1.07","1.07","1.07","1.07","1.07","1.07","1.07","1.07","1.07","1.07","1.07","1.07","1.07","1.07","1.07","1.07","1.07","1.07","1.07","1.07","1.07","1.07","1.07","1.07","1.07","1.07","1.07","1.07","1.07","1.07","1.07","1.07","1.07","1.07","1.07","1.07","1.07","1.07","1.07","1.07","1.07","1.07","",
"World","WLD","Sex ratio at birth (male births per female births)","SP.POP.BRTH.MF","1.05280613236564","1.05260194657474","1.05373302600245","1.05421041490079","1.05395841332166","1.05396019268633","1.05405211664461","1.05400816470177","1.05434955708821","1.05448855612507","1.05498256181354","1.05472895881876","1.05499323170136","1.05492161847554","1.05529980874375","1.05558137997005","1.05610503464164","1.05613535623292","1.05631500442872","1.05639094172028","1.05672975816644","1.05755518851901","1.05769863377504","1.05804611216141","1.05873770957697","1.05955322828039","1.06094110192492","1.06287218538789","1.06438582502106","1.06524734388566","1.06707186484516","1.0684606701607","1.06965140942359","1.07162089068944","1.07348469495153","1.0747531436524","1.07555219659066","1.07621345298854","1.07637725774476","1.07610971476515","1.076374529932","1.07551242095792","1.07436169684378","1.07367821541152","1.07403123245521","1.07377212248856","1.07311404946114","1.07287455009991","1.07251941913047","1.07209678059925","1.07157719603001","1.0721169036174","1.07191216875443","1.06990089599241","1.06962367148883","1.06743935412214","1.06758168344186","1.06500054899943","1.064315944944","1.06316367278999","1.05861305695143","1.05687754094602","1.05612333686693","1.0555569171937","1.05483751019672","",
"Samoa","WSM","Sex ratio at birth (male births per female births)","SP.POP.BRTH.MF","1.076","1.076","1.076","1.076","1.076","1.077","1.077","1.078","1.078","1.078","1.079","1.079","1.078","1.078","1.077","1.077","1.077","1.077","1.077","1.077","1.076","1.076","1.076","1.076","1.076","1.076","1.076","1.076","1.075","1.075","1.075","1.075","1.075","1.075","1.075","1.073","1.073","1.073","1.074","1.075","1.076","1.076","1.076","1.075","1.076","1.076","1.076","1.076","1.076","1.077","1.077","1.077","1.077","1.077","1.077","1.077","1.077","1.077","1.076","1.076","1.076","1.076","1.076","1.076","1.076","",
"Kosovo","XKX","Sex ratio at birth (male births per female births)","SP.POP.BRTH.MF","1.069","1.069","1.069","1.069","1.069","1.069","1.069","1.069","1.069","1.069","1.069","1.069","1.069","1.069","1.069","1.069","1.069","1.069","1.07","1.07","1.069","1.07","1.088","1.109","1.107","1.078","1.092","1.101","1.104","1.108","1.112","1.113","1.102","1.1","1.097","1.095","1.093","1.09","1.088","1.086","1.083","1.081","1.079","1.102","1.081","1.092","1.09","1.107","1.079","1.079","1.117","1.088","1.108","1.121","1.122","1.102","1.103","1.097","1.091","1.107","1.083","1.08","1.075","1.071","1.069","",
"Yemen, Rep.","YEM","Sex ratio at birth (male births per female births)","SP.POP.BRTH.MF","1.06","1.06","1.06","1.061","1.061","1.061","1.062","1.062","1.063","1.063","1.064","1.064","1.064","1.064","1.063","1.064","1.064","1.065","1.066","1.067","1.066","1.066","1.064","1.063","1.061","1.06","1.059","1.057","1.058","1.058","1.058","1.059","1.058","1.059","1.059","1.059","1.06","1.06","1.06","1.061","1.061","1.062","1.062","1.061","1.059","1.058","1.059","1.059","1.059","1.059","1.059","1.059","1.058","1.058","1.058","1.058","1.058","1.058","1.058","1.059","1.059","1.059","1.059","1.059","1.059","",
"South Africa","ZAF","Sex ratio at birth (male births per female births)","SP.POP.BRTH.MF","1.039","1.04","1.04","1.04","1.04","1.04","1.04","1.04","1.04","1.04","1.04","1.04","1.04","1.04","1.04","1.04","1.041","1.041","1.04","1.041","1.041","1.041","1.041","1.041","1.04","1.04","1.039","1.039","1.039","1.038","1.038","1.039","1.038","1.039","1.039","1.039","1.039","1.039","1.04","1.04","1.041","1.041","1.042","1.042","1.043","1.043","1.043","1.043","1.043","1.044","1.044","1.043","1.043","1.043","1.042","1.042","1.042","1.041","1.041","1.041","1.041","1.04","1.04","1.04","1.04","",
"Zambia","ZMB","Sex ratio at birth (male births per female births)","SP.POP.BRTH.MF","1.011","1.011","1.011","1.011","1.011","1.011","1.011","1.011","1.011","1.011","1.01","1.01","1.01","1.01","1.009","1.009","1.009","1.008","1.008","1.007","1.007","1.006","1.004","1.004","1.004","1.004","1.004","1.004","1.004","1.004","1.004","1.004","1.004","1.004","1.004","1.005","1.006","1.006","1.006","1.006","1.007","1.006","1.006","1.007","1.008","1.009","1.009","1.01","1.011","1.012","1.012","1.012","1.012","1.012","1.012","1.012","1.012","1.011","1.011","1.011","1.011","1.011","1.011","1.011","1.011","",
"Zimbabwe","ZWE","Sex ratio at birth (male births per female births)","SP.POP.BRTH.MF","1.027","1.027","1.026","1.027","1.027","1.027","1.027","1.027","1.028","1.028","1.028","1.028","1.028","1.028","1.029","1.029","1.03","1.03","1.031","1.03","1.029","1.028","1.028","1.027","1.027","1.026","1.026","1.025","1.025","1.025","1.025","1.025","1.025","1.025","1.025","1.025","1.025","1.025","1.025","1.025","1.025","1.025","1.024","1.023","1.022","1.022","1.022","1.022","1.022","1.021","1.021","1.02","1.019","1.02","1.02","1.021","1.021","1.022","1.023","1.023","1.024","1.024","1.024","1.025","1.025","",
